metric,value
CAGR,6.843287668215749
Annualized Return,2.1529973691830078
Annualized Volatility,0.4175645040467266
Sharpe Ratio,5.156083307651269
Sortino Ratio,10.230291290021198
Max Drawdown,-0.10189188181286402
Calmar Ratio,67.16224635819586
Win Rate,0.63
Monthly Win Rate,1.0
Turnover (Annualized),77.62332820794366
Average Holding Count,9.95
Average Daily Turnover,0.3080290801902526
Beta vs SPY,1.4565062245918066
Alpha vs SPY,1.778123618570854
Information Ratio vs SPY,5.077159107693709
