metric,value
CAGR,6.4856300153144515
Annualized Return,2.108423794845918
Annualized Volatility,0.42198081249874997
Sharpe Ratio,4.996492097261327
Sortino Ratio,8.22888028346874
Max Drawdown,-0.08684409585913422
Calmar Ratio,74.68130045172548
Win Rate,0.65625
Monthly Win Rate,0.8
Turnover (Annualized),24.23093726091978
Average Holding Count,10.0
Average Daily Turnover,0.09615451294015787
Beta vs SPY,1.4934248844905351
Alpha vs SPY,1.75656498682583
Information Ratio vs SPY,4.997190285643319
