metric,value
CAGR,2.0755079710669992
Annualized Return,1.2767731641834832
Annualized Volatility,0.5487357309404384
Sharpe Ratio,2.3267541954946407
Sortino Ratio,3.2177636806343446
Max Drawdown,-0.24007620100086324
Calmar Ratio,8.645204990808466
Win Rate,0.57
Monthly Win Rate,0.8
Turnover (Annualized),117.48245449807163
Average Holding Count,10.0
Average Daily Turnover,0.466200216262189
Beta vs SPY,1.3828483267871559
Alpha vs SPY,0.9208573911934124
Information Ratio vs SPY,1.9660451171702833
