metric,value
CAGR,3.881928724411641
Annualized Return,1.6978259033731473
Annualized Volatility,0.4665928645368404
Sharpe Ratio,3.638773827067588
Sortino Ratio,5.734274641909313
Max Drawdown,-0.2071508573819536
Calmar Ratio,18.739621807376714
Win Rate,0.6
Monthly Win Rate,0.75
Turnover (Annualized),116.91295499356265
Average Holding Count,10.0
Average Daily Turnover,0.4639402975935026
Beta vs SPY,1.1590697749200418
Alpha vs SPY,1.550682147217374
Information Ratio vs SPY,3.602697842189971
