metric,value
CAGR,2.212683686211942
Annualized Return,1.265147718549794
Annualized Volatility,0.43891269535352984
Sharpe Ratio,2.882458702933527
Sortino Ratio,4.488771161254154
Max Drawdown,-0.11670993606979618
Calmar Ratio,18.95882870579835
Win Rate,0.6
Monthly Win Rate,0.75
Turnover (Annualized),72.59114528943384
Average Holding Count,10.0
Average Daily Turnover,0.2880601003548962
Beta vs SPY,0.8576286019718566
Alpha vs SPY,1.1562718798286356
Information Ratio vs SPY,2.7002616908121593
