metric,value
CAGR,1.9428361394999314
Annualized Return,1.1775331603133885
Annualized Volatility,0.4400321918525863
Sharpe Ratio,2.6760159418242515
Sortino Ratio,4.148707272172376
Max Drawdown,-0.11679622987537774
Calmar Ratio,16.634407990505764
Win Rate,0.6
Monthly Win Rate,0.75
Turnover (Annualized),72.97555114566407
Average Holding Count,10.0
Average Daily Turnover,0.28958552041930186
Beta vs SPY,0.882225045913608
Alpha vs SPY,1.06553480625452
Information Ratio vs SPY,2.4927249704915106
