metric,value
Total Return,5.48021156031742
CAGR,0.45577573847650177
Sharpe Ratio,1.5163160179278234
Sortino Ratio,2.1246591320322694
Max Drawdown,-0.24541601088327403
Turnover (Annualized),27.9234673874941
