metric,value
Total Return,5.443653153206229
CAGR,0.4536878409081784
Sharpe Ratio,1.5114422414748292
Sortino Ratio,2.118552783984402
Max Drawdown,-0.24541601088327314
Turnover (Annualized),27.901217612683347
