metric,value
Total Return,5.407870250938252
CAGR,0.4512017989835919
Sharpe Ratio,1.5060623361396404
Sortino Ratio,2.1112100519602035
Max Drawdown,-0.24541601088327314
Turnover (Annualized),27.97528590581558
