metric,value
Total Return,5.328632296346937
CAGR,0.44673592438533616
Sharpe Ratio,1.4954292246202885
Sortino Ratio,2.0976165117309944
Max Drawdown,-0.24541601088327314
Turnover (Annualized),27.930845419865115
