metric,value
Total Return,4.185314147488683
CAGR,0.3919992774883929
Sharpe Ratio,1.3740512444686714
Sortino Ratio,1.8947596078441642
Max Drawdown,-0.23823058718513979
Turnover (Annualized),31.610975590698164
