metric,value
Total Return,5.251288474756092
CAGR,0.44275938523970826
Sharpe Ratio,1.4854571269901502
Sortino Ratio,2.0851530186747262
Max Drawdown,-0.24541601088327314
Turnover (Annualized),27.9086780822303
