rank,rank_label,display_order,is_pinned,ticker,label,date,drawdown,close
1.0,1,1,False,US.SNDK,SNDK,2025-02-13,0.0,36.0
1.0,1,1,False,US.SNDK,SNDK,2025-02-14,0.0,36.65
1.0,1,1,False,US.SNDK,SNDK,2025-02-18,0.0,47.15
1.0,1,1,False,US.SNDK,SNDK,2025-02-19,-0.02439,46.0
1.0,1,1,False,US.SNDK,SNDK,2025-02-20,0.0,48.26
1.0,1,1,False,US.SNDK,SNDK,2025-02-21,0.0,50.37
1.0,1,1,False,US.SNDK,SNDK,2025-02-24,-0.03514,48.6
1.0,1,1,False,US.SNDK,SNDK,2025-02-25,-0.043875,48.16
1.0,1,1,False,US.SNDK,SNDK,2025-02-26,-0.075243,46.58
1.0,1,1,False,US.SNDK,SNDK,2025-02-27,-0.103435,45.16
1.0,1,1,False,US.SNDK,SNDK,2025-02-28,-0.069883,46.85
1.0,1,1,False,US.SNDK,SNDK,2025-03-03,-0.001191,50.31
1.0,1,1,False,US.SNDK,SNDK,2025-03-04,-0.033353,48.69
1.0,1,1,False,US.SNDK,SNDK,2025-03-05,-0.037721,48.47
1.0,1,1,False,US.SNDK,SNDK,2025-03-06,-0.076831,46.5
1.0,1,1,False,US.SNDK,SNDK,2025-03-07,0.0,51.0
1.0,1,1,False,US.SNDK,SNDK,2025-03-10,0.0,53.0
1.0,1,1,False,US.SNDK,SNDK,2025-03-11,-0.015849,52.16
1.0,1,1,False,US.SNDK,SNDK,2025-03-12,-0.048302,50.44
1.0,1,1,False,US.SNDK,SNDK,2025-03-13,-0.086038,48.44
1.0,1,1,False,US.SNDK,SNDK,2025-03-14,0.0,54.82
1.0,1,1,False,US.SNDK,SNDK,2025-03-17,0.0,55.65
1.0,1,1,False,US.SNDK,SNDK,2025-03-18,0.0,56.42
1.0,1,1,False,US.SNDK,SNDK,2025-03-19,-0.001595,56.33
1.0,1,1,False,US.SNDK,SNDK,2025-03-20,-0.003722,56.21
1.0,1,1,False,US.SNDK,SNDK,2025-03-21,-0.043602,53.96
1.0,1,1,False,US.SNDK,SNDK,2025-03-24,-0.060794,52.99
1.0,1,1,False,US.SNDK,SNDK,2025-03-25,-0.074796,52.2
1.0,1,1,False,US.SNDK,SNDK,2025-03-26,-0.067352,52.62
1.0,1,1,False,US.SNDK,SNDK,2025-03-27,-0.062744,52.88
1.0,1,1,False,US.SNDK,SNDK,2025-03-28,-0.132045,48.97
1.0,1,1,False,US.SNDK,SNDK,2025-03-31,-0.15615,47.61
1.0,1,1,False,US.SNDK,SNDK,2025-04-01,-0.147288,48.11
1.0,1,1,False,US.SNDK,SNDK,2025-04-02,-0.155087,47.67
1.0,1,1,False,US.SNDK,SNDK,2025-04-03,-0.321872,38.26
1.0,1,1,False,US.SNDK,SNDK,2025-04-04,-0.466324,30.11
1.0,1,1,False,US.SNDK,SNDK,2025-04-07,-0.442042,31.48
1.0,1,1,False,US.SNDK,SNDK,2025-04-08,-0.426622,32.35
1.0,1,1,False,US.SNDK,SNDK,2025-04-09,-0.351648,36.58
1.0,1,1,False,US.SNDK,SNDK,2025-04-10,-0.44922,31.075
1.0,1,1,False,US.SNDK,SNDK,2025-04-11,-0.433357,31.97
1.0,1,1,False,US.SNDK,SNDK,2025-04-14,-0.405353,33.55
1.0,1,1,False,US.SNDK,SNDK,2025-04-15,-0.411024,33.23
1.0,1,1,False,US.SNDK,SNDK,2025-04-16,-0.432294,32.03
1.0,1,1,False,US.SNDK,SNDK,2025-04-17,-0.445409,31.29
1.0,1,1,False,US.SNDK,SNDK,2025-04-21,-0.471641,29.81
1.0,1,1,False,US.SNDK,SNDK,2025-04-22,-0.475009,29.62
1.0,1,1,False,US.SNDK,SNDK,2025-04-23,-0.461893,30.36
1.0,1,1,False,US.SNDK,SNDK,2025-04-24,-0.427685,32.29
1.0,1,1,False,US.SNDK,SNDK,2025-04-25,-0.41776,32.85
1.0,1,1,False,US.SNDK,SNDK,2025-04-28,-0.42804,32.27
1.0,1,1,False,US.SNDK,SNDK,2025-04-29,-0.416164,32.94
1.0,1,1,False,US.SNDK,SNDK,2025-04-30,-0.430876,32.11
1.0,1,1,False,US.SNDK,SNDK,2025-05-01,-0.422368,32.59
1.0,1,1,False,US.SNDK,SNDK,2025-05-02,-0.390287,34.4
1.0,1,1,False,US.SNDK,SNDK,2025-05-05,-0.386565,34.61
1.0,1,1,False,US.SNDK,SNDK,2025-05-06,-0.40039,33.83
1.0,1,1,False,US.SNDK,SNDK,2025-05-07,-0.380184,34.97
1.0,1,1,False,US.SNDK,SNDK,2025-05-08,-0.35023,36.66
1.0,1,1,False,US.SNDK,SNDK,2025-05-09,-0.331088,37.74
1.0,1,1,False,US.SNDK,SNDK,2025-05-12,-0.268522,41.27
1.0,1,1,False,US.SNDK,SNDK,2025-05-13,-0.255583,42.0
1.0,1,1,False,US.SNDK,SNDK,2025-05-14,-0.256824,41.93
1.0,1,1,False,US.SNDK,SNDK,2025-05-15,-0.28146,40.54
1.0,1,1,False,US.SNDK,SNDK,2025-05-16,-0.283233,40.44
1.0,1,1,False,US.SNDK,SNDK,2025-05-19,-0.312655,38.78
1.0,1,1,False,US.SNDK,SNDK,2025-05-20,-0.287841,40.18
1.0,1,1,False,US.SNDK,SNDK,2025-05-21,-0.315845,38.6
1.0,1,1,False,US.SNDK,SNDK,2025-05-22,-0.329316,37.84
1.0,1,1,False,US.SNDK,SNDK,2025-05-23,-0.339241,37.28
1.0,1,1,False,US.SNDK,SNDK,2025-05-27,-0.32329,38.18
1.0,1,1,False,US.SNDK,SNDK,2025-05-28,-0.3162,38.58
1.0,1,1,False,US.SNDK,SNDK,2025-05-29,-0.315845,38.6
1.0,1,1,False,US.SNDK,SNDK,2025-05-30,-0.331974,37.69
1.0,1,1,False,US.SNDK,SNDK,2025-06-02,-0.338355,37.33
1.0,1,1,False,US.SNDK,SNDK,2025-06-03,-0.315136,38.64
1.0,1,1,False,US.SNDK,SNDK,2025-06-04,-0.294222,39.82
1.0,1,1,False,US.SNDK,SNDK,2025-06-05,-0.306629,39.12
1.0,1,1,False,US.SNDK,SNDK,2025-06-06,-0.306097,39.15
1.0,1,1,False,US.SNDK,SNDK,2025-06-09,-0.258773,41.82
1.0,1,1,False,US.SNDK,SNDK,2025-06-10,-0.26285,41.59
1.0,1,1,False,US.SNDK,SNDK,2025-06-11,-0.286955,40.23
1.0,1,1,False,US.SNDK,SNDK,2025-06-12,-0.26799,41.3
1.0,1,1,False,US.SNDK,SNDK,2025-06-13,-0.246721,42.5
1.0,1,1,False,US.SNDK,SNDK,2025-06-16,-0.216413,44.21
1.0,1,1,False,US.SNDK,SNDK,2025-06-17,-0.21854,44.09
1.0,1,1,False,US.SNDK,SNDK,2025-06-18,-0.173697,46.62
1.0,1,1,False,US.SNDK,SNDK,2025-06-20,-0.174406,46.58
1.0,1,1,False,US.SNDK,SNDK,2025-06-23,-0.167848,46.95
1.0,1,1,False,US.SNDK,SNDK,2025-06-24,-0.160936,47.34
1.0,1,1,False,US.SNDK,SNDK,2025-06-25,-0.162531,47.25
1.0,1,1,False,US.SNDK,SNDK,2025-06-26,-0.159163,47.44
1.0,1,1,False,US.SNDK,SNDK,2025-06-27,-0.164303,47.15
1.0,1,1,False,US.SNDK,SNDK,2025-06-30,-0.196207,45.35
1.0,1,1,False,US.SNDK,SNDK,2025-07-01,-0.203119,44.96
1.0,1,1,False,US.SNDK,SNDK,2025-07-02,-0.180964,46.21
1.0,1,1,False,US.SNDK,SNDK,2025-07-03,-0.177419,46.41
1.0,1,1,False,US.SNDK,SNDK,2025-07-07,-0.198511,45.22
1.0,1,1,False,US.SNDK,SNDK,2025-07-08,-0.181673,46.17
1.0,1,1,False,US.SNDK,SNDK,2025-07-09,-0.181141,46.2
1.0,1,1,False,US.SNDK,SNDK,2025-07-10,-0.167848,46.95
1.0,1,1,False,US.SNDK,SNDK,2025-07-11,-0.183091,46.09
1.0,1,1,False,US.SNDK,SNDK,2025-07-14,-0.247076,42.48
1.0,1,1,False,US.SNDK,SNDK,2025-07-15,-0.242822,42.72
1.0,1,1,False,US.SNDK,SNDK,2025-07-16,-0.266927,41.36
1.0,1,1,False,US.SNDK,SNDK,2025-07-17,-0.264091,41.52
1.0,1,1,False,US.SNDK,SNDK,2025-07-18,-0.252216,42.19
1.0,1,1,False,US.SNDK,SNDK,2025-07-21,-0.262496,41.61
1.0,1,1,False,US.SNDK,SNDK,2025-07-22,-0.266927,41.36
1.0,1,1,False,US.SNDK,SNDK,2025-07-23,-0.237859,43.0
1.0,1,1,False,US.SNDK,SNDK,2025-07-24,-0.25452,42.06
1.0,1,1,False,US.SNDK,SNDK,2025-07-25,-0.247076,42.48
1.0,1,1,False,US.SNDK,SNDK,2025-07-28,-0.257533,41.89
1.0,1,1,False,US.SNDK,SNDK,2025-07-29,-0.2391,42.93
1.0,1,1,False,US.SNDK,SNDK,2025-07-30,-0.230946,43.39
1.0,1,1,False,US.SNDK,SNDK,2025-07-31,-0.239277,42.92
1.0,1,1,False,US.SNDK,SNDK,2025-08-01,-0.267458,41.33
1.0,1,1,False,US.SNDK,SNDK,2025-08-04,-0.246544,42.51
1.0,1,1,False,US.SNDK,SNDK,2025-08-05,-0.256824,41.93
1.0,1,1,False,US.SNDK,SNDK,2025-08-06,-0.253811,42.1
1.0,1,1,False,US.SNDK,SNDK,2025-08-07,-0.278802,40.69
1.0,1,1,False,US.SNDK,SNDK,2025-08-08,-0.214108,44.34
1.0,1,1,False,US.SNDK,SNDK,2025-08-11,-0.231301,43.37
1.0,1,1,False,US.SNDK,SNDK,2025-08-12,-0.169975,46.83
1.0,1,1,False,US.SNDK,SNDK,2025-08-13,-0.166785,47.01
1.0,1,1,False,US.SNDK,SNDK,2025-08-14,-0.172634,46.68
1.0,1,1,False,US.SNDK,SNDK,2025-08-15,-0.210564,44.54
1.0,1,1,False,US.SNDK,SNDK,2025-08-18,-0.193194,45.52
1.0,1,1,False,US.SNDK,SNDK,2025-08-19,-0.209855,44.58
1.0,1,1,False,US.SNDK,SNDK,2025-08-20,-0.213045,44.4
1.0,1,1,False,US.SNDK,SNDK,2025-08-21,-0.193548,45.5
1.0,1,1,False,US.SNDK,SNDK,2025-08-22,-0.178128,46.37
1.0,1,1,False,US.SNDK,SNDK,2025-08-25,-0.170861,46.78
1.0,1,1,False,US.SNDK,SNDK,2025-08-26,-0.160759,47.35
1.0,1,1,False,US.SNDK,SNDK,2025-08-27,-0.141439,48.44
1.0,1,1,False,US.SNDK,SNDK,2025-08-28,-0.098369,50.87
1.0,1,1,False,US.SNDK,SNDK,2025-08-29,-0.070011,52.47
1.0,1,1,False,US.SNDK,SNDK,2025-09-02,-0.094825,51.07
1.0,1,1,False,US.SNDK,SNDK,2025-09-03,-0.06044,53.01
1.0,1,1,False,US.SNDK,SNDK,2025-09-04,0.0,62.5
1.0,1,1,False,US.SNDK,SNDK,2025-09-05,0.0,68.55
1.0,1,1,False,US.SNDK,SNDK,2025-09-08,0.0,70.495
1.0,1,1,False,US.SNDK,SNDK,2025-09-09,0.0,70.51
1.0,1,1,False,US.SNDK,SNDK,2025-09-10,0.0,73.92
1.0,1,1,False,US.SNDK,SNDK,2025-09-11,0.0,84.3
1.0,1,1,False,US.SNDK,SNDK,2025-09-12,0.0,86.13
1.0,1,1,False,US.SNDK,SNDK,2025-09-15,0.0,90.09
1.0,1,1,False,US.SNDK,SNDK,2025-09-16,0.0,91.55
1.0,1,1,False,US.SNDK,SNDK,2025-09-17,0.0,93.97
1.0,1,1,False,US.SNDK,SNDK,2025-09-18,0.0,98.87
1.0,1,1,False,US.SNDK,SNDK,2025-09-19,0.0,102.21
1.0,1,1,False,US.SNDK,SNDK,2025-09-22,0.0,102.92
1.0,1,1,False,US.SNDK,SNDK,2025-09-23,0.0,106.4
1.0,1,1,False,US.SNDK,SNDK,2025-09-24,-0.061748,99.83
1.0,1,1,False,US.SNDK,SNDK,2025-09-25,-0.113816,94.29
1.0,1,1,False,US.SNDK,SNDK,2025-09-26,-0.087218,97.12
1.0,1,1,False,US.SNDK,SNDK,2025-09-29,0.0,113.5
1.0,1,1,False,US.SNDK,SNDK,2025-09-30,-0.011454,112.2
1.0,1,1,False,US.SNDK,SNDK,2025-10-01,0.0,121.12
1.0,1,1,False,US.SNDK,SNDK,2025-10-02,0.0,124.14
1.0,1,1,False,US.SNDK,SNDK,2025-10-03,0.0,128.41
1.0,1,1,False,US.SNDK,SNDK,2025-10-06,-0.056382,121.17
1.0,1,1,False,US.SNDK,SNDK,2025-10-07,-0.058095,120.95
1.0,1,1,False,US.SNDK,SNDK,2025-10-08,0.0,131.88
1.0,1,1,False,US.SNDK,SNDK,2025-10-09,-0.016682,129.68
1.0,1,1,False,US.SNDK,SNDK,2025-10-10,-0.113512,116.91
1.0,1,1,False,US.SNDK,SNDK,2025-10-13,0.0,134.61
1.0,1,1,False,US.SNDK,SNDK,2025-10-14,-0.054379,127.29
1.0,1,1,False,US.SNDK,SNDK,2025-10-15,0.0,144.3
1.0,1,1,False,US.SNDK,SNDK,2025-10-16,-0.000208,144.27
1.0,1,1,False,US.SNDK,SNDK,2025-10-17,-0.02869,140.16
1.0,1,1,False,US.SNDK,SNDK,2025-10-20,0.0,148.04
1.0,1,1,False,US.SNDK,SNDK,2025-10-21,0.0,149.29
1.0,1,1,False,US.SNDK,SNDK,2025-10-22,-0.015674,146.95
1.0,1,1,False,US.SNDK,SNDK,2025-10-23,0.0,167.05
1.0,1,1,False,US.SNDK,SNDK,2025-10-24,0.0,186.16
1.0,1,1,False,US.SNDK,SNDK,2025-10-27,-0.051945,176.49
1.0,1,1,False,US.SNDK,SNDK,2025-10-28,-0.057101,175.53
1.0,1,1,False,US.SNDK,SNDK,2025-10-29,0.0,204.36
1.0,1,1,False,US.SNDK,SNDK,2025-10-30,-0.041789,195.82
1.0,1,1,False,US.SNDK,SNDK,2025-10-31,-0.024613,199.33
1.0,1,1,False,US.SNDK,SNDK,2025-11-03,0.0,207.01
1.0,1,1,False,US.SNDK,SNDK,2025-11-04,-0.060094,194.57
1.0,1,1,False,US.SNDK,SNDK,2025-11-05,0.0,216.5
1.0,1,1,False,US.SNDK,SNDK,2025-11-06,-0.040693,207.69
1.0,1,1,False,US.SNDK,SNDK,2025-11-07,0.0,239.48
1.0,1,1,False,US.SNDK,SNDK,2025-11-10,0.0,267.95
1.0,1,1,False,US.SNDK,SNDK,2025-11-11,0.0,271.58
1.0,1,1,False,US.SNDK,SNDK,2025-11-12,0.0,283.1
1.0,1,1,False,US.SNDK,SNDK,2025-11-13,-0.139633,243.57
1.0,1,1,False,US.SNDK,SNDK,2025-11-14,-0.102225,254.16
1.0,1,1,False,US.SNDK,SNDK,2025-11-17,-0.060827,265.88
1.0,1,1,False,US.SNDK,SNDK,2025-11-18,-0.134829,244.93
1.0,1,1,False,US.SNDK,SNDK,2025-11-19,-0.13119,245.96
1.0,1,1,False,US.SNDK,SNDK,2025-11-20,-0.307806,195.96
1.0,1,1,False,US.SNDK,SNDK,2025-11-21,-0.292582,200.27
1.0,1,1,False,US.SNDK,SNDK,2025-11-24,-0.198304,226.96
1.0,1,1,False,US.SNDK,SNDK,2025-11-25,-0.221123,220.5
1.0,1,1,False,US.SNDK,SNDK,2025-11-26,-0.24041,215.04
1.0,1,1,False,US.SNDK,SNDK,2025-11-28,-0.211303,223.28
1.0,1,1,False,US.SNDK,SNDK,2025-12-01,-0.257612,210.17
1.0,1,1,False,US.SNDK,SNDK,2025-12-02,-0.274638,205.35
1.0,1,1,False,US.SNDK,SNDK,2025-12-03,-0.313387,194.38
1.0,1,1,False,US.SNDK,SNDK,2025-12-04,-0.246521,213.31
1.0,1,1,False,US.SNDK,SNDK,2025-12-05,-0.192971,228.47
1.0,1,1,False,US.SNDK,SNDK,2025-12-08,-0.203568,225.47
1.0,1,1,False,US.SNDK,SNDK,2025-12-09,-0.224797,219.46
1.0,1,1,False,US.SNDK,SNDK,2025-12-10,-0.177464,232.86
1.0,1,1,False,US.SNDK,SNDK,2025-12-11,-0.146556,241.61
1.0,1,1,False,US.SNDK,SNDK,2025-12-12,-0.271706,206.18
1.0,1,1,False,US.SNDK,SNDK,2025-12-15,-0.28693,201.87
1.0,1,1,False,US.SNDK,SNDK,2025-12-16,-0.26065,209.31
1.0,1,1,False,US.SNDK,SNDK,2025-12-17,-0.26941,206.83
1.0,1,1,False,US.SNDK,SNDK,2025-12-18,-0.224797,219.46
1.0,1,1,False,US.SNDK,SNDK,2025-12-19,-0.160685,237.61
1.0,1,1,False,US.SNDK,SNDK,2025-12-22,-0.148534,241.05
1.0,1,1,False,US.SNDK,SNDK,2025-12-23,-0.134935,244.9
1.0,1,1,False,US.SNDK,SNDK,2025-12-24,-0.116637,250.08
1.0,1,1,False,US.SNDK,SNDK,2025-12-26,-0.116743,250.05
1.0,1,1,False,US.SNDK,SNDK,2025-12-29,-0.137231,244.25
1.0,1,1,False,US.SNDK,SNDK,2025-12-30,-0.151466,240.22
1.0,1,1,False,US.SNDK,SNDK,2025-12-31,-0.161498,237.38
1.0,1,1,False,US.SNDK,SNDK,2026-01-02,-0.027764,275.24
1.0,1,1,False,US.SNDK,SNDK,2026-01-05,-0.031862,274.08
1.0,1,1,False,US.SNDK,SNDK,2026-01-06,0.0,349.63
1.0,1,1,False,US.SNDK,SNDK,2026-01-07,0.0,353.56
1.0,1,1,False,US.SNDK,SNDK,2026-01-08,-0.053796,334.54
1.0,1,1,False,US.SNDK,SNDK,2026-01-09,0.0,377.41
1.0,1,1,False,US.SNDK,SNDK,2026-01-12,0.0,389.27
1.0,1,1,False,US.SNDK,SNDK,2026-01-13,0.0,389.81
1.0,1,1,False,US.SNDK,SNDK,2026-01-14,-0.005131,387.81
1.0,1,1,False,US.SNDK,SNDK,2026-01-15,0.0,409.24
1.0,1,1,False,US.SNDK,SNDK,2026-01-16,0.0,413.62
1.0,1,1,False,US.SNDK,SNDK,2026-01-20,0.0,453.12
1.0,1,1,False,US.SNDK,SNDK,2026-01-21,0.0,501.29
1.0,1,1,False,US.SNDK,SNDK,2026-01-22,0.0,503.44
1.0,1,1,False,US.SNDK,SNDK,2026-01-23,-0.058815,473.83
1.0,1,1,False,US.SNDK,SNDK,2026-01-26,-0.064834,470.8
1.0,1,1,False,US.SNDK,SNDK,2026-01-27,-0.043719,481.43
1.0,1,1,False,US.SNDK,SNDK,2026-01-28,0.0,527.63
1.0,1,1,False,US.SNDK,SNDK,2026-01-29,0.0,539.3
1.0,1,1,False,US.SNDK,SNDK,2026-01-30,0.0,576.25
1.0,1,1,False,US.SNDK,SNDK,2026-02-02,0.0,665.24
1.0,1,1,False,US.SNDK,SNDK,2026-02-03,0.0,695.51
1.0,1,1,False,US.SNDK,SNDK,2026-02-04,-0.159538,584.55
1.0,1,1,False,US.SNDK,SNDK,2026-02-05,-0.171543,576.2
1.0,1,1,False,US.SNDK,SNDK,2026-02-06,-0.140271,597.95
1.0,1,1,False,US.SNDK,SNDK,2026-02-09,-0.161191,583.4
1.0,1,1,False,US.SNDK,SNDK,2026-02-10,-0.221233,541.64
1.0,1,1,False,US.SNDK,SNDK,2026-02-11,-0.138273,599.34
1.0,1,1,False,US.SNDK,SNDK,2026-02-12,-0.093773,630.29
1.0,1,1,False,US.SNDK,SNDK,2026-02-13,-0.099136,626.56
1.0,1,1,False,US.SNDK,SNDK,2026-02-17,-0.150853,590.59
1.0,1,1,False,US.SNDK,SNDK,2026-02-18,-0.136749,600.4
1.0,1,1,False,US.SNDK,SNDK,2026-02-19,-0.107001,621.09
1.0,1,1,False,US.SNDK,SNDK,2026-02-20,-0.065477,649.97
1.0,1,1,False,US.SNDK,SNDK,2026-02-23,-0.041725,666.49
1.0,1,1,False,US.SNDK,SNDK,2026-02-24,-0.08194,638.52
1.0,1,1,False,US.SNDK,SNDK,2026-02-25,-0.090768,632.38
1.0,1,1,False,US.SNDK,SNDK,2026-02-26,-0.062702,651.9
1.0,1,1,False,US.SNDK,SNDK,2026-02-27,-0.086483,635.36
1.0,1,1,False,US.SNDK,SNDK,2026-03-02,-0.109891,619.08
1.0,1,1,False,US.SNDK,SNDK,2026-03-03,-0.187057,565.41
1.0,1,1,False,US.SNDK,SNDK,2026-03-04,-0.138675,599.06
1.0,1,1,False,US.SNDK,SNDK,2026-03-05,-0.186798,565.59
1.0,1,1,False,US.SNDK,SNDK,2026-03-06,-0.241808,527.33
1.0,1,1,False,US.SNDK,SNDK,2026-03-09,-0.153528,588.73
1.0,1,1,False,US.SNDK,SNDK,2026-03-10,-0.110164,618.89
1.0,1,1,False,US.SNDK,SNDK,2026-03-11,-0.057627,655.43
1.0,1,1,False,US.SNDK,SNDK,2026-03-12,-0.110264,618.82
1.0,1,1,False,US.SNDK,SNDK,2026-03-13,-0.048727,661.62
1.0,1,1,False,US.SNDK,SNDK,2026-03-16,0.0,703.63
1.0,1,1,False,US.SNDK,SNDK,2026-03-17,0.0,720.17
1.0,1,1,False,US.SNDK,SNDK,2026-03-18,0.0,753.69
1.0,1,1,False,US.SNDK,SNDK,2026-03-19,0.0,772.09
1.0,1,1,False,US.SNDK,SNDK,2026-03-20,-0.080794,709.71
1.0,1,1,False,US.SNDK,SNDK,2026-03-23,-0.090145,702.49
1.0,1,1,False,US.SNDK,SNDK,2026-03-24,-0.090158,702.48
1.0,1,1,False,US.SNDK,SNDK,2026-03-25,-0.122045,677.86
1.0,1,1,False,US.SNDK,SNDK,2026-03-26,-0.218783,603.17
1.0,1,1,False,US.SNDK,SNDK,2026-03-27,-0.202386,615.83
1.0,1,1,False,US.SNDK,SNDK,2026-03-30,-0.258506,572.5
1.0,1,1,False,US.SNDK,SNDK,2026-03-31,-0.177117,635.34
1.0,1,1,False,US.SNDK,SNDK,2026-04-01,-0.102786,692.73
1.0,1,1,False,US.SNDK,SNDK,2026-04-02,-0.091311,701.59
1.0,1,1,False,US.SNDK,SNDK,2026-04-06,-0.06147,724.63
1.0,1,1,False,US.SNDK,SNDK,2026-04-07,-0.079382,710.8
1.0,1,1,False,US.SNDK,SNDK,2026-04-08,0.0,780.9
1.0,1,1,False,US.SNDK,SNDK,2026-04-09,0.0,851.57
1.0,1,1,False,US.SNDK,SNDK,2026-04-10,0.0,851.77
1.0,1,1,False,US.SNDK,SNDK,2026-04-13,0.0,952.5
1.0,1,1,False,US.SNDK,SNDK,2026-04-14,-0.008441,944.46
1.0,1,1,False,US.SNDK,SNDK,2026-04-15,-0.063811,891.72
1.0,1,1,False,US.SNDK,SNDK,2026-04-16,-0.034677,919.47
1.0,1,1,False,US.SNDK,SNDK,2026-04-17,-0.033081,920.99
1.0,1,1,False,US.SNDK,SNDK,2026-04-20,-0.041449,913.02
1.0,1,1,False,US.SNDK,SNDK,2026-04-21,-0.051454,903.49
1.0,1,1,False,US.SNDK,SNDK,2026-04-22,0.0,979.07
1.0,1,1,False,US.SNDK,SNDK,2026-04-23,-0.047637,932.43
1.0,1,1,False,US.SNDK,SNDK,2026-04-24,0.0,989.9
1.0,1,1,False,US.SNDK,SNDK,2026-04-27,0.0,1070.2
1.0,1,1,False,US.SNDK,SNDK,2026-04-28,-0.063399,1002.35
1.0,1,1,False,US.SNDK,SNDK,2026-04-29,-0.005597,1064.21
1.0,1,1,False,US.SNDK,SNDK,2026-04-30,0.0,1096.51
1.0,1,1,False,US.SNDK,SNDK,2026-05-01,0.0,1187.0
1.0,1,1,False,US.SNDK,SNDK,2026-05-04,0.0,1255.86
1.0,1,1,False,US.SNDK,SNDK,2026-05-05,0.0,1406.32
1.0,1,1,False,US.SNDK,SNDK,2026-05-06,0.0,1409.98
1.0,1,1,False,US.SNDK,SNDK,2026-05-07,-0.04966,1339.96
1.0,1,1,False,US.SNDK,SNDK,2026-05-08,0.0,1562.34
1.0,1,1,False,US.SNDK,SNDK,2026-05-11,-0.00946,1547.56
1.0,1,1,False,US.SNDK,SNDK,2026-05-12,-0.070612,1452.02
1.0,1,1,False,US.SNDK,SNDK,2026-05-13,-0.073678,1447.23
1.0,1,1,False,US.SNDK,SNDK,2026-05-14,-0.114969,1382.72
1.0,1,1,False,US.SNDK,SNDK,2026-05-15,-0.099037,1407.61
1.0,1,1,False,US.SNDK,SNDK,2026-05-18,-0.146786,1333.01
1.0,1,1,False,US.SNDK,SNDK,2026-05-19,-0.114604,1383.29
1.0,1,1,False,US.SNDK,SNDK,2026-05-20,-0.10867,1392.56
1.0,1,1,False,US.SNDK,SNDK,2026-05-21,-0.012865,1542.24
1.0,1,1,False,US.SNDK,SNDK,2026-05-22,-0.053541,1478.69
1.0,1,1,False,US.SNDK,SNDK,2026-05-26,0.0,1589.55
1.0,1,1,False,US.SNDK,SNDK,2026-05-27,0.0,1589.94
1.0,1,1,False,US.SNDK,SNDK,2026-05-28,0.0,1641.64
1.0,1,1,False,US.SNDK,SNDK,2026-05-29,0.0,1694.98
1.0,1,1,False,US.SNDK,SNDK,2026-06-01,0.0,1761.43
1.0,1,1,False,US.SNDK,SNDK,2026-06-02,-0.025587,1716.36
1.0,1,1,False,US.SNDK,SNDK,2026-06-03,0.0,1831.5
1.0,1,1,False,US.SNDK,SNDK,2026-06-04,-0.039214,1759.68
1.0,1,1,False,US.SNDK,SNDK,2026-06-05,-0.14861,1559.32
1.0,1,1,False,US.SNDK,SNDK,2026-06-08,-0.103467,1642.0
1.0,1,1,False,US.SNDK,SNDK,2026-06-09,-0.100988,1646.54
1.0,1,1,False,US.SNDK,SNDK,2026-06-10,-0.102796,1643.23
1.0,1,1,False,US.SNDK,SNDK,2026-06-11,0.0,1881.51
1.0,1,1,False,US.SNDK,SNDK,2026-06-12,0.0,1980.1
1.0,1,1,False,US.SNDK,SNDK,2026-06-15,0.0,2107.86
1.0,1,1,False,US.SNDK,SNDK,2026-06-16,-0.055179,1991.55
1.0,1,1,False,US.SNDK,SNDK,2026-06-17,-0.070716,1958.8
1.0,1,1,False,US.SNDK,SNDK,2026-06-18,0.0,2184.75
1.0,1,1,False,US.SNDK,SNDK,2026-06-22,0.0,2273.73
1.0,1,1,False,US.SNDK,SNDK,2026-06-23,-0.136397,1963.6
1.0,1,1,False,US.SNDK,SNDK,2026-06-24,-0.158009,1914.46
1.0,1,1,False,US.SNDK,SNDK,2026-06-25,0.0,2335.0
1.0,1,1,False,US.SNDK,SNDK,2026-06-26,-0.104621,2090.71
1.0,1,1,False,US.SNDK,SNDK,2026-06-29,-0.121889,2050.39
1.0,1,1,False,US.SNDK,SNDK,2026-06-30,-0.02624,2273.73
1.0,1,1,False,US.SNDK,SNDK,2026-07-01,-0.12967,2032.22
1.0,1,1,False,US.SNDK,SNDK,2026-07-02,-0.252677,1745.0
1.0,1,1,False,US.SNDK,SNDK,2026-07-06,-0.252921,1744.43
1.0,1,1,False,US.SNDK,SNDK,2026-07-07,-0.307195,1617.7
1.0,1,1,False,US.SNDK,SNDK,2026-07-08,-0.260308,1727.18
1.0,1,1,False,US.SNDK,SNDK,2026-07-09,-0.204167,1858.27
1.0,1,1,False,US.SNDK,SNDK,2026-07-10,-0.179478,1915.92
1.0,1,1,False,US.SNDK,SNDK,2026-07-13,-0.283096,1673.97
1.0,1,1,False,US.SNDK,SNDK,2026-07-14,-0.247186,1757.82
1.0,1,1,False,US.SNDK,SNDK,2026-07-15,-0.308351,1615.0
1.0,1,1,False,US.SNDK,SNDK,2026-07-16,-0.395683,1411.08
1.0,1,1,False,US.SNDK,SNDK,2026-07-17,-0.419777,1354.82
1.0,1,1,False,US.SNDK,SNDK,2026-07-20,-0.404304,1390.95
1.0,1,1,False,US.SNDK,SNDK,2026-07-21,-0.319315,1589.4
1.0,1,1,False,US.SNDK,SNDK,2026-07-22,-0.315088,1599.27
1.0,1,1,False,US.SNDK,SNDK,2026-07-23,-0.310351,1610.33
1.0,1,1,False,US.SNDK,SNDK,2026-07-24,-0.384771,1436.56
1.0,1,1,False,US.SNDK,SNDK,2026-07-27,-0.452578,1278.23
1.0,1,1,False,US.SNDK,SNDK,2026-07-28,-0.530578,1096.1
1.0,1,1,False,US.SNDK,SNDK,2026-07-29,-0.564929,1015.89
1.0,1,1,False,US.SNDK,SNDK,2026-07-30,-0.451837,1279.96
1.0,1,1,False,US.SNDK,SNDK,2026-07-31,-0.47973,1214.83
1.0,1,1,False,US.SNDK,SNDK,2026-08-03,-0.448381,1288.03
1.0,1,1,False,US.SNDK,SNDK,2026-08-04,-0.3886,1427.62
1.0,1,1,False,US.SNDK,SNDK,2026-08-05,-0.421627,1350.5
1.0,1,1,False,US.SNDK,SNDK,2026-08-06,-0.460994,1258.58
1.0,1,1,False,US.SNDK,SNDK,2026-08-07,-0.480852,1212.21
1.0,1,1,False,US.SNDK,SNDK,2026-08-10,-0.469842,1237.92
1.0,1,1,False,US.SNDK,SNDK,2026-08-11,-0.455653,1271.05
1.0,1,1,False,US.SNDK,SNDK,2026-08-12,-0.424287,1344.29
1.0,1,1,False,US.SNDK,SNDK,2026-08-13,-0.345563,1528.11
1.0,1,1,False,US.SNDK,SNDK,2026-08-14,-0.297169,1641.11
1.0,1,1,False,US.SNDK,SNDK,2026-08-17,-0.234754,1786.85
1.0,1,1,False,US.SNDK,SNDK,2026-08-18,-0.303734,1625.78
1.0,1,1,False,US.SNDK,SNDK,2026-08-19,-0.328107,1568.87
1.0,1,1,False,US.SNDK,SNDK,2026-08-20,-0.31451,1600.62
1.0,1,1,False,US.SNDK,SNDK,2026-08-21,-0.316454,1596.08
1.0,1,1,False,US.SNDK,SNDK,2026-08-24,-0.360548,1493.12
1.0,1,1,False,US.SNDK,SNDK,2026-08-25,-0.365837,1480.77
1.0,1,1,False,US.SNDK,SNDK,2026-08-26,-0.357872,1499.37
1.0,1,1,False,US.SNDK,SNDK,2026-08-27,-0.364047,1484.95
1.0,1,1,False,US.SNDK,SNDK,2026-08-28,-0.364034,1484.98
1.0,1,1,False,US.SNDK,SNDK,2026-08-31,-0.329036,1566.7
1.0,1,1,False,US.SNDK,SNDK,2026-09-01,-0.341812,1536.87
1.0,1,1,False,US.SNDK,SNDK,2026-09-02,-0.334732,1553.4
1.0,1,1,False,US.SNDK,SNDK,2026-09-03,-0.334051,1554.99
1.0,1,1,False,US.SNDK,SNDK,2026-09-04,-0.254818,1740.0
1.0,1,1,False,US.SNDK,SNDK,2026-09-08,-0.235782,1784.45
2.0,2,2,False,US.MU,MU,2024-09-09,0.0,85.744015
2.0,2,2,False,US.MU,MU,2024-09-10,0.0,86.320479
2.0,2,2,False,US.MU,MU,2024-09-11,0.0,90.09731
2.0,2,2,False,US.MU,MU,2024-09-12,-0.037948,86.678284
2.0,2,2,False,US.MU,MU,2024-09-13,0.0,90.663835
2.0,2,2,False,US.MU,MU,2024-09-16,-0.044289,86.648467
2.0,2,2,False,US.MU,MU,2024-09-17,-0.027297,88.189016
2.0,2,2,False,US.MU,MU,2024-09-18,-0.042425,86.81743
2.0,2,2,False,US.MU,MU,2024-09-19,-0.021596,88.705846
2.0,2,2,False,US.MU,MU,2024-09-20,-0.003508,90.345786
2.0,2,2,False,US.MU,MU,2024-09-23,0.0,92.999507
2.0,2,2,False,US.MU,MU,2024-09-24,0.0,93.426885
2.0,2,2,False,US.MU,MU,2024-09-25,0.0,95.186094
2.0,2,2,False,US.MU,MU,2024-09-26,0.0,109.210065
2.0,2,2,False,US.MU,MU,2024-09-27,-0.02166,106.844576
2.0,2,2,False,US.MU,MU,2024-09-30,-0.056152,103.077684
2.0,2,2,False,US.MU,MU,2024-10-01,-0.087095,99.698413
2.0,2,2,False,US.MU,MU,2024-10-02,-0.091281,99.241218
2.0,2,2,False,US.MU,MU,2024-10-03,-0.073353,101.199207
2.0,2,2,False,US.MU,MU,2024-10-04,-0.069439,101.626585
2.0,2,2,False,US.MU,MU,2024-10-07,-0.062378,102.397728
2.0,2,2,False,US.MU,MU,2024-10-08,-0.065749,102.029569
2.0,2,2,False,US.MU,MU,2024-10-09,-0.073403,101.193751
2.0,2,2,False,US.MU,MU,2024-10-10,-0.037049,105.163889
2.0,2,2,False,US.MU,MU,2024-10-11,-0.025843,106.387766
2.0,2,2,False,US.MU,MU,2024-10-14,-0.012905,107.800698
2.0,2,2,False,US.MU,MU,2024-10-15,-0.049532,103.800709
2.0,2,2,False,US.MU,MU,2024-10-16,-0.004705,108.696218
2.0,2,2,False,US.MU,MU,2024-10-17,0.0,111.49223
2.0,2,2,False,US.MU,MU,2024-10-18,-0.008032,110.59671
2.0,2,2,False,US.MU,MU,2024-10-21,-0.026506,108.537014
2.0,2,2,False,US.MU,MU,2024-10-22,-0.037751,107.283286
2.0,2,2,False,US.MU,MU,2024-10-23,-0.062472,104.527075
2.0,2,2,False,US.MU,MU,2024-10-24,-0.046408,106.318115
2.0,2,2,False,US.MU,MU,2024-10-25,-0.036948,107.372838
2.0,2,2,False,US.MU,MU,2024-10-28,-0.050513,105.860405
2.0,2,2,False,US.MU,MU,2024-10-29,-0.034538,107.641494
2.0,2,2,False,US.MU,MU,2024-10-30,-0.071129,103.561903
2.0,2,2,False,US.MU,MU,2024-10-31,-0.110665,99.153955
2.0,2,2,False,US.MU,MU,2024-11-01,-0.109951,99.233557
2.0,2,2,False,US.MU,MU,2024-11-04,-0.092102,101.223601
2.0,2,2,False,US.MU,MU,2024-11-05,-0.058545,104.964885
2.0,2,2,False,US.MU,MU,2024-11-06,-0.001963,111.273325
2.0,2,2,False,US.MU,MU,2024-11-07,0.0,112.84546
2.0,2,2,False,US.MU,MU,2024-11-08,-0.013315,111.342976
2.0,2,2,False,US.MU,MU,2024-11-11,-0.041972,108.109155
2.0,2,2,False,US.MU,MU,2024-11-12,-0.082092,103.581804
2.0,2,2,False,US.MU,MU,2024-11-13,-0.118949,99.422611
2.0,2,2,False,US.MU,MU,2024-11-14,-0.125474,98.686295
2.0,2,2,False,US.MU,MU,2024-11-15,-0.150516,95.860432
2.0,2,2,False,US.MU,MU,2024-11-18,-0.140199,97.024608
2.0,2,2,False,US.MU,MU,2024-11-19,-0.138259,97.243513
2.0,2,2,False,US.MU,MU,2024-11-20,-0.132616,97.880327
2.0,2,2,False,US.MU,MU,2024-11-21,-0.093907,102.248474
2.0,2,2,False,US.MU,MU,2024-11-22,-0.094965,102.129072
2.0,2,2,False,US.MU,MU,2024-11-25,-0.078741,103.959912
2.0,2,2,False,US.MU,MU,2024-11-26,-0.102372,101.293253
2.0,2,2,False,US.MU,MU,2024-11-27,-0.134115,97.711173
2.0,2,2,False,US.MU,MU,2024-11-29,-0.13632,97.462418
2.0,2,2,False,US.MU,MU,2024-12-02,-0.131029,98.059431
2.0,2,2,False,US.MU,MU,2024-12-03,-0.119654,99.34301
2.0,2,2,False,US.MU,MU,2024-12-04,-0.090027,102.686284
2.0,2,2,False,US.MU,MU,2024-12-05,-0.110572,100.367882
2.0,2,2,False,US.MU,MU,2024-12-06,-0.107927,100.666389
2.0,2,2,False,US.MU,MU,2024-12-09,-0.093378,102.308176
2.0,2,2,False,US.MU,MU,2024-12-10,-0.134997,97.611671
2.0,2,2,False,US.MU,MU,2024-12-11,-0.100123,101.546984
2.0,2,2,False,US.MU,MU,2024-12-12,-0.133762,97.750974
2.0,2,2,False,US.MU,MU,2024-12-13,-0.0962,101.989768
2.0,2,2,False,US.MU,MU,2024-12-16,-0.04541,107.721096
2.0,2,2,False,US.MU,MU,2024-12-17,-0.042412,108.059403
2.0,2,2,False,US.MU,MU,2024-12-18,-0.083855,103.382799
2.0,2,2,False,US.MU,MU,2024-12-19,-0.232078,86.656477
2.0,2,2,False,US.MU,MU,2024-12-20,-0.205361,89.671394
2.0,2,2,False,US.MU,MU,2024-12-23,-0.208888,89.273386
2.0,2,2,False,US.MU,MU,2024-12-24,-0.212768,88.835576
2.0,2,2,False,US.MU,MU,2024-12-26,-0.208006,89.372888
2.0,2,2,False,US.MU,MU,2024-12-27,-0.218499,88.188811
2.0,2,2,False,US.MU,MU,2024-12-30,-0.246796,84.995622
2.0,2,2,False,US.MU,MU,2024-12-31,-0.25695,83.84986
2.0,2,2,False,US.MU,MU,2025-01-02,-0.228962,87.008178
2.0,2,2,False,US.MU,MU,2025-01-03,-0.206536,89.538818
2.0,2,2,False,US.MU,MU,2025-01-06,-0.123631,98.894215
2.0,2,2,False,US.MU,MU,2025-01-07,-0.100235,101.534449
2.0,2,2,False,US.MU,MU,2025-01-08,-0.122307,99.043662
2.0,2,2,False,US.MU,MU,2025-01-10,-0.122925,98.97392
2.0,2,2,False,US.MU,MU,2025-01-13,-0.160713,94.709692
2.0,2,2,False,US.MU,MU,2025-01-14,-0.140407,97.001217
2.0,2,2,False,US.MU,MU,2025-01-15,-0.088933,102.809732
2.0,2,2,False,US.MU,MU,2025-01-16,-0.094142,102.221907
2.0,2,2,False,US.MU,MU,2025-01-17,-0.066331,105.360298
2.0,2,2,False,US.MU,MU,2025-01-21,-0.034282,108.976921
2.0,2,2,False,US.MU,MU,2025-01-22,-0.035606,108.827474
2.0,2,2,False,US.MU,MU,2025-01-23,-0.074365,104.453652
2.0,2,2,False,US.MU,MU,2025-01-24,-0.088933,102.809732
2.0,2,2,False,US.MU,MU,2025-01-27,-0.195588,90.774249
2.0,2,2,False,US.MU,MU,2025-01-28,-0.220839,87.924788
2.0,2,2,False,US.MU,MU,2025-01-29,-0.214129,88.681987
2.0,2,2,False,US.MU,MU,2025-01-30,-0.183316,92.159126
2.0,2,2,False,US.MU,MU,2025-01-31,-0.19444,90.90377
2.0,2,2,False,US.MU,MU,2025-02-03,-0.206094,89.588634
2.0,2,2,False,US.MU,MU,2025-02-04,-0.199561,90.325907
2.0,2,2,False,US.MU,MU,2025-02-05,-0.173604,93.255073
2.0,2,2,False,US.MU,MU,2025-02-06,-0.165304,94.191609
2.0,2,2,False,US.MU,MU,2025-02-07,-0.185081,91.959863
2.0,2,2,False,US.MU,MU,2025-02-10,-0.153032,95.576486
2.0,2,2,False,US.MU,MU,2025-02-11,-0.169366,93.733304
2.0,2,2,False,US.MU,MU,2025-02-12,-0.190555,91.342148
2.0,2,2,False,US.MU,MU,2025-02-13,-0.155416,95.307481
2.0,2,2,False,US.MU,MU,2025-02-14,-0.121336,99.153257
2.0,2,2,False,US.MU,MU,2025-02-18,-0.057149,106.396466
2.0,2,2,False,US.MU,MU,2025-02-19,-0.078603,103.975421
2.0,2,2,False,US.MU,MU,2025-02-20,-0.089022,102.799769
2.0,2,2,False,US.MU,MU,2025-02-21,-0.12734,98.475763
2.0,2,2,False,US.MU,MU,2025-02-24,-0.157623,95.058403
2.0,2,2,False,US.MU,MU,2025-02-25,-0.176959,92.876473
2.0,2,2,False,US.MU,MU,2025-02-26,-0.137316,97.349927
2.0,2,2,False,US.MU,MU,2025-02-27,-0.189319,91.481632
2.0,2,2,False,US.MU,MU,2025-02-28,-0.173339,93.284962
2.0,2,2,False,US.MU,MU,2025-03-03,-0.20062,90.206349
2.0,2,2,False,US.MU,MU,2025-03-04,-0.194793,90.863917
2.0,2,2,False,US.MU,MU,2025-03-05,-0.16707,93.992346
2.0,2,2,False,US.MU,MU,2025-03-06,-0.211833,88.941029
2.0,2,2,False,US.MU,MU,2025-03-07,-0.179254,92.617431
2.0,2,2,False,US.MU,MU,2025-03-10,-0.231169,86.7591
2.0,2,2,False,US.MU,MU,2025-03-11,-0.213776,88.72184
2.0,2,2,False,US.MU,MU,2025-03-12,-0.155592,95.287555
2.0,2,2,False,US.MU,MU,2025-03-13,-0.162303,94.530356
2.0,2,2,False,US.MU,MU,2025-03-14,-0.110123,100.418577
2.0,2,2,False,US.MU,MU,2025-03-17,-0.08964,102.730027
2.0,2,2,False,US.MU,MU,2025-03-18,-0.101912,101.345149
2.0,2,2,False,US.MU,MU,2025-03-19,-0.09891,101.683897
2.0,2,2,False,US.MU,MU,2025-03-20,-0.090611,102.620433
2.0,2,2,False,US.MU,MU,2025-03-21,-0.163715,94.370945
2.0,2,2,False,US.MU,MU,2025-03-24,-0.144115,96.582764
2.0,2,2,False,US.MU,MU,2025-03-25,-0.168483,93.832935
2.0,2,2,False,US.MU,MU,2025-03-26,-0.186582,91.79049
2.0,2,2,False,US.MU,MU,2025-03-27,-0.195146,90.824064
2.0,2,2,False,US.MU,MU,2025-03-28,-0.219161,88.114088
2.0,2,2,False,US.MU,MU,2025-03-31,-0.231848,86.682515
2.0,2,2,False,US.MU,MU,2025-04-01,-0.215758,88.498169
2.0,2,2,False,US.MU,MU,2025-04-02,-0.21673,88.388431
2.0,2,2,False,US.MU,MU,2025-04-03,-0.342796,74.162483
2.0,2,2,False,US.MU,MU,2025-04-04,-0.427842,64.565455
2.0,2,2,False,US.MU,MU,2025-04-07,-0.395574,68.206739
2.0,2,2,False,US.MU,MU,2025-04-08,-0.420593,65.383496
2.0,2,2,False,US.MU,MU,2025-04-09,-0.311589,77.684054
2.0,2,2,False,US.MU,MU,2025-04-10,-0.380722,69.882727
2.0,2,2,False,US.MU,MU,2025-04-11,-0.385142,69.383921
2.0,2,2,False,US.MU,MU,2025-04-14,-0.372147,70.850411
2.0,2,2,False,US.MU,MU,2025-04-15,-0.37197,70.870363
2.0,2,2,False,US.MU,MU,2025-04-16,-0.387087,69.164446
2.0,2,2,False,US.MU,MU,2025-04-17,-0.391773,68.635712
2.0,2,2,False,US.MU,MU,2025-04-21,-0.409984,66.580631
2.0,2,2,False,US.MU,MU,2025-04-22,-0.379307,70.042345
2.0,2,2,False,US.MU,MU,2025-04-23,-0.355261,72.75585
2.0,2,2,False,US.MU,MU,2025-04-24,-0.315567,77.235128
2.0,2,2,False,US.MU,MU,2025-04-25,-0.294704,79.589493
2.0,2,2,False,US.MU,MU,2025-04-28,-0.305489,78.372406
2.0,2,2,False,US.MU,MU,2025-04-29,-0.320341,76.696418
2.0,2,2,False,US.MU,MU,2025-04-30,-0.319722,76.76625
2.0,2,2,False,US.MU,MU,2025-05-01,-0.312473,77.584292
2.0,2,2,False,US.MU,MU,2025-05-02,-0.286394,80.527248
2.0,2,2,False,US.MU,MU,2025-05-05,-0.289046,80.227964
2.0,2,2,False,US.MU,MU,2025-05-06,-0.28825,80.317749
2.0,2,2,False,US.MU,MU,2025-05-07,-0.269597,82.422711
2.0,2,2,False,US.MU,MU,2025-05-08,-0.24723,84.94667
2.0,2,2,False,US.MU,MU,2025-05-09,-0.240953,85.654974
2.0,2,2,False,US.MU,MU,2025-05-12,-0.184109,92.06962
2.0,2,2,False,US.MU,MU,2025-05-13,-0.143089,96.69854
2.0,2,2,False,US.MU,MU,2025-05-14,-0.157322,95.092385
2.0,2,2,False,US.MU,MU,2025-05-15,-0.156173,95.222074
2.0,2,2,False,US.MU,MU,2025-05-16,-0.133629,97.765985
2.0,2,2,False,US.MU,MU,2025-05-19,-0.127883,98.414433
2.0,2,2,False,US.MU,MU,2025-05-20,-0.132745,97.865746
2.0,2,2,False,US.MU,MU,2025-05-21,-0.152725,95.611143
2.0,2,2,False,US.MU,MU,2025-05-22,-0.161654,94.603555
2.0,2,2,False,US.MU,MU,2025-05-23,-0.174561,93.147041
2.0,2,2,False,US.MU,MU,2025-05-27,-0.147951,96.149853
2.0,2,2,False,US.MU,MU,2025-05-28,-0.149719,95.950331
2.0,2,2,False,US.MU,MU,2025-05-29,-0.144238,96.56885
2.0,2,2,False,US.MU,MU,2025-05-30,-0.164925,94.234438
2.0,2,2,False,US.MU,MU,2025-06-02,-0.132038,97.945555
2.0,2,2,False,US.MU,MU,2025-06-03,-0.096057,102.005836
2.0,2,2,False,US.MU,MU,2025-06-04,-0.087217,103.003448
2.0,2,2,False,US.MU,MU,2025-06-05,-0.060342,106.036189
2.0,2,2,False,US.MU,MU,2025-06-06,-0.040274,108.300769
2.0,2,2,False,US.MU,MU,2025-06-09,-0.019145,110.685061
2.0,2,2,False,US.MU,MU,2025-06-10,0.0,113.867444
2.0,2,2,False,US.MU,MU,2025-06-11,0.0,115.752931
2.0,2,2,False,US.MU,MU,2025-06-12,0.0,115.902573
2.0,2,2,False,US.MU,MU,2025-06-13,-0.004992,115.323958
2.0,2,2,False,US.MU,MU,2025-06-16,0.0,119.553833
2.0,2,2,False,US.MU,MU,2025-06-17,0.0,120.052639
2.0,2,2,False,US.MU,MU,2025-06-18,0.0,121.529105
2.0,2,2,False,US.MU,MU,2025-06-20,0.0,123.304854
2.0,2,2,False,US.MU,MU,2025-06-23,-0.012298,121.788484
2.0,2,2,False,US.MU,MU,2025-06-24,0.0,127.604563
2.0,2,2,False,US.MU,MU,2025-06-25,-0.00516,126.946139
2.0,2,2,False,US.MU,MU,2025-06-26,-0.014932,125.699123
2.0,2,2,False,US.MU,MU,2025-06-27,-0.024627,124.462084
2.0,2,2,False,US.MU,MU,2025-06-30,-0.036432,122.95569
2.0,2,2,False,US.MU,MU,2025-07-01,-0.054882,120.601326
2.0,2,2,False,US.MU,MU,2025-07-02,-0.048237,121.449296
2.0,2,2,False,US.MU,MU,2025-07-03,-0.043937,121.997983
2.0,2,2,False,US.MU,MU,2025-07-07,-0.061583,119.74625
2.0,2,2,False,US.MU,MU,2025-07-08,-0.026369,124.23973
2.0,2,2,False,US.MU,MU,2025-07-09,-0.043428,122.062888
2.0,2,2,False,US.MU,MU,2025-07-10,-0.03662,122.931628
2.0,2,2,False,US.MU,MU,2025-07-11,-0.025508,124.34957
2.0,2,2,False,US.MU,MU,2025-07-14,-0.071835,118.438148
2.0,2,2,False,US.MU,MU,2025-07-15,-0.060097,119.935975
2.0,2,2,False,US.MU,MU,2025-07-16,-0.088894,116.261306
2.0,2,2,False,US.MU,MU,2025-07-17,-0.1137,113.095899
2.0,2,2,False,US.MU,MU,2025-07-18,-0.104858,114.224262
2.0,2,2,False,US.MU,MU,2025-07-21,-0.113935,113.065943
2.0,2,2,False,US.MU,MU,2025-07-22,-0.145315,109.061753
2.0,2,2,False,US.MU,MU,2025-07-23,-0.140541,109.670869
2.0,2,2,False,US.MU,MU,2025-07-24,-0.125673,111.568116
2.0,2,2,False,US.MU,MU,2025-07-25,-0.129351,111.098797
2.0,2,2,False,US.MU,MU,2025-07-28,-0.129429,111.088812
2.0,2,2,False,US.MU,MU,2025-07-29,-0.123873,111.797783
2.0,2,2,False,US.MU,MU,2025-07-30,-0.102119,114.573755
2.0,2,2,False,US.MU,MU,2025-07-31,-0.145941,108.981869
2.0,2,2,False,US.MU,MU,2025-08-01,-0.179277,104.728041
2.0,2,2,False,US.MU,MU,2025-08-04,-0.156661,107.613854
2.0,2,2,False,US.MU,MU,2025-08-05,-0.146567,108.901985
2.0,2,2,False,US.MU,MU,2025-08-06,-0.148758,108.62239
2.0,2,2,False,US.MU,MU,2025-08-07,-0.124577,111.707913
2.0,2,2,False,US.MU,MU,2025-08-08,-0.069643,118.717742
2.0,2,2,False,US.MU,MU,2025-08-11,-0.031847,123.540744
2.0,2,2,False,US.MU,MU,2025-08-12,-0.000311,127.564905
2.0,2,2,False,US.MU,MU,2025-08-13,-0.027543,124.089947
2.0,2,2,False,US.MU,MU,2025-08-14,-0.019561,125.108469
2.0,2,2,False,US.MU,MU,2025-08-15,-0.054149,120.694873
2.0,2,2,False,US.MU,MU,2025-08-18,-0.033177,123.37099
2.0,2,2,False,US.MU,MU,2025-08-19,-0.044915,121.873164
2.0,2,2,False,US.MU,MU,2025-08-20,-0.08279,117.040176
2.0,2,2,False,US.MU,MU,2025-08-21,-0.093902,115.622234
2.0,2,2,False,US.MU,MU,2025-08-22,-0.079112,117.509495
2.0,2,2,False,US.MU,MU,2025-08-25,-0.088972,116.251321
2.0,2,2,False,US.MU,MU,2025-08-26,-0.088346,116.331205
2.0,2,2,False,US.MU,MU,2025-08-27,-0.078564,117.579394
2.0,2,2,False,US.MU,MU,2025-08-28,-0.045307,121.823236
2.0,2,2,False,US.MU,MU,2025-08-29,-0.068704,118.837568
2.0,2,2,False,US.MU,MU,2025-09-02,-0.072852,118.308336
2.0,2,2,False,US.MU,MU,2025-09-03,-0.070974,118.547988
2.0,2,2,False,US.MU,MU,2025-09-04,-0.028013,124.030034
2.0,2,2,False,US.MU,MU,2025-09-05,0.0,131.17966
2.0,2,2,False,US.MU,MU,2025-09-08,0.0,131.26953
2.0,2,2,False,US.MU,MU,2025-09-09,0.0,135.044053
2.0,2,2,False,US.MU,MU,2025-09-10,0.0,139.797156
2.0,2,2,False,US.MU,MU,2025-09-11,0.0,150.351842
2.0,2,2,False,US.MU,MU,2025-09-12,0.0,157.002192
2.0,2,2,False,US.MU,MU,2025-09-15,0.0,157.54141
2.0,2,2,False,US.MU,MU,2025-09-16,0.0,158.589888
2.0,2,2,False,US.MU,MU,2025-09-17,0.0,159.758193
2.0,2,2,False,US.MU,MU,2025-09-18,0.0,168.645298
2.0,2,2,False,US.MU,MU,2025-09-19,-0.036473,162.494223
2.0,2,2,False,US.MU,MU,2025-09-22,-0.025283,164.381485
2.0,2,2,False,US.MU,MU,2025-09-23,-0.014684,166.168891
2.0,2,2,False,US.MU,MU,2025-09-24,-0.042513,161.475701
2.0,2,2,False,US.MU,MU,2025-09-25,-0.071407,156.602772
2.0,2,2,False,US.MU,MU,2025-09-26,-0.068802,157.042134
2.0,2,2,False,US.MU,MU,2025-09-29,-0.029546,163.662528
2.0,2,2,False,US.MU,MU,2025-09-30,-0.009296,167.077573
2.0,2,2,False,US.MU,MU,2025-10-01,0.0,181.886086
2.0,2,2,False,US.MU,MU,2025-10-02,0.0,183.483768
2.0,2,2,False,US.MU,MU,2025-10-03,0.0,187.675313
2.0,2,2,False,US.MU,MU,2025-10-06,0.0,190.802735
2.0,2,2,False,US.MU,MU,2025-10-07,-0.027597,185.537075
2.0,2,2,False,US.MU,MU,2025-10-08,0.0,196.37814
2.0,2,2,False,US.MU,MU,2025-10-09,-0.021421,192.171607
2.0,2,2,False,US.MU,MU,2025-10-10,-0.076015,181.450444
2.0,2,2,False,US.MU,MU,2025-10-13,-0.019182,192.611245
2.0,2,2,False,US.MU,MU,2025-10-14,-0.048234,186.905947
2.0,2,2,False,US.MU,MU,2025-10-15,-0.023405,191.781928
2.0,2,2,False,US.MU,MU,2025-10-16,0.0,202.363207
2.0,2,2,False,US.MU,MU,2025-10-17,-0.000741,202.21333
2.0,2,2,False,US.MU,MU,2025-10-20,0.0,206.599715
2.0,2,2,False,US.MU,MU,2025-10-21,-0.021667,202.123404
2.0,2,2,False,US.MU,MU,2025-10-22,-0.040141,198.30655
2.0,2,2,False,US.MU,MU,2025-10-23,-0.00029,206.539764
2.0,2,2,False,US.MU,MU,2025-10-24,0.0,218.839627
2.0,2,2,False,US.MU,MU,2025-10-27,0.0,219.918737
2.0,2,2,False,US.MU,MU,2025-10-28,0.0,221.727246
2.0,2,2,False,US.MU,MU,2025-10-29,0.0,226.443359
2.0,2,2,False,US.MU,MU,2025-10-30,-0.011561,223.825517
2.0,2,2,False,US.MU,MU,2025-10-31,-0.01262,223.585715
2.0,2,2,False,US.MU,MU,2025-11-03,0.0,234.506713
2.0,2,2,False,US.MU,MU,2025-11-04,-0.071027,217.850442
2.0,2,2,False,US.MU,MU,2025-11-05,0.0,237.304407
2.0,2,2,False,US.MU,MU,2025-11-06,0.0,238.133724
2.0,2,2,False,US.MU,MU,2025-11-07,-0.00172,237.724061
2.0,2,2,False,US.MU,MU,2025-11-10,0.0,253.091395
2.0,2,2,False,US.MU,MU,2025-11-11,-0.048125,240.911434
2.0,2,2,False,US.MU,MU,2025-11-12,-0.033162,244.698313
2.0,2,2,False,US.MU,MU,2025-11-13,-0.064548,236.75486
2.0,2,2,False,US.MU,MU,2025-11-14,-0.025543,246.626724
2.0,2,2,False,US.MU,MU,2025-11-17,-0.044809,241.750743
2.0,2,2,False,US.MU,MU,2025-11-18,-0.097908,228.311819
2.0,2,2,False,US.MU,MU,2025-11-19,-0.108093,225.733944
2.0,2,2,False,US.MU,MU,2025-11-20,-0.205014,201.204162
2.0,2,2,False,US.MU,MU,2025-11-21,-0.181326,207.199221
2.0,2,2,False,US.MU,MU,2025-11-24,-0.115949,223.745583
2.0,2,2,False,US.MU,MU,2025-11-25,-0.113581,224.345089
2.0,2,2,False,US.MU,MU,2025-11-26,-0.090959,230.07037
2.0,2,2,False,US.MU,MU,2025-11-28,-0.066403,236.285247
2.0,2,2,False,US.MU,MU,2025-12-01,-0.050691,240.26197
2.0,2,2,False,US.MU,MU,2025-12-02,-0.05452,239.292768
2.0,2,2,False,US.MU,MU,2025-12-03,-0.075563,233.967158
2.0,2,2,False,US.MU,MU,2025-12-04,-0.105211,226.463343
2.0,2,2,False,US.MU,MU,2025-12-05,-0.063482,237.024638
2.0,2,2,False,US.MU,MU,2025-12-08,-0.025188,246.71665
2.0,2,2,False,US.MU,MU,2025-12-09,-0.003474,252.21212
2.0,2,2,False,US.MU,MU,2025-12-10,0.0,263.492822
2.0,2,2,False,US.MU,MU,2025-12-11,-0.019908,258.247146
2.0,2,2,False,US.MU,MU,2025-12-12,-0.085586,240.94141
2.0,2,2,False,US.MU,MU,2025-12-15,-0.099389,237.304407
2.0,2,2,False,US.MU,MU,2025-12-16,-0.118312,232.318517
2.0,2,2,False,US.MU,MU,2025-12-17,-0.144818,225.334273
2.0,2,2,False,US.MU,MU,2025-12-18,-0.057487,248.345307
2.0,2,2,False,US.MU,MU,2025-12-19,0.0,265.701002
2.0,2,2,False,US.MU,MU,2025-12-22,0.0,276.362215
2.0,2,2,False,US.MU,MU,2025-12-23,-0.001157,276.042478
2.0,2,2,False,US.MU,MU,2025-12-24,0.0,286.443905
2.0,2,2,False,US.MU,MU,2025-12-26,-0.006593,284.555462
2.0,2,2,False,US.MU,MU,2025-12-29,0.0,294.246391
2.0,2,2,False,US.MU,MU,2025-12-30,-0.005911,292.507122
2.0,2,2,False,US.MU,MU,2025-12-31,-0.030438,285.290153
2.0,2,2,False,US.MU,MU,2026-01-02,0.0,315.287552
2.0,2,2,False,US.MU,MU,2026-01-05,-0.010367,312.018925
2.0,2,2,False,US.MU,MU,2026-01-06,0.0,343.28579
2.0,2,2,False,US.MU,MU,2026-01-07,-0.011298,339.40742
2.0,2,2,False,US.MU,MU,2026-01-08,-0.047783,326.882681
2.0,2,2,False,US.MU,MU,2026-01-09,0.0,344.945093
2.0,2,2,False,US.MU,MU,2026-01-12,0.0,345.724766
2.0,2,2,False,US.MU,MU,2026-01-13,-0.022378,337.988016
2.0,2,2,False,US.MU,MU,2026-01-14,-0.036199,333.210023
2.0,2,2,False,US.MU,MU,2026-01-15,-0.026715,336.488646
2.0,2,2,False,US.MU,MU,2026-01-16,0.0,362.597678
2.0,2,2,False,US.MU,MU,2026-01-20,0.0,364.846733
2.0,2,2,False,US.MU,MU,2026-01-21,0.0,388.946609
2.0,2,2,False,US.MU,MU,2026-01-22,0.0,397.413052
2.0,2,2,False,US.MU,MU,2026-01-23,0.0,399.482183
2.0,2,2,False,US.MU,MU,2026-01-26,-0.026423,388.926617
2.0,2,2,False,US.MU,MU,2026-01-27,0.0,410.067736
2.0,2,2,False,US.MU,MU,2026-01-28,0.0,435.097222
2.0,2,2,False,US.MU,MU,2026-01-29,0.0,435.607007
2.0,2,2,False,US.MU,MU,2026-01-30,-0.047982,414.705788
2.0,2,2,False,US.MU,MU,2026-02-02,0.0,437.616163
2.0,2,2,False,US.MU,MU,2026-02-03,-0.041937,419.263873
2.0,2,2,False,US.MU,MU,2026-02-04,-0.133394,379.240686
2.0,2,2,False,US.MU,MU,2026-02-05,-0.125423,382.729221
2.0,2,2,False,US.MU,MU,2026-02-06,-0.09847,394.524266
2.0,2,2,False,US.MU,MU,2026-02-09,-0.124029,383.338965
2.0,2,2,False,US.MU,MU,2026-02-10,-0.147442,373.093269
2.0,2,2,False,US.MU,MU,2026-02-11,-0.062723,410.167694
2.0,2,2,False,US.MU,MU,2026-02-12,-0.054431,413.79617
2.0,2,2,False,US.MU,MU,2026-02-13,-0.059708,411.48714
2.0,2,2,False,US.MU,MU,2026-02-17,-0.086843,399.612128
2.0,2,2,False,US.MU,MU,2026-02-18,-0.038488,420.773239
2.0,2,2,False,US.MU,MU,2026-02-19,-0.046711,417.174751
2.0,2,2,False,US.MU,MU,2026-02-20,-0.021996,427.990207
2.0,2,2,False,US.MU,MU,2026-02-23,-0.038442,420.79323
2.0,2,2,False,US.MU,MU,2026-02-24,-0.045203,417.834473
2.0,2,2,False,US.MU,MU,2026-02-25,-0.020101,428.819859
2.0,2,2,False,US.MU,MU,2026-02-26,-0.050799,415.385502
2.0,2,2,False,US.MU,MU,2026-02-27,-0.058086,412.196842
2.0,2,2,False,US.MU,MU,2026-03-02,-0.057401,412.496716
2.0,2,2,False,US.MU,MU,2026-03-03,-0.132755,379.520569
2.0,2,2,False,US.MU,MU,2026-03-04,-0.084582,400.601713
2.0,2,2,False,US.MU,MU,2026-03-05,-0.093079,396.883275
2.0,2,2,False,US.MU,MU,2026-03-06,-0.15418,370.144507
2.0,2,2,False,US.MU,MU,2026-03-09,-0.110735,389.156521
2.0,2,2,False,US.MU,MU,2026-03-10,-0.079237,402.94073
2.0,2,2,False,US.MU,MU,2026-03-11,-0.04365,418.514188
2.0,2,2,False,US.MU,MU,2026-03-12,-0.074121,405.179789
2.0,2,2,False,US.MU,MU,2026-03-13,-0.026656,425.951064
2.0,2,2,False,US.MU,MU,2026-03-16,0.0,441.614484
2.0,2,2,False,US.MU,MU,2026-03-17,0.0,461.496132
2.0,2,2,False,US.MU,MU,2026-03-18,0.0,461.536115
2.0,2,2,False,US.MU,MU,2026-03-19,-0.037814,444.083447
2.0,2,2,False,US.MU,MU,2026-03-20,-0.084097,422.72242
2.0,2,2,False,US.MU,MU,2026-03-23,-0.124272,404.180209
2.0,2,2,False,US.MU,MU,2026-03-24,-0.143374,395.363913
2.0,2,2,False,US.MU,MU,2026-03-25,-0.172482,381.929557
2.0,2,2,False,US.MU,MU,2026-03-26,-0.230156,355.310739
2.0,2,2,False,US.MU,MU,2026-03-27,-0.226344,357.07
2.0,2,2,False,US.MU,MU,2026-03-30,-0.302763,321.8
2.0,2,2,False,US.MU,MU,2026-03-31,-0.26801,337.84
2.0,2,2,False,US.MU,MU,2026-04-01,-0.202988,367.85
2.0,2,2,False,US.MU,MU,2026-04-02,-0.206476,366.24
2.0,2,2,False,US.MU,MU,2026-04-06,-0.181516,377.76
2.0,2,2,False,US.MU,MU,2026-04-07,-0.181906,377.58
2.0,2,2,False,US.MU,MU,2026-04-08,-0.118747,406.73
2.0,2,2,False,US.MU,MU,2026-04-09,-0.086724,421.51
2.0,2,2,False,US.MU,MU,2026-04-10,-0.088717,420.59
2.0,2,2,False,US.MU,MU,2026-04-13,-0.075782,426.56
2.0,2,2,False,US.MU,MU,2026-04-14,0.0,465.66
2.0,2,2,False,US.MU,MU,2026-04-15,-0.020251,456.23
2.0,2,2,False,US.MU,MU,2026-04-16,-0.018103,457.23
2.0,2,2,False,US.MU,MU,2026-04-17,-0.022742,455.07
2.0,2,2,False,US.MU,MU,2026-04-20,-0.037023,448.42
2.0,2,2,False,US.MU,MU,2026-04-21,-0.034961,449.38
2.0,2,2,False,US.MU,MU,2026-04-22,0.0,487.48
2.0,2,2,False,US.MU,MU,2026-04-23,-0.011816,481.72
2.0,2,2,False,US.MU,MU,2026-04-24,0.0,496.72
2.0,2,2,False,US.MU,MU,2026-04-27,0.0,524.56
2.0,2,2,False,US.MU,MU,2026-04-28,-0.038642,504.29
2.0,2,2,False,US.MU,MU,2026-04-29,-0.011629,518.46
2.0,2,2,False,US.MU,MU,2026-04-30,-0.014107,517.16
2.0,2,2,False,US.MU,MU,2026-05-01,0.0,542.21
2.0,2,2,False,US.MU,MU,2026-05-04,0.0,576.45
2.0,2,2,False,US.MU,MU,2026-05-05,0.0,640.2
2.0,2,2,False,US.MU,MU,2026-05-06,0.0,666.59
2.0,2,2,False,US.MU,MU,2026-05-07,-0.029943,646.63
2.0,2,2,False,US.MU,MU,2026-05-08,0.0,746.81
2.0,2,2,False,US.MU,MU,2026-05-11,0.0,795.33
2.0,2,2,False,US.MU,MU,2026-05-12,-0.036149,766.58
2.0,2,2,False,US.MU,MU,2026-05-13,0.0,803.63
2.0,2,2,False,US.MU,MU,2026-05-14,-0.034369,776.01
2.0,2,2,False,US.MU,MU,2026-05-15,-0.098267,724.66
2.0,2,2,False,US.MU,MU,2026-05-18,-0.151923,681.54
2.0,2,2,False,US.MU,MU,2026-05-19,-0.13052,698.74
2.0,2,2,False,US.MU,MU,2026-05-20,-0.089146,731.99
2.0,2,2,False,US.MU,MU,2026-05-21,-0.051678,762.1
2.0,2,2,False,US.MU,MU,2026-05-22,-0.06549,751.0
2.0,2,2,False,US.MU,MU,2026-05-26,0.0,895.88
2.0,2,2,False,US.MU,MU,2026-05-27,0.0,928.41
2.0,2,2,False,US.MU,MU,2026-05-28,-0.005267,923.52
2.0,2,2,False,US.MU,MU,2026-05-29,0.0,971.0
2.0,2,2,False,US.MU,MU,2026-06-01,0.0,1035.5
2.0,2,2,False,US.MU,MU,2026-06-02,0.0,1064.1
2.0,2,2,False,US.MU,MU,2026-06-03,0.0,1079.57
2.0,2,2,False,US.MU,MU,2026-06-04,-0.07741,996.0
2.0,2,2,False,US.MU,MU,2026-06-05,-0.199672,864.01
2.0,2,2,False,US.MU,MU,2026-06-08,-0.120687,949.28
2.0,2,2,False,US.MU,MU,2026-06-09,-0.13309,935.89
2.0,2,2,False,US.MU,MU,2026-06-10,-0.173856,891.88
2.0,2,2,False,US.MU,MU,2026-06-11,-0.077531,995.87
2.0,2,2,False,US.MU,MU,2026-06-12,-0.09074,981.61
2.0,2,2,False,US.MU,MU,2026-06-15,0.0,1087.99
2.0,2,2,False,US.MU,MU,2026-06-16,-0.061793,1020.76
2.0,2,2,False,US.MU,MU,2026-06-17,-0.041177,1043.19
2.0,2,2,False,US.MU,MU,2026-06-18,0.0,1133.99
2.0,2,2,False,US.MU,MU,2026-06-22,0.0,1211.38
2.0,2,2,False,US.MU,MU,2026-06-23,-0.131759,1051.77
2.0,2,2,False,US.MU,MU,2026-06-24,-0.13445,1048.51
2.0,2,2,False,US.MU,MU,2026-06-25,0.0,1213.56
2.0,2,2,False,US.MU,MU,2026-06-26,-0.066935,1132.33
2.0,2,2,False,US.MU,MU,2026-06-29,-0.056264,1145.28
2.0,2,2,False,US.MU,MU,2026-06-30,-0.04884,1154.29
2.0,2,2,False,US.MU,MU,2026-07-01,-0.149379,1032.28
2.0,2,2,False,US.MU,MU,2026-07-02,-0.196117,975.56
2.0,2,2,False,US.MU,MU,2026-07-06,-0.188544,984.75
2.0,2,2,False,US.MU,MU,2026-07-07,-0.226754,938.38
2.0,2,2,False,US.MU,MU,2026-07-08,-0.218168,948.8
2.0,2,2,False,US.MU,MU,2026-07-09,-0.182867,991.64
2.0,2,2,False,US.MU,MU,2026-07-10,-0.193035,979.3
2.0,2,2,False,US.MU,MU,2026-07-13,-0.227891,937.0
2.0,2,2,False,US.MU,MU,2026-07-14,-0.189888,983.12
2.0,2,2,False,US.MU,MU,2026-07-15,-0.254853,904.28
2.0,2,2,False,US.MU,MU,2026-07-16,-0.296945,853.2
2.0,2,2,False,US.MU,MU,2026-07-17,-0.300447,848.95
2.0,2,2,False,US.MU,MU,2026-07-20,-0.286842,865.46
2.0,2,2,False,US.MU,MU,2026-07-21,-0.200023,970.82
2.0,2,2,False,US.MU,MU,2026-07-22,-0.209367,959.48
2.0,2,2,False,US.MU,MU,2026-07-23,-0.184045,990.21
2.0,2,2,False,US.MU,MU,2026-07-24,-0.241117,920.95
2.0,2,2,False,US.MU,MU,2026-07-27,-0.258215,900.2
2.0,2,2,False,US.MU,MU,2026-07-28,-0.323865,820.53
2.0,2,2,False,US.MU,MU,2026-07-29,-0.391048,739.0
2.0,2,2,False,US.MU,MU,2026-07-30,-0.279261,874.66
2.0,2,2,False,US.MU,MU,2026-07-31,-0.321805,823.03
2.0,2,2,False,US.MU,MU,2026-08-03,-0.316474,829.5
2.0,2,2,False,US.MU,MU,2026-08-04,-0.26442,892.67
2.0,2,2,False,US.MU,MU,2026-08-05,-0.263992,893.19
2.0,2,2,False,US.MU,MU,2026-08-06,-0.273649,881.47
2.0,2,2,False,US.MU,MU,2026-08-07,-0.276863,877.57
2.0,2,2,False,US.MU,MU,2026-08-10,-0.290517,861.0
2.0,2,2,False,US.MU,MU,2026-08-11,-0.284321,868.52
2.0,2,2,False,US.MU,MU,2026-08-12,-0.249077,911.29
2.0,2,2,False,US.MU,MU,2026-08-13,-0.217319,949.83
2.0,2,2,False,US.MU,MU,2026-08-14,-0.199331,971.66
2.0,2,2,False,US.MU,MU,2026-08-17,-0.166296,1011.75
2.0,2,2,False,US.MU,MU,2026-08-18,-0.224793,940.76
2.0,2,2,False,US.MU,MU,2026-08-19,-0.227805,937.105
2.0,2,2,False,US.MU,MU,2026-08-20,-0.197131,974.33
2.0,2,2,False,US.MU,MU,2026-08-21,-0.203352,966.78
2.0,2,2,False,US.MU,MU,2026-08-24,-0.249786,910.43
2.0,2,2,False,US.MU,MU,2026-08-25,-0.231212,932.97
2.0,2,2,False,US.MU,MU,2026-08-26,-0.226738,938.4
2.0,2,2,False,US.MU,MU,2026-08-27,-0.229218,935.39
2.0,2,2,False,US.MU,MU,2026-08-28,-0.231303,932.86
2.0,2,2,False,US.MU,MU,2026-08-31,-0.209985,958.73
2.0,2,2,False,US.MU,MU,2026-09-01,-0.230825,933.44
2.0,2,2,False,US.MU,MU,2026-09-02,-0.212169,956.08
2.0,2,2,False,US.MU,MU,2026-09-03,-0.210455,958.16
2.0,2,2,False,US.MU,MU,2026-09-04,-0.162308,1016.59
2.0,2,2,False,US.MU,MU,2026-09-08,-0.162261,1016.6465
3.0,3,3,False,US.DELL,DELL,2024-09-09,0.0,102.860404
3.0,3,3,False,US.DELL,DELL,2024-09-10,0.0,103.588946
3.0,3,3,False,US.DELL,DELL,2024-09-11,0.0,105.687146
3.0,3,3,False,US.DELL,DELL,2024-09-12,0.0,108.9413
3.0,3,3,False,US.DELL,DELL,2024-09-13,0.0,111.029787
3.0,3,3,False,US.DELL,DELL,2024-09-16,0.0,112.098315
3.0,3,3,False,US.DELL,DELL,2024-09-17,0.0,113.477688
3.0,3,3,False,US.DELL,DELL,2024-09-18,-0.007105,112.671435
3.0,3,3,False,US.DELL,DELL,2024-09-19,0.0,114.400507
3.0,3,3,False,US.DELL,DELL,2024-09-20,-0.002293,114.138232
3.0,3,3,False,US.DELL,DELL,2024-09-23,-0.001698,114.20623
3.0,3,3,False,US.DELL,DELL,2024-09-24,-0.003906,113.953668
3.0,3,3,False,US.DELL,DELL,2024-09-25,0.0,116.731842
3.0,3,3,False,US.DELL,DELL,2024-09-26,0.0,122.871021
3.0,3,3,False,US.DELL,DELL,2024-09-27,-0.049569,116.780411
3.0,3,3,False,US.DELL,DELL,2024-09-30,-0.062851,115.148477
3.0,3,3,False,US.DELL,DELL,2024-10-01,-0.105384,109.922403
3.0,3,3,False,US.DELL,DELL,2024-10-02,-0.103012,110.21382
3.0,3,3,False,US.DELL,DELL,2024-10-03,-0.08554,112.36059
3.0,3,3,False,US.DELL,DELL,2024-10-04,-0.047988,116.974689
3.0,3,3,False,US.DELL,DELL,2024-10-07,-0.058503,115.682741
3.0,3,3,False,US.DELL,DELL,2024-10-08,-0.03605,118.441487
3.0,3,3,False,US.DELL,DELL,2024-10-09,-0.032809,118.839756
3.0,3,3,False,US.DELL,DELL,2024-10-10,-0.013361,121.229374
3.0,3,3,False,US.DELL,DELL,2024-10-11,0.0,124.075544
3.0,3,3,False,US.DELL,DELL,2024-10-14,0.0,124.677805
3.0,3,3,False,US.DELL,DELL,2024-10-15,-0.019634,122.229905
3.0,3,3,False,US.DELL,DELL,2024-10-16,-0.012622,123.104155
3.0,3,3,False,US.DELL,DELL,2024-10-17,0.0,125.484058
3.0,3,3,False,US.DELL,DELL,2024-10-18,-0.021056,122.84188
3.0,3,3,False,US.DELL,DELL,2024-10-21,-0.027249,122.064768
3.0,3,3,False,US.DELL,DELL,2024-10-22,-0.064655,117.370907
3.0,3,3,False,US.DELL,DELL,2024-10-23,-0.071724,116.483801
3.0,3,3,False,US.DELL,DELL,2024-10-24,-0.063334,117.53663
3.0,3,3,False,US.DELL,DELL,2024-10-25,-0.047952,119.466816
3.0,3,3,False,US.DELL,DELL,2024-10-28,-0.062635,117.624366
3.0,3,3,False,US.DELL,DELL,2024-10-29,-0.055099,118.569962
3.0,3,3,False,US.DELL,DELL,2024-10-30,0.0,126.14448
3.0,3,3,False,US.DELL,DELL,2024-10-31,-0.04459,120.519645
3.0,3,3,False,US.DELL,DELL,2024-11-01,0.0,127.577497
3.0,3,3,False,US.DELL,DELL,2024-11-04,-0.007794,126.583158
3.0,3,3,False,US.DELL,DELL,2024-11-05,0.0,130.102336
3.0,3,3,False,US.DELL,DELL,2024-11-06,0.0,134.86931
3.0,3,3,False,US.DELL,DELL,2024-11-07,-0.003469,134.401387
3.0,3,3,False,US.DELL,DELL,2024-11-08,-0.02978,130.852964
3.0,3,3,False,US.DELL,DELL,2024-11-11,0.0,135.025285
3.0,3,3,False,US.DELL,DELL,2024-11-12,-0.014728,133.036609
3.0,3,3,False,US.DELL,DELL,2024-11-13,-0.028734,131.145416
3.0,3,3,False,US.DELL,DELL,2024-11-14,-0.029456,131.047932
3.0,3,3,False,US.DELL,DELL,2024-11-15,-0.049599,128.328125
3.0,3,3,False,US.DELL,DELL,2024-11-18,-0.018049,132.588182
3.0,3,3,False,US.DELL,DELL,2024-11-19,-0.018843,132.480949
3.0,3,3,False,US.DELL,DELL,2024-11-20,-0.03285,130.589757
3.0,3,3,False,US.DELL,DELL,2024-11-21,0.0,135.42497
3.0,3,3,False,US.DELL,DELL,2024-11-22,0.0,140.581881
3.0,3,3,False,US.DELL,DELL,2024-11-25,-0.000347,140.533139
3.0,3,3,False,US.DELL,DELL,2024-11-26,-0.017128,138.174023
3.0,3,3,False,US.DELL,DELL,2024-11-27,-0.137508,121.250776
3.0,3,3,False,US.DELL,DELL,2024-11-29,-0.115249,124.380017
3.0,3,3,False,US.DELL,DELL,2024-12-02,-0.127384,122.674044
3.0,3,3,False,US.DELL,DELL,2024-12-03,-0.129325,122.401089
3.0,3,3,False,US.DELL,DELL,2024-12-04,-0.125581,122.927503
3.0,3,3,False,US.DELL,DELL,2024-12-05,-0.132723,121.923416
3.0,3,3,False,US.DELL,DELL,2024-12-06,-0.144303,120.295431
3.0,3,3,False,US.DELL,DELL,2024-12-09,-0.14146,120.695116
3.0,3,3,False,US.DELL,DELL,2024-12-10,-0.190139,113.851729
3.0,3,3,False,US.DELL,DELL,2024-12-11,-0.176964,115.703928
3.0,3,3,False,US.DELL,DELL,2024-12-12,-0.173566,116.1816
3.0,3,3,False,US.DELL,DELL,2024-12-13,-0.178628,115.469966
3.0,3,3,False,US.DELL,DELL,2024-12-16,-0.172942,116.269336
3.0,3,3,False,US.DELL,DELL,2024-12-17,-0.179807,115.304243
3.0,3,3,False,US.DELL,DELL,2024-12-18,-0.218709,109.835383
3.0,3,3,False,US.DELL,DELL,2024-12-19,-0.223632,109.143245
3.0,3,3,False,US.DELL,DELL,2024-12-20,-0.197212,112.857391
3.0,3,3,False,US.DELL,DELL,2024-12-23,-0.176063,115.830658
3.0,3,3,False,US.DELL,DELL,2024-12-24,-0.175231,115.947638
3.0,3,3,False,US.DELL,DELL,2024-12-26,-0.172873,116.279085
3.0,3,3,False,US.DELL,DELL,2024-12-27,-0.186395,114.378144
3.0,3,3,False,US.DELL,DELL,2024-12-30,-0.2038,111.931292
3.0,3,3,False,US.DELL,DELL,2024-12-31,-0.200888,112.340725
3.0,3,3,False,US.DELL,DELL,2025-01-02,-0.191942,113.598271
3.0,3,3,False,US.DELL,DELL,2025-01-03,-0.168504,116.893235
3.0,3,3,False,US.DELL,DELL,2025-01-06,-0.135566,121.523731
3.0,3,3,False,US.DELL,DELL,2025-01-07,-0.159074,118.219019
3.0,3,3,False,US.DELL,DELL,2025-01-08,-0.172665,116.30833
3.0,3,3,False,US.DELL,DELL,2025-01-10,-0.204147,111.88255
3.0,3,3,False,US.DELL,DELL,2025-01-13,-0.236045,107.398279
3.0,3,3,False,US.DELL,DELL,2025-01-14,-0.243742,106.316205
3.0,3,3,False,US.DELL,DELL,2025-01-15,-0.242563,106.481928
3.0,3,3,False,US.DELL,DELL,2025-01-16,-0.236461,107.339789
3.0,3,3,False,US.DELL,DELL,2025-01-17,-0.23972,106.881613
3.0,3,3,False,US.DELL,DELL,2025-01-21,-0.226475,108.74356
3.0,3,3,False,US.DELL,DELL,2025-01-22,-0.198522,112.673225
3.0,3,3,False,US.DELL,DELL,2025-01-23,-0.204788,111.792354
3.0,3,3,False,US.DELL,DELL,2025-01-24,-0.2082,111.312768
3.0,3,3,False,US.DELL,DELL,2025-01-27,-0.277055,101.632972
3.0,3,3,False,US.DELL,DELL,2025-01-28,-0.294808,99.13717
3.0,3,3,False,US.DELL,DELL,2025-01-29,-0.282207,100.9087
3.0,3,3,False,US.DELL,DELL,2025-01-30,-0.266542,103.110878
3.0,3,3,False,US.DELL,DELL,2025-01-31,-0.278726,101.398073
3.0,3,3,False,US.DELL,DELL,2025-02-03,-0.303163,97.962675
3.0,3,3,False,US.DELL,DELL,2025-02-04,-0.292163,99.509093
3.0,3,3,False,US.DELL,DELL,2025-02-05,-0.272808,102.230007
3.0,3,3,False,US.DELL,DELL,2025-02-06,-0.262574,103.668763
3.0,3,3,False,US.DELL,DELL,2025-02-07,-0.259441,104.109199
3.0,3,3,False,US.DELL,DELL,2025-02-10,-0.218086,109.922949
3.0,3,3,False,US.DELL,DELL,2025-02-11,-0.224143,109.07144
3.0,3,3,False,US.DELL,DELL,2025-02-12,-0.213839,110.519984
3.0,3,3,False,US.DELL,DELL,2025-02-13,-0.232358,107.91652
3.0,3,3,False,US.DELL,DELL,2025-02-14,-0.203674,111.948953
3.0,3,3,False,US.DELL,DELL,2025-02-18,-0.16218,117.782279
3.0,3,3,False,US.DELL,DELL,2025-02-19,-0.157864,118.389101
3.0,3,3,False,US.DELL,DELL,2025-02-20,-0.165313,117.341843
3.0,3,3,False,US.DELL,DELL,2025-02-21,-0.181256,115.100515
3.0,3,3,False,US.DELL,DELL,2025-02-24,-0.205345,111.714054
3.0,3,3,False,US.DELL,DELL,2025-02-25,-0.229643,108.298231
3.0,3,3,False,US.DELL,DELL,2025-02-26,-0.194833,113.19196
3.0,3,3,False,US.DELL,DELL,2025-02-27,-0.249276,105.538168
3.0,3,3,False,US.DELL,DELL,2025-02-28,-0.284574,100.575926
3.0,3,3,False,US.DELL,DELL,2025-03-03,-0.334701,93.528956
3.0,3,3,False,US.DELL,DELL,2025-03-04,-0.345075,92.070624
3.0,3,3,False,US.DELL,DELL,2025-03-05,-0.322935,95.183036
3.0,3,3,False,US.DELL,DELL,2025-03-06,-0.352385,91.042941
3.0,3,3,False,US.DELL,DELL,2025-03-07,-0.363246,89.516098
3.0,3,3,False,US.DELL,DELL,2025-03-10,-0.371043,88.419902
3.0,3,3,False,US.DELL,DELL,2025-03-11,-0.36248,89.62376
3.0,3,3,False,US.DELL,DELL,2025-03-12,-0.341524,92.569785
3.0,3,3,False,US.DELL,DELL,2025-03-13,-0.356353,90.485056
3.0,3,3,False,US.DELL,DELL,2025-03-14,-0.333935,93.636618
3.0,3,3,False,US.DELL,DELL,2025-03-17,-0.320081,95.584322
3.0,3,3,False,US.DELL,DELL,2025-03-18,-0.328575,94.390252
3.0,3,3,False,US.DELL,DELL,2025-03-19,-0.312701,96.621793
3.0,3,3,False,US.DELL,DELL,2025-03-20,-0.311309,96.817542
3.0,3,3,False,US.DELL,DELL,2025-03-21,-0.320707,95.496235
3.0,3,3,False,US.DELL,DELL,2025-03-24,-0.305112,97.688626
3.0,3,3,False,US.DELL,DELL,2025-03-25,-0.311726,96.758817
3.0,3,3,False,US.DELL,DELL,2025-03-26,-0.329828,94.214078
3.0,3,3,False,US.DELL,DELL,2025-03-27,-0.32398,95.036224
3.0,3,3,False,US.DELL,DELL,2025-03-28,-0.357467,90.328457
3.0,3,3,False,US.DELL,DELL,2025-03-31,-0.365404,89.212687
3.0,3,3,False,US.DELL,DELL,2025-04-01,-0.359765,90.005471
3.0,3,3,False,US.DELL,DELL,2025-04-02,-0.336302,93.303844
3.0,3,3,False,US.DELL,DELL,2025-04-03,-0.462317,75.588544
3.0,3,3,False,US.DELL,DELL,2025-04-04,-0.501304,70.107567
3.0,3,3,False,US.DELL,DELL,2025-04-07,-0.477842,73.405941
3.0,3,3,False,US.DELL,DELL,2025-04-08,-0.494621,71.047163
3.0,3,3,False,US.DELL,DELL,2025-04-09,-0.41386,82.400615
3.0,3,3,False,US.DELL,DELL,2025-04-10,-0.450411,77.262199
3.0,3,3,False,US.DELL,DELL,2025-04-11,-0.429595,80.18865
3.0,3,3,False,US.DELL,DELL,2025-04-14,-0.406898,83.379361
3.0,3,3,False,US.DELL,DELL,2025-04-15,-0.40481,83.672985
3.0,3,3,False,US.DELL,DELL,2025-04-16,-0.419639,81.588256
3.0,3,3,False,US.DELL,DELL,2025-04-17,-0.409613,82.99765
3.0,3,3,False,US.DELL,DELL,2025-04-21,-0.426392,80.638873
3.0,3,3,False,US.DELL,DELL,2025-04-22,-0.410872,82.820698
3.0,3,3,False,US.DELL,DELL,2025-04-23,-0.375278,87.824612
3.0,3,3,False,US.DELL,DELL,2025-04-24,-0.338562,92.986131
3.0,3,3,False,US.DELL,DELL,2025-04-25,-0.335129,93.468792
3.0,3,3,False,US.DELL,DELL,2025-04-28,-0.338072,93.055082
3.0,3,3,False,US.DELL,DELL,2025-04-29,-0.342907,92.375417
3.0,3,3,False,US.DELL,DELL,2025-04-30,-0.35706,90.385671
3.0,3,3,False,US.DELL,DELL,2025-05-01,-0.355729,90.572825
3.0,3,3,False,US.DELL,DELL,2025-05-02,-0.337231,93.173285
3.0,3,3,False,US.DELL,DELL,2025-05-05,-0.338843,92.94673
3.0,3,3,False,US.DELL,DELL,2025-05-06,-0.341716,92.54287
3.0,3,3,False,US.DELL,DELL,2025-05-07,-0.328823,94.355312
3.0,3,3,False,US.DELL,DELL,2025-05-08,-0.32581,94.778872
3.0,3,3,False,US.DELL,DELL,2025-05-09,-0.327982,94.473515
3.0,3,3,False,US.DELL,DELL,2025-05-12,-0.275362,101.871034
3.0,3,3,False,US.DELL,DELL,2025-05-13,-0.244322,106.234684
3.0,3,3,False,US.DELL,DELL,2025-05-14,-0.22211,109.357206
3.0,3,3,False,US.DELL,DELL,2025-05-15,-0.223161,109.209452
3.0,3,3,False,US.DELL,DELL,2025-05-16,-0.199899,112.479727
3.0,3,3,False,US.DELL,DELL,2025-05-19,-0.199268,112.568379
3.0,3,3,False,US.DELL,DELL,2025-05-20,-0.199619,112.519128
3.0,3,3,False,US.DELL,DELL,2025-05-21,-0.215734,110.253576
3.0,3,3,False,US.DELL,DELL,2025-05-22,-0.215594,110.273277
3.0,3,3,False,US.DELL,DELL,2025-05-23,-0.214473,110.43088
3.0,3,3,False,US.DELL,DELL,2025-05-27,-0.2013,112.282723
3.0,3,3,False,US.DELL,DELL,2025-05-28,-0.202842,112.066018
3.0,3,3,False,US.DELL,DELL,2025-05-29,-0.203823,111.928115
3.0,3,3,False,US.DELL,DELL,2025-05-30,-0.220359,109.603461
3.0,3,3,False,US.DELL,DELL,2025-06-02,-0.24271,106.461239
3.0,3,3,False,US.DELL,DELL,2025-06-03,-0.215944,110.224026
3.0,3,3,False,US.DELL,DELL,2025-06-04,-0.210339,111.012044
3.0,3,3,False,US.DELL,DELL,2025-06-05,-0.216505,110.145224
3.0,3,3,False,US.DELL,DELL,2025-06-06,-0.202982,112.046317
3.0,3,3,False,US.DELL,DELL,2025-06-09,-0.199689,112.509278
3.0,3,3,False,US.DELL,DELL,2025-06-10,-0.206485,111.553806
3.0,3,3,False,US.DELL,DELL,2025-06-11,-0.220569,109.573911
3.0,3,3,False,US.DELL,DELL,2025-06-12,-0.205434,111.701559
3.0,3,3,False,US.DELL,DELL,2025-06-13,-0.23234,107.919073
3.0,3,3,False,US.DELL,DELL,2025-06-16,-0.203052,112.036467
3.0,3,3,False,US.DELL,DELL,2025-06-17,-0.187707,114.193667
3.0,3,3,False,US.DELL,DELL,2025-06-18,-0.183293,114.814231
3.0,3,3,False,US.DELL,DELL,2025-06-20,-0.163604,117.582144
3.0,3,3,False,US.DELL,DELL,2025-06-23,-0.173063,116.252364
3.0,3,3,False,US.DELL,DELL,2025-06-24,-0.155056,118.783872
3.0,3,3,False,US.DELL,DELL,2025-06-25,-0.155966,118.655819
3.0,3,3,False,US.DELL,DELL,2025-06-26,-0.117289,124.093143
3.0,3,3,False,US.DELL,DELL,2025-06-27,-0.131233,122.132948
3.0,3,3,False,US.DELL,DELL,2025-06-30,-0.140972,120.763767
3.0,3,3,False,US.DELL,DELL,2025-07-01,-0.147068,119.906797
3.0,3,3,False,US.DELL,DELL,2025-07-02,-0.134806,121.630587
3.0,3,3,False,US.DELL,DELL,2025-07-03,-0.122614,123.344526
3.0,3,3,False,US.DELL,DELL,2025-07-07,-0.125767,122.901266
3.0,3,3,False,US.DELL,DELL,2025-07-08,-0.12843,122.526957
3.0,3,3,False,US.DELL,DELL,2025-07-09,-0.112735,124.733408
3.0,3,3,False,US.DELL,DELL,2025-07-10,-0.103766,125.994237
3.0,3,3,False,US.DELL,DELL,2025-07-11,-0.111333,124.930413
3.0,3,3,False,US.DELL,DELL,2025-07-14,-0.119461,123.787786
3.0,3,3,False,US.DELL,DELL,2025-07-15,-0.119321,123.807487
3.0,3,3,False,US.DELL,DELL,2025-07-16,-0.134175,121.719239
3.0,3,3,False,US.DELL,DELL,2025-07-17,-0.132003,122.024596
3.0,3,3,False,US.DELL,DELL,2025-07-18,-0.080434,129.274362
3.0,3,3,False,US.DELL,DELL,2025-07-21,-0.096409,127.028511
3.0,3,3,False,US.DELL,DELL,2025-07-22,-0.125289,122.968464
3.0,3,3,False,US.DELL,DELL,2025-07-23,-0.104957,125.826816
3.0,3,3,False,US.DELL,DELL,2025-07-24,-0.097007,126.944441
3.0,3,3,False,US.DELL,DELL,2025-07-25,-0.076816,129.783012
3.0,3,3,False,US.DELL,DELL,2025-07-28,-0.058242,132.394102
3.0,3,3,False,US.DELL,DELL,2025-07-29,-0.060704,132.047934
3.0,3,3,False,US.DELL,DELL,2025-07-30,-0.060493,132.077606
3.0,3,3,False,US.DELL,DELL,2025-07-31,-0.066473,131.236914
3.0,3,3,False,US.DELL,DELL,2025-08-01,-0.104254,125.925721
3.0,3,3,False,US.DELL,DELL,2025-08-04,-0.083781,128.803854
3.0,3,3,False,US.DELL,DELL,2025-08-05,-0.082022,129.051116
3.0,3,3,False,US.DELL,DELL,2025-08-06,-0.098485,126.736741
3.0,3,3,False,US.DELL,DELL,2025-08-07,-0.05775,132.463335
3.0,3,3,False,US.DELL,DELL,2025-08-08,-0.031859,136.103035
3.0,3,3,False,US.DELL,DELL,2025-08-11,-0.026864,136.80526
3.0,3,3,False,US.DELL,DELL,2025-08-12,-0.003507,140.088903
3.0,3,3,False,US.DELL,DELL,2025-08-13,-0.021095,137.61628
3.0,3,3,False,US.DELL,DELL,2025-08-14,-0.023065,137.339347
3.0,3,3,False,US.DELL,DELL,2025-08-15,-0.027146,136.765698
3.0,3,3,False,US.DELL,DELL,2025-08-18,-0.028201,136.617341
3.0,3,3,False,US.DELL,DELL,2025-08-19,-0.048815,133.719427
3.0,3,3,False,US.DELL,DELL,2025-08-20,-0.096092,127.073018
3.0,3,3,False,US.DELL,DELL,2025-08-21,-0.100665,126.430136
3.0,3,3,False,US.DELL,DELL,2025-08-22,-0.079489,129.407174
3.0,3,3,False,US.DELL,DELL,2025-08-25,-0.078293,129.575312
3.0,3,3,False,US.DELL,DELL,2025-08-26,-0.078434,129.555531
3.0,3,3,False,US.DELL,DELL,2025-08-27,-0.06781,131.048995
3.0,3,3,False,US.DELL,DELL,2025-08-28,-0.056905,132.582021
3.0,3,3,False,US.DELL,DELL,2025-08-29,-0.140627,120.812338
3.0,3,3,False,US.DELL,DELL,2025-09-02,-0.148999,119.635369
3.0,3,3,False,US.DELL,DELL,2025-09-03,-0.12747,122.661859
3.0,3,3,False,US.DELL,DELL,2025-09-04,-0.108827,125.282839
3.0,3,3,False,US.DELL,DELL,2025-09-05,-0.121772,123.462989
3.0,3,3,False,US.DELL,DELL,2025-09-08,-0.134646,121.653029
3.0,3,3,False,US.DELL,DELL,2025-09-09,-0.146677,119.961755
3.0,3,3,False,US.DELL,DELL,2025-09-10,-0.124445,123.08715
3.0,3,3,False,US.DELL,DELL,2025-09-11,-0.117973,123.997075
3.0,3,3,False,US.DELL,DELL,2025-09-12,-0.120294,123.670689
3.0,3,3,False,US.DELL,DELL,2025-09-15,-0.107912,125.411415
3.0,3,3,False,US.DELL,DELL,2025-09-16,-0.101721,126.281779
3.0,3,3,False,US.DELL,DELL,2025-09-17,-0.083007,128.912649
3.0,3,3,False,US.DELL,DELL,2025-09-18,-0.070554,130.663266
3.0,3,3,False,US.DELL,DELL,2025-09-19,-0.07175,130.495127
3.0,3,3,False,US.DELL,DELL,2025-09-22,-0.045367,134.204061
3.0,3,3,False,US.DELL,DELL,2025-09-23,-0.054865,132.868845
3.0,3,3,False,US.DELL,DELL,2025-09-24,-0.070695,130.643485
3.0,3,3,False,US.DELL,DELL,2025-09-25,-0.078645,129.525859
3.0,3,3,False,US.DELL,DELL,2025-09-26,-0.080052,129.32805
3.0,3,3,False,US.DELL,DELL,2025-09-29,-0.057961,132.433664
3.0,3,3,False,US.DELL,DELL,2025-09-30,-0.002592,140.217479
3.0,3,3,False,US.DELL,DELL,2025-10-01,0.0,148.040857
3.0,3,3,False,US.DELL,DELL,2025-10-02,-0.015433,145.756154
3.0,3,3,False,US.DELL,DELL,2025-10-03,-0.059727,139.198759
3.0,3,3,False,US.DELL,DELL,2025-10-06,-0.026189,144.163785
3.0,3,3,False,US.DELL,DELL,2025-10-07,0.0,149.217825
3.0,3,3,False,US.DELL,DELL,2025-10-08,0.0,162.728235
3.0,3,3,False,US.DELL,DELL,2025-10-09,-0.052149,154.242194
3.0,3,3,False,US.DELL,DELL,2025-10-10,-0.084848,148.921111
3.0,3,3,False,US.DELL,DELL,2025-10-13,-0.067647,151.720119
3.0,3,3,False,US.DELL,DELL,2025-10-14,-0.095788,147.140822
3.0,3,3,False,US.DELL,DELL,2025-10-15,-0.065824,152.016834
3.0,3,3,False,US.DELL,DELL,2025-10-16,-0.08035,149.653007
3.0,3,3,False,US.DELL,DELL,2025-10-17,-0.090804,147.951843
3.0,3,3,False,US.DELL,DELL,2025-10-20,-0.101258,146.250678
3.0,3,3,False,US.DELL,DELL,2025-10-21,-0.088541,148.320193
3.0,3,3,False,US.DELL,DELL,2025-10-22,-0.084271,149.014994
3.0,3,3,False,US.DELL,DELL,2025-10-23,-0.059263,153.084544
3.0,3,3,False,US.DELL,DELL,2025-10-24,-0.032363,157.461791
3.0,3,3,False,US.DELL,DELL,2025-10-27,-0.01071,160.985425
3.0,3,3,False,US.DELL,DELL,2025-10-28,0.0,163.655447
3.0,3,3,False,US.DELL,DELL,2025-10-29,-0.007763,162.384953
3.0,3,3,False,US.DELL,DELL,2025-10-30,-0.023472,159.814189
3.0,3,3,False,US.DELL,DELL,2025-10-31,-0.017407,160.806762
3.0,3,3,False,US.DELL,DELL,2025-11-03,-0.02893,158.920873
3.0,3,3,False,US.DELL,DELL,2025-11-04,-0.062106,153.491499
3.0,3,3,False,US.DELL,DELL,2025-11-05,-0.075631,151.278061
3.0,3,3,False,US.DELL,DELL,2025-11-06,-0.095221,148.07205
3.0,3,3,False,US.DELL,DELL,2025-11-07,-0.110262,145.610469
3.0,3,3,False,US.DELL,DELL,2025-11-10,-0.134583,141.630251
3.0,3,3,False,US.DELL,DELL,2025-11-11,-0.158418,137.729438
3.0,3,3,False,US.DELL,DELL,2025-11-12,-0.146591,139.664956
3.0,3,3,False,US.DELL,DELL,2025-11-13,-0.187652,132.945236
3.0,3,3,False,US.DELL,DELL,2025-11-14,-0.188743,132.766573
3.0,3,3,False,US.DELL,DELL,2025-11-17,-0.257157,121.570349
3.0,3,3,False,US.DELL,DELL,2025-11-18,-0.255883,121.778789
3.0,3,3,False,US.DELL,DELL,2025-11-19,-0.275958,118.493372
3.0,3,3,False,US.DELL,DELL,2025-11-20,-0.287967,116.528078
3.0,3,3,False,US.DELL,DELL,2025-11-21,-0.256975,121.600126
3.0,3,3,False,US.DELL,DELL,2025-11-24,-0.228409,126.275145
3.0,3,3,False,US.DELL,DELL,2025-11-25,-0.236293,124.9848
3.0,3,3,False,US.DELL,DELL,2025-11-26,-0.191776,132.270287
3.0,3,3,False,US.DELL,DELL,2025-11-28,-0.19123,132.359618
3.0,3,3,False,US.DELL,DELL,2025-12-01,-0.198872,131.108976
3.0,3,3,False,US.DELL,DELL,2025-12-02,-0.175461,134.940308
3.0,3,3,False,US.DELL,DELL,2025-12-03,-0.189532,132.637539
3.0,3,3,False,US.DELL,DELL,2025-12-04,-0.157023,137.95773
3.0,3,3,False,US.DELL,DELL,2025-12-05,-0.157508,137.878324
3.0,3,3,False,US.DELL,DELL,2025-12-08,-0.148411,139.367184
3.0,3,3,False,US.DELL,DELL,2025-12-09,-0.161693,137.193449
3.0,3,3,False,US.DELL,DELL,2025-12-10,-0.147077,139.58555
3.0,3,3,False,US.DELL,DELL,2025-12-11,-0.159389,137.570627
3.0,3,3,False,US.DELL,DELL,2025-12-12,-0.211669,129.014647
3.0,3,3,False,US.DELL,DELL,2025-12-15,-0.208455,129.540711
3.0,3,3,False,US.DELL,DELL,2025-12-16,-0.188804,132.756647
3.0,3,3,False,US.DELL,DELL,2025-12-17,-0.224345,126.940169
3.0,3,3,False,US.DELL,DELL,2025-12-18,-0.254367,122.026933
3.0,3,3,False,US.DELL,DELL,2025-12-19,-0.233261,125.481087
3.0,3,3,False,US.DELL,DELL,2025-12-22,-0.232108,125.669676
3.0,3,3,False,US.DELL,DELL,2025-12-23,-0.225983,126.672175
3.0,3,3,False,US.DELL,DELL,2025-12-24,-0.221373,127.42653
3.0,3,3,False,US.DELL,DELL,2025-12-26,-0.216157,128.280143
3.0,3,3,False,US.DELL,DELL,2025-12-29,-0.226953,126.513363
3.0,3,3,False,US.DELL,DELL,2025-12-30,-0.224163,126.969946
3.0,3,3,False,US.DELL,DELL,2025-12-31,-0.236536,124.945097
3.0,3,3,False,US.DELL,DELL,2026-01-02,-0.224891,126.850838
3.0,3,3,False,US.DELL,DELL,2026-01-05,-0.247877,123.088986
3.0,3,3,False,US.DELL,DELL,2026-01-06,-0.248362,123.00958
3.0,3,3,False,US.DELL,DELL,2026-01-07,-0.271773,119.178248
3.0,3,3,False,US.DELL,DELL,2026-01-08,-0.281295,117.619908
3.0,3,3,False,US.DELL,DELL,2026-01-09,-0.268438,119.724163
3.0,3,3,False,US.DELL,DELL,2026-01-12,-0.269347,119.575277
3.0,3,3,False,US.DELL,DELL,2026-01-13,-0.27426,118.771293
3.0,3,3,False,US.DELL,DELL,2026-01-14,-0.280143,117.808497
3.0,3,3,False,US.DELL,DELL,2026-01-15,-0.27426,118.771293
3.0,3,3,False,US.DELL,DELL,2026-01-16,-0.268984,119.634832
3.0,3,3,False,US.DELL,DELL,2026-01-20,-0.323412,110.727393
3.0,3,3,False,US.DELL,DELL,2026-01-21,-0.310071,112.910637
3.0,3,3,False,US.DELL,DELL,2026-01-22,-0.286253,116.808577
3.0,3,3,False,US.DELL,DELL,2026-01-23,-0.296852,115.073944
3.0,3,3,False,US.DELL,DELL,2026-01-26,-0.293807,115.572402
3.0,3,3,False,US.DELL,DELL,2026-01-27,-0.301543,114.306319
3.0,3,3,False,US.DELL,DELL,2026-01-28,-0.285339,116.958114
3.0,3,3,False,US.DELL,DELL,2026-01-29,-0.278212,118.124505
3.0,3,3,False,US.DELL,DELL,2026-01-30,-0.302883,114.086998
3.0,3,3,False,US.DELL,DELL,2026-02-02,-0.274131,118.792438
3.0,3,3,False,US.DELL,DELL,2026-02-03,-0.286375,116.788638
3.0,3,3,False,US.DELL,DELL,2026-02-04,-0.256587,121.663555
3.0,3,3,False,US.DELL,DELL,2026-02-05,-0.297096,115.034067
3.0,3,3,False,US.DELL,DELL,2026-02-06,-0.262618,120.676608
3.0,3,3,False,US.DELL,DELL,2026-02-09,-0.263471,120.53704
3.0,3,3,False,US.DELL,DELL,2026-02-10,-0.232404,125.621309
3.0,3,3,False,US.DELL,DELL,2026-02-11,-0.243673,123.777015
3.0,3,3,False,US.DELL,DELL,2026-02-12,-0.312751,112.471995
3.0,3,3,False,US.DELL,DELL,2026-02-13,-0.284304,117.12759
3.0,3,3,False,US.DELL,DELL,2026-02-17,-0.292832,115.731908
3.0,3,3,False,US.DELL,DELL,2026-02-18,-0.288629,116.41978
3.0,3,3,False,US.DELL,DELL,2026-02-19,-0.27474,118.692747
3.0,3,3,False,US.DELL,DELL,2026-02-20,-0.255186,121.892845
3.0,3,3,False,US.DELL,DELL,2026-02-23,-0.274253,118.7725
3.0,3,3,False,US.DELL,DELL,2026-02-24,-0.270354,119.410526
3.0,3,3,False,US.DELL,DELL,2026-02-25,-0.247815,123.099113
3.0,3,3,False,US.DELL,DELL,2026-02-26,-0.260181,121.075374
3.0,3,3,False,US.DELL,DELL,2026-02-27,-0.097963,147.623231
3.0,3,3,False,US.DELL,DELL,2026-03-02,-0.064642,153.076359
3.0,3,3,False,US.DELL,DELL,2026-03-03,-0.115629,144.732177
3.0,3,3,False,US.DELL,DELL,2026-03-04,-0.103933,146.646254
3.0,3,3,False,US.DELL,DELL,2026-03-05,-0.107466,146.068043
3.0,3,3,False,US.DELL,DELL,2026-03-06,-0.10771,146.028167
3.0,3,3,False,US.DELL,DELL,2026-03-09,-0.107527,146.058074
3.0,3,3,False,US.DELL,DELL,2026-03-10,-0.124035,143.356434
3.0,3,3,False,US.DELL,DELL,2026-03-11,-0.102288,146.915421
3.0,3,3,False,US.DELL,DELL,2026-03-12,-0.086816,149.447587
3.0,3,3,False,US.DELL,DELL,2026-03-13,-0.076399,151.152312
3.0,3,3,False,US.DELL,DELL,2026-03-16,-0.046429,156.057136
3.0,3,3,False,US.DELL,DELL,2026-03-17,-0.067932,152.538024
3.0,3,3,False,US.DELL,DELL,2026-03-18,-0.09108,148.749746
3.0,3,3,False,US.DELL,DELL,2026-03-19,-0.045089,156.276457
3.0,3,3,False,US.DELL,DELL,2026-03-20,-0.039545,157.18365
3.0,3,3,False,US.DELL,DELL,2026-03-23,0.0,164.082305
3.0,3,3,False,US.DELL,DELL,2026-03-24,0.0,176.364302
3.0,3,3,False,US.DELL,DELL,2026-03-25,0.0,183.442401
3.0,3,3,False,US.DELL,DELL,2026-03-26,-0.044508,175.277664
3.0,3,3,False,US.DELL,DELL,2026-03-27,-0.066301,171.280034
3.0,3,3,False,US.DELL,DELL,2026-03-30,-0.105157,164.152089
3.0,3,3,False,US.DELL,DELL,2026-03-31,-0.108038,163.623723
3.0,3,3,False,US.DELL,DELL,2026-04-01,-0.079507,168.857529
3.0,3,3,False,US.DELL,DELL,2026-04-02,-0.052388,173.832137
3.0,3,3,False,US.DELL,DELL,2026-04-06,-0.058855,172.645808
3.0,3,3,False,US.DELL,DELL,2026-04-07,-0.034346,177.141896
3.0,3,3,False,US.DELL,DELL,2026-04-08,0.0,184.897898
3.0,3,3,False,US.DELL,DELL,2026-04-09,-0.021621,180.900267
3.0,3,3,False,US.DELL,DELL,2026-04-10,-0.041354,177.251557
3.0,3,3,False,US.DELL,DELL,2026-04-13,0.0,189.204572
3.0,3,3,False,US.DELL,DELL,2026-04-14,-0.02782,183.940859
3.0,3,3,False,US.DELL,DELL,2026-04-15,-0.065915,176.733161
3.0,3,3,False,US.DELL,DELL,2026-04-16,0.0,192.494393
3.0,3,3,False,US.DELL,DELL,2026-04-17,0.0,195.94372
3.0,3,3,False,US.DELL,DELL,2026-04-20,0.0,203.61
3.0,3,3,False,US.DELL,DELL,2026-04-21,0.0,212.36
3.0,3,3,False,US.DELL,DELL,2026-04-22,0.0,214.65
3.0,3,3,False,US.DELL,DELL,2026-04-23,-0.011693,212.14
3.0,3,3,False,US.DELL,DELL,2026-04-24,0.0,216.09
3.0,3,3,False,US.DELL,DELL,2026-04-27,-0.000555,215.97
3.0,3,3,False,US.DELL,DELL,2026-04-28,-0.047017,205.93
3.0,3,3,False,US.DELL,DELL,2026-04-29,-0.048267,205.66
3.0,3,3,False,US.DELL,DELL,2026-04-30,-0.033042,208.95
3.0,3,3,False,US.DELL,DELL,2026-05-01,-0.027396,210.17
3.0,3,3,False,US.DELL,DELL,2026-05-04,-0.020593,211.64
3.0,3,3,False,US.DELL,DELL,2026-05-05,0.0,216.32
3.0,3,3,False,US.DELL,DELL,2026-05-06,0.0,238.8
3.0,3,3,False,US.DELL,DELL,2026-05-07,-0.03572,230.27
3.0,3,3,False,US.DELL,DELL,2026-05-08,0.0,260.46
3.0,3,3,False,US.DELL,DELL,2026-05-11,-0.051524,247.04
3.0,3,3,False,US.DELL,DELL,2026-05-12,-0.082623,238.94
3.0,3,3,False,US.DELL,DELL,2026-05-13,-0.063695,243.87
3.0,3,3,False,US.DELL,DELL,2026-05-14,-0.048261,247.89
3.0,3,3,False,US.DELL,DELL,2026-05-15,-0.070913,241.99
3.0,3,3,False,US.DELL,DELL,2026-05-18,-0.086117,238.03
3.0,3,3,False,US.DELL,DELL,2026-05-19,-0.096752,235.26
3.0,3,3,False,US.DELL,DELL,2026-05-20,-0.067304,242.93
3.0,3,3,False,US.DELL,DELL,2026-05-21,-0.02941,252.8
3.0,3,3,False,US.DELL,DELL,2026-05-22,0.0,295.19
3.0,3,3,False,US.DELL,DELL,2026-05-26,0.0,305.08
3.0,3,3,False,US.DELL,DELL,2026-05-27,0.0,305.32
3.0,3,3,False,US.DELL,DELL,2026-05-28,0.0,317.05
3.0,3,3,False,US.DELL,DELL,2026-05-29,0.0,420.91
3.0,3,3,False,US.DELL,DELL,2026-06-01,0.0,465.96
3.0,3,3,False,US.DELL,DELL,2026-06-02,-0.065778,435.31
3.0,3,3,False,US.DELL,DELL,2026-06-03,-0.096317,421.08
3.0,3,3,False,US.DELL,DELL,2026-06-04,-0.094236,422.05
3.0,3,3,False,US.DELL,DELL,2026-06-05,-0.153597,394.39
3.0,3,3,False,US.DELL,DELL,2026-06-08,-0.139905,400.77
3.0,3,3,False,US.DELL,DELL,2026-06-09,-0.180659,381.78
3.0,3,3,False,US.DELL,DELL,2026-06-10,-0.206305,369.83
3.0,3,3,False,US.DELL,DELL,2026-06-11,-0.159906,391.45
3.0,3,3,False,US.DELL,DELL,2026-06-12,-0.151064,395.57
3.0,3,3,False,US.DELL,DELL,2026-06-15,-0.122092,409.07
3.0,3,3,False,US.DELL,DELL,2026-06-16,-0.132801,404.08
3.0,3,3,False,US.DELL,DELL,2026-06-17,-0.100094,419.32
3.0,3,3,False,US.DELL,DELL,2026-06-18,-0.121169,409.5
3.0,3,3,False,US.DELL,DELL,2026-06-22,-0.101404,418.71
3.0,3,3,False,US.DELL,DELL,2026-06-23,-0.081938,427.78
3.0,3,3,False,US.DELL,DELL,2026-06-24,-0.068461,434.06
3.0,3,3,False,US.DELL,DELL,2026-06-25,-0.121277,409.45
3.0,3,3,False,US.DELL,DELL,2026-06-26,-0.142652,399.49
3.0,3,3,False,US.DELL,DELL,2026-06-29,-0.110203,414.61
3.0,3,3,False,US.DELL,DELL,2026-06-30,-0.074041,431.46
3.0,3,3,False,US.DELL,DELL,2026-07-01,-0.087368,425.25
3.0,3,3,False,US.DELL,DELL,2026-07-02,-0.153747,394.32
3.0,3,3,False,US.DELL,DELL,2026-07-06,-0.116233,411.8
3.0,3,3,False,US.DELL,DELL,2026-07-07,-0.104472,417.28
3.0,3,3,False,US.DELL,DELL,2026-07-08,-0.072946,431.97
3.0,3,3,False,US.DELL,DELL,2026-07-09,-0.03378,450.22
3.0,3,3,False,US.DELL,DELL,2026-07-10,-0.066508,434.97
3.0,3,3,False,US.DELL,DELL,2026-07-13,-0.083376,427.11
3.0,3,3,False,US.DELL,DELL,2026-07-14,-0.01807,457.54
3.0,3,3,False,US.DELL,DELL,2026-07-15,-0.114345,412.68
3.0,3,3,False,US.DELL,DELL,2026-07-16,-0.160057,391.38
3.0,3,3,False,US.DELL,DELL,2026-07-17,-0.149412,396.34
3.0,3,3,False,US.DELL,DELL,2026-07-20,-0.180445,381.88
3.0,3,3,False,US.DELL,DELL,2026-07-21,-0.132651,404.15
3.0,3,3,False,US.DELL,DELL,2026-07-22,-0.05185,441.8
3.0,3,3,False,US.DELL,DELL,2026-07-23,-0.057129,439.34
3.0,3,3,False,US.DELL,DELL,2026-07-24,-0.061078,437.5
3.0,3,3,False,US.DELL,DELL,2026-07-27,-0.083805,426.91
3.0,3,3,False,US.DELL,DELL,2026-07-28,-0.158511,392.1
3.0,3,3,False,US.DELL,DELL,2026-07-29,-0.206713,369.64
3.0,3,3,False,US.DELL,DELL,2026-07-30,-0.131234,404.81
3.0,3,3,False,US.DELL,DELL,2026-07-31,-0.130033,405.37
3.0,3,3,False,US.DELL,DELL,2026-08-03,-0.079277,429.02
3.0,3,3,False,US.DELL,DELL,2026-08-04,0.0,467.27
3.0,3,3,False,US.DELL,DELL,2026-08-05,-0.00978,462.7
3.0,3,3,False,US.DELL,DELL,2026-08-06,-0.063389,437.65
3.0,3,3,False,US.DELL,DELL,2026-08-07,-0.028891,453.77
3.0,3,3,False,US.DELL,DELL,2026-08-10,-0.020095,457.88
3.0,3,3,False,US.DELL,DELL,2026-08-11,-0.056284,440.97
3.0,3,3,False,US.DELL,DELL,2026-08-12,0.0,484.5
3.0,3,3,False,US.DELL,DELL,2026-08-13,0.0,494.51
3.0,3,3,False,US.DELL,DELL,2026-08-14,-0.007482,490.81
3.0,3,3,False,US.DELL,DELL,2026-08-17,-0.029726,479.81
3.0,3,3,False,US.DELL,DELL,2026-08-18,-0.052294,468.65
3.0,3,3,False,US.DELL,DELL,2026-08-19,-0.115185,437.55
3.0,3,3,False,US.DELL,DELL,2026-08-20,-0.120786,434.78
3.0,3,3,False,US.DELL,DELL,2026-08-21,-0.106024,442.08
3.0,3,3,False,US.DELL,DELL,2026-08-24,-0.124002,433.19
3.0,3,3,False,US.DELL,DELL,2026-08-25,-0.086975,451.5
3.0,3,3,False,US.DELL,DELL,2026-08-26,-0.062061,463.82
3.0,3,3,False,US.DELL,DELL,2026-08-27,-0.044994,472.26
3.0,3,3,False,US.DELL,DELL,2026-08-28,-0.07739,456.24
3.0,3,3,False,US.DELL,DELL,2026-08-31,-0.077855,456.01
3.0,3,3,False,US.DELL,DELL,2026-09-01,-0.140563,425.0
3.0,3,3,False,US.DELL,DELL,2026-09-02,-0.004671,492.2
3.0,3,3,False,US.DELL,DELL,2026-09-03,0.0,516.39
3.0,3,3,False,US.DELL,DELL,2026-09-04,0.0,524.14
3.0,3,3,False,US.DELL,DELL,2026-09-08,0.0,527.62
4.0,4,4,False,US.LITE,LITE,2024-09-09,0.0,51.2
4.0,4,4,False,US.LITE,LITE,2024-09-10,-0.001953,51.1
4.0,4,4,False,US.LITE,LITE,2024-09-11,0.0,53.95
4.0,4,4,False,US.LITE,LITE,2024-09-12,0.0,54.25
4.0,4,4,False,US.LITE,LITE,2024-09-13,0.0,55.78
4.0,4,4,False,US.LITE,LITE,2024-09-16,0.0,56.59
4.0,4,4,False,US.LITE,LITE,2024-09-17,0.0,58.37
4.0,4,4,False,US.LITE,LITE,2024-09-18,-0.001542,58.28
4.0,4,4,False,US.LITE,LITE,2024-09-19,0.0,61.14
4.0,4,4,False,US.LITE,LITE,2024-09-20,0.0,61.35
4.0,4,4,False,US.LITE,LITE,2024-09-23,-0.001956,61.23
4.0,4,4,False,US.LITE,LITE,2024-09-24,-0.009128,60.79
4.0,4,4,False,US.LITE,LITE,2024-09-25,-0.00652,60.95
4.0,4,4,False,US.LITE,LITE,2024-09-26,0.0,64.74
4.0,4,4,False,US.LITE,LITE,2024-09-27,-0.003244,64.53
4.0,4,4,False,US.LITE,LITE,2024-09-30,-0.021007,63.38
4.0,4,4,False,US.LITE,LITE,2024-10-01,-0.050201,61.49
4.0,4,4,False,US.LITE,LITE,2024-10-02,0.0,65.0
4.0,4,4,False,US.LITE,LITE,2024-10-03,0.0,66.16
4.0,4,4,False,US.LITE,LITE,2024-10-04,0.0,68.8
4.0,4,4,False,US.LITE,LITE,2024-10-07,-0.022238,67.27
4.0,4,4,False,US.LITE,LITE,2024-10-08,-0.015262,67.75
4.0,4,4,False,US.LITE,LITE,2024-10-09,-0.016279,67.68
4.0,4,4,False,US.LITE,LITE,2024-10-10,-0.024709,67.1
4.0,4,4,False,US.LITE,LITE,2024-10-11,-0.00814,68.24
4.0,4,4,False,US.LITE,LITE,2024-10-14,0.0,69.23
4.0,4,4,False,US.LITE,LITE,2024-10-15,-0.038278,66.58
4.0,4,4,False,US.LITE,LITE,2024-10-16,-0.0065,68.78
4.0,4,4,False,US.LITE,LITE,2024-10-17,0.0,69.62
4.0,4,4,False,US.LITE,LITE,2024-10-18,-0.048693,66.23
4.0,4,4,False,US.LITE,LITE,2024-10-21,-0.058317,65.56
4.0,4,4,False,US.LITE,LITE,2024-10-22,-0.04424,66.54
4.0,4,4,False,US.LITE,LITE,2024-10-23,-0.05688,65.66
4.0,4,4,False,US.LITE,LITE,2024-10-24,-0.071531,64.64
4.0,4,4,False,US.LITE,LITE,2024-10-25,-0.075409,64.37
4.0,4,4,False,US.LITE,LITE,2024-10-28,-0.066935,64.96
4.0,4,4,False,US.LITE,LITE,2024-10-29,-0.055444,65.76
4.0,4,4,False,US.LITE,LITE,2024-10-30,-0.061333,65.35
4.0,4,4,False,US.LITE,LITE,2024-10-31,-0.082591,63.87
4.0,4,4,False,US.LITE,LITE,2024-11-01,-0.061333,65.35
4.0,4,4,False,US.LITE,LITE,2024-11-04,-0.078282,64.17
4.0,4,4,False,US.LITE,LITE,2024-11-05,-0.049411,66.18
4.0,4,4,False,US.LITE,LITE,2024-11-06,0.0,71.97
4.0,4,4,False,US.LITE,LITE,2024-11-07,0.0,73.64
4.0,4,4,False,US.LITE,LITE,2024-11-08,0.0,83.85
4.0,4,4,False,US.LITE,LITE,2024-11-11,0.0,86.72
4.0,4,4,False,US.LITE,LITE,2024-11-12,-0.000807,86.65
4.0,4,4,False,US.LITE,LITE,2024-11-13,0.0,88.06
4.0,4,4,False,US.LITE,LITE,2024-11-14,-0.033273,85.13
4.0,4,4,False,US.LITE,LITE,2024-11-15,-0.075062,81.45
4.0,4,4,False,US.LITE,LITE,2024-11-18,-0.085396,80.54
4.0,4,4,False,US.LITE,LITE,2024-11-19,-0.063366,82.48
4.0,4,4,False,US.LITE,LITE,2024-11-20,-0.063479,82.47
4.0,4,4,False,US.LITE,LITE,2024-11-21,-0.027822,85.61
4.0,4,4,False,US.LITE,LITE,2024-11-22,0.0,89.09
4.0,4,4,False,US.LITE,LITE,2024-11-25,-0.021215,87.2
4.0,4,4,False,US.LITE,LITE,2024-11-26,-0.023684,86.98
4.0,4,4,False,US.LITE,LITE,2024-11-27,-0.059715,83.77
4.0,4,4,False,US.LITE,LITE,2024-11-29,-0.023796,86.97
4.0,4,4,False,US.LITE,LITE,2024-12-02,-0.030531,86.37
4.0,4,4,False,US.LITE,LITE,2024-12-03,-0.004378,88.7
4.0,4,4,False,US.LITE,LITE,2024-12-04,0.0,94.9
4.0,4,4,False,US.LITE,LITE,2024-12-05,-0.023815,92.64
4.0,4,4,False,US.LITE,LITE,2024-12-06,-0.021707,92.84
4.0,4,4,False,US.LITE,LITE,2024-12-09,-0.053741,89.8
4.0,4,4,False,US.LITE,LITE,2024-12-10,-0.083562,86.97
4.0,4,4,False,US.LITE,LITE,2024-12-11,-0.070601,88.2
4.0,4,4,False,US.LITE,LITE,2024-12-12,-0.04373,90.75
4.0,4,4,False,US.LITE,LITE,2024-12-13,-0.020864,92.92
4.0,4,4,False,US.LITE,LITE,2024-12-16,-0.018124,93.18
4.0,4,4,False,US.LITE,LITE,2024-12-17,-0.063014,88.92
4.0,4,4,False,US.LITE,LITE,2024-12-18,-0.126449,82.9
4.0,4,4,False,US.LITE,LITE,2024-12-19,-0.119494,83.56
4.0,4,4,False,US.LITE,LITE,2024-12-20,-0.103477,85.08
4.0,4,4,False,US.LITE,LITE,2024-12-23,-0.123077,83.22
4.0,4,4,False,US.LITE,LITE,2024-12-24,-0.111275,84.34
4.0,4,4,False,US.LITE,LITE,2024-12-26,-0.09705,85.69
4.0,4,4,False,US.LITE,LITE,2024-12-27,-0.111064,84.36
4.0,4,4,False,US.LITE,LITE,2024-12-30,-0.116544,83.84
4.0,4,4,False,US.LITE,LITE,2024-12-31,-0.115385,83.95
4.0,4,4,False,US.LITE,LITE,2025-01-02,-0.097998,85.6
4.0,4,4,False,US.LITE,LITE,2025-01-03,-0.058483,89.35
4.0,4,4,False,US.LITE,LITE,2025-01-06,-0.046997,90.44
4.0,4,4,False,US.LITE,LITE,2025-01-07,-0.087566,86.59
4.0,4,4,False,US.LITE,LITE,2025-01-08,-0.102318,85.19
4.0,4,4,False,US.LITE,LITE,2025-01-10,-0.110854,84.38
4.0,4,4,False,US.LITE,LITE,2025-01-13,-0.117597,83.74
4.0,4,4,False,US.LITE,LITE,2025-01-14,-0.103477,85.08
4.0,4,4,False,US.LITE,LITE,2025-01-15,-0.068493,88.4
4.0,4,4,False,US.LITE,LITE,2025-01-16,-0.058377,89.36
4.0,4,4,False,US.LITE,LITE,2025-01-17,-0.005163,94.41
4.0,4,4,False,US.LITE,LITE,2025-01-21,0.0,97.45
4.0,4,4,False,US.LITE,LITE,2025-01-22,0.0,100.38
4.0,4,4,False,US.LITE,LITE,2025-01-23,-0.01046,99.33
4.0,4,4,False,US.LITE,LITE,2025-01-24,-0.047121,95.65
4.0,4,4,False,US.LITE,LITE,2025-01-27,-0.261108,74.17
4.0,4,4,False,US.LITE,LITE,2025-01-28,-0.224945,77.8
4.0,4,4,False,US.LITE,LITE,2025-01-29,-0.223849,77.91
4.0,4,4,False,US.LITE,LITE,2025-01-30,-0.163379,83.98
4.0,4,4,False,US.LITE,LITE,2025-01-31,-0.15262,85.06
4.0,4,4,False,US.LITE,LITE,2025-02-03,-0.160092,84.31
4.0,4,4,False,US.LITE,LITE,2025-02-04,-0.139968,86.33
4.0,4,4,False,US.LITE,LITE,2025-02-05,-0.111476,89.19
4.0,4,4,False,US.LITE,LITE,2025-02-06,-0.076808,92.67
4.0,4,4,False,US.LITE,LITE,2025-02-07,-0.144252,85.9
4.0,4,4,False,US.LITE,LITE,2025-02-10,-0.183802,81.93
4.0,4,4,False,US.LITE,LITE,2025-02-11,-0.207013,79.6
4.0,4,4,False,US.LITE,LITE,2025-02-12,-0.210799,79.22
4.0,4,4,False,US.LITE,LITE,2025-02-13,-0.221658,78.13
4.0,4,4,False,US.LITE,LITE,2025-02-14,-0.226141,77.68
4.0,4,4,False,US.LITE,LITE,2025-02-18,-0.200837,80.22
4.0,4,4,False,US.LITE,LITE,2025-02-19,-0.230026,77.29
4.0,4,4,False,US.LITE,LITE,2025-02-20,-0.23949,76.34
4.0,4,4,False,US.LITE,LITE,2025-02-21,-0.269277,73.35
4.0,4,4,False,US.LITE,LITE,2025-02-24,-0.278043,72.47
4.0,4,4,False,US.LITE,LITE,2025-02-25,-0.298765,70.39
4.0,4,4,False,US.LITE,LITE,2025-02-26,-0.277745,72.5
4.0,4,4,False,US.LITE,LITE,2025-02-27,-0.306436,69.62
4.0,4,4,False,US.LITE,LITE,2025-02-28,-0.299362,70.33
4.0,4,4,False,US.LITE,LITE,2025-03-03,-0.345587,65.69
4.0,4,4,False,US.LITE,LITE,2025-03-04,-0.351564,65.09
4.0,4,4,False,US.LITE,LITE,2025-03-05,-0.329149,67.34
4.0,4,4,False,US.LITE,LITE,2025-03-06,-0.391413,61.09
4.0,4,4,False,US.LITE,LITE,2025-03-07,-0.381251,62.11
4.0,4,4,False,US.LITE,LITE,2025-03-10,-0.428073,57.41
4.0,4,4,False,US.LITE,LITE,2025-03-11,-0.381849,62.05
4.0,4,4,False,US.LITE,LITE,2025-03-12,-0.362224,64.02
4.0,4,4,False,US.LITE,LITE,2025-03-13,-0.399382,60.29
4.0,4,4,False,US.LITE,LITE,2025-03-14,-0.366308,63.61
4.0,4,4,False,US.LITE,LITE,2025-03-17,-0.319486,68.31
4.0,4,4,False,US.LITE,LITE,2025-03-18,-0.343694,65.88
4.0,4,4,False,US.LITE,LITE,2025-03-19,-0.330843,67.17
4.0,4,4,False,US.LITE,LITE,2025-03-20,-0.314306,68.83
4.0,4,4,False,US.LITE,LITE,2025-03-21,-0.336422,66.61
4.0,4,4,False,US.LITE,LITE,2025-03-24,-0.266487,73.63
4.0,4,4,False,US.LITE,LITE,2025-03-25,-0.29199,71.07
4.0,4,4,False,US.LITE,LITE,2025-03-26,-0.341403,66.11
4.0,4,4,False,US.LITE,LITE,2025-03-27,-0.362622,63.98
4.0,4,4,False,US.LITE,LITE,2025-03-28,-0.376569,62.58
4.0,4,4,False,US.LITE,LITE,2025-03-31,-0.37896,62.34
4.0,4,4,False,US.LITE,LITE,2025-04-01,-0.366507,63.59
4.0,4,4,False,US.LITE,LITE,2025-04-02,-0.33433,66.82
4.0,4,4,False,US.LITE,LITE,2025-04-03,-0.467523,53.45
4.0,4,4,False,US.LITE,LITE,2025-04-04,-0.506276,49.56
4.0,4,4,False,US.LITE,LITE,2025-04-07,-0.479378,52.26
4.0,4,4,False,US.LITE,LITE,2025-04-08,-0.501694,50.02
4.0,4,4,False,US.LITE,LITE,2025-04-09,-0.404164,59.81
4.0,4,4,False,US.LITE,LITE,2025-04-10,-0.457362,54.47
4.0,4,4,False,US.LITE,LITE,2025-04-11,-0.489241,51.27
4.0,4,4,False,US.LITE,LITE,2025-04-14,-0.478382,52.36
4.0,4,4,False,US.LITE,LITE,2025-04-15,-0.475095,52.69
4.0,4,4,False,US.LITE,LITE,2025-04-16,-0.479876,52.21
4.0,4,4,False,US.LITE,LITE,2025-04-17,-0.481969,52.0
4.0,4,4,False,US.LITE,LITE,2025-04-21,-0.501195,50.07
4.0,4,4,False,US.LITE,LITE,2025-04-22,-0.485555,51.64
4.0,4,4,False,US.LITE,LITE,2025-04-23,-0.450389,55.17
4.0,4,4,False,US.LITE,LITE,2025-04-24,-0.414525,58.77
4.0,4,4,False,US.LITE,LITE,2025-04-25,-0.402271,60.0
4.0,4,4,False,US.LITE,LITE,2025-04-28,-0.401474,60.08
4.0,4,4,False,US.LITE,LITE,2025-04-29,-0.40267,59.96
4.0,4,4,False,US.LITE,LITE,2025-04-30,-0.411835,59.04
4.0,4,4,False,US.LITE,LITE,2025-05-01,-0.387129,61.52
4.0,4,4,False,US.LITE,LITE,2025-05-02,-0.37378,62.86
4.0,4,4,False,US.LITE,LITE,2025-05-05,-0.370691,63.17
4.0,4,4,False,US.LITE,LITE,2025-05-06,-0.358239,64.42
4.0,4,4,False,US.LITE,LITE,2025-05-07,-0.340108,66.24
4.0,4,4,False,US.LITE,LITE,2025-05-08,-0.345886,65.66
4.0,4,4,False,US.LITE,LITE,2025-05-09,-0.353756,64.87
4.0,4,4,False,US.LITE,LITE,2025-05-12,-0.285415,71.73
4.0,4,4,False,US.LITE,LITE,2025-05-13,-0.257721,74.51
4.0,4,4,False,US.LITE,LITE,2025-05-14,-0.220064,78.29
4.0,4,4,False,US.LITE,LITE,2025-05-15,-0.225344,77.76
4.0,4,4,False,US.LITE,LITE,2025-05-16,-0.223451,77.95
4.0,4,4,False,US.LITE,LITE,2025-05-19,-0.224248,77.87
4.0,4,4,False,US.LITE,LITE,2025-05-20,-0.231819,77.11
4.0,4,4,False,US.LITE,LITE,2025-05-21,-0.243375,75.95
4.0,4,4,False,US.LITE,LITE,2025-05-22,-0.244073,75.88
4.0,4,4,False,US.LITE,LITE,2025-05-23,-0.245168,75.77
4.0,4,4,False,US.LITE,LITE,2025-05-27,-0.219267,78.37
4.0,4,4,False,US.LITE,LITE,2025-05-28,-0.223949,77.9
4.0,4,4,False,US.LITE,LITE,2025-05-29,-0.248755,75.41
4.0,4,4,False,US.LITE,LITE,2025-05-30,-0.279936,72.28
4.0,4,4,False,US.LITE,LITE,2025-06-02,-0.244272,75.86
4.0,4,4,False,US.LITE,LITE,2025-06-03,-0.22644,77.65
4.0,4,4,False,US.LITE,LITE,2025-06-04,-0.200239,80.28
4.0,4,4,False,US.LITE,LITE,2025-06-05,-0.186691,81.64
4.0,4,4,False,US.LITE,LITE,2025-06-06,-0.188484,81.46
4.0,4,4,False,US.LITE,LITE,2025-06-09,-0.182008,82.11
4.0,4,4,False,US.LITE,LITE,2025-06-10,-0.183503,81.96
4.0,4,4,False,US.LITE,LITE,2025-06-11,-0.179518,82.36
4.0,4,4,False,US.LITE,LITE,2025-06-12,-0.148237,85.5
4.0,4,4,False,US.LITE,LITE,2025-06-13,-0.178472,82.465
4.0,4,4,False,US.LITE,LITE,2025-06-16,-0.145447,85.78
4.0,4,4,False,US.LITE,LITE,2025-06-17,-0.139819,86.345
4.0,4,4,False,US.LITE,LITE,2025-06-18,-0.118749,88.46
4.0,4,4,False,US.LITE,LITE,2025-06-20,-0.106794,89.66
4.0,4,4,False,US.LITE,LITE,2025-06-23,-0.111775,89.16
4.0,4,4,False,US.LITE,LITE,2025-06-24,-0.085376,91.81
4.0,4,4,False,US.LITE,LITE,2025-06-25,-0.085774,91.77
4.0,4,4,False,US.LITE,LITE,2025-06-26,-0.056485,94.71
4.0,4,4,False,US.LITE,LITE,2025-06-27,-0.056087,94.75
4.0,4,4,False,US.LITE,LITE,2025-06-30,-0.052999,95.06
4.0,4,4,False,US.LITE,LITE,2025-07-01,-0.088563,91.49
4.0,4,4,False,US.LITE,LITE,2025-07-02,-0.091054,91.24
4.0,4,4,False,US.LITE,LITE,2025-07-03,-0.076011,92.75
4.0,4,4,False,US.LITE,LITE,2025-07-07,-0.092648,91.08
4.0,4,4,False,US.LITE,LITE,2025-07-08,-0.090357,91.31
4.0,4,4,False,US.LITE,LITE,2025-07-09,-0.099024,90.44
4.0,4,4,False,US.LITE,LITE,2025-07-10,-0.077306,92.62
4.0,4,4,False,US.LITE,LITE,2025-07-11,-0.07362,92.99
4.0,4,4,False,US.LITE,LITE,2025-07-14,-0.081092,92.24
4.0,4,4,False,US.LITE,LITE,2025-07-15,-0.022315,98.14
4.0,4,4,False,US.LITE,LITE,2025-07-16,-0.007472,99.63
4.0,4,4,False,US.LITE,LITE,2025-07-17,0.0,102.64
4.0,4,4,False,US.LITE,LITE,2025-07-18,-0.004092,102.22
4.0,4,4,False,US.LITE,LITE,2025-07-21,0.0,103.84
4.0,4,4,False,US.LITE,LITE,2025-07-22,-0.040543,99.63
4.0,4,4,False,US.LITE,LITE,2025-07-23,-0.016468,102.13
4.0,4,4,False,US.LITE,LITE,2025-07-24,-0.009534,102.85
4.0,4,4,False,US.LITE,LITE,2025-07-25,0.0,104.52
4.0,4,4,False,US.LITE,LITE,2025-07-28,0.0,107.17
4.0,4,4,False,US.LITE,LITE,2025-07-29,0.0,109.48
4.0,4,4,False,US.LITE,LITE,2025-07-30,0.0,109.85
4.0,4,4,False,US.LITE,LITE,2025-07-31,0.0,110.08
4.0,4,4,False,US.LITE,LITE,2025-08-01,-0.030887,106.68
4.0,4,4,False,US.LITE,LITE,2025-08-04,0.0,111.13
4.0,4,4,False,US.LITE,LITE,2025-08-05,-0.026815,108.15
4.0,4,4,False,US.LITE,LITE,2025-08-06,-0.010078,110.01
4.0,4,4,False,US.LITE,LITE,2025-08-07,0.0,111.13
4.0,4,4,False,US.LITE,LITE,2025-08-08,0.0,116.27
4.0,4,4,False,US.LITE,LITE,2025-08-11,-0.010665,115.03
4.0,4,4,False,US.LITE,LITE,2025-08-12,0.0,119.66
4.0,4,4,False,US.LITE,LITE,2025-08-13,0.0,120.23
4.0,4,4,False,US.LITE,LITE,2025-08-14,-0.046661,114.62
4.0,4,4,False,US.LITE,LITE,2025-08-15,-0.036347,115.86
4.0,4,4,False,US.LITE,LITE,2025-08-18,-0.010397,118.98
4.0,4,4,False,US.LITE,LITE,2025-08-19,-0.01888,117.96
4.0,4,4,False,US.LITE,LITE,2025-08-20,-0.036097,115.89
4.0,4,4,False,US.LITE,LITE,2025-08-21,-0.023289,117.43
4.0,4,4,False,US.LITE,LITE,2025-08-22,-0.007402,119.34
4.0,4,4,False,US.LITE,LITE,2025-08-25,0.0,123.42
4.0,4,4,False,US.LITE,LITE,2025-08-26,0.0,124.62
4.0,4,4,False,US.LITE,LITE,2025-08-27,0.0,125.84
4.0,4,4,False,US.LITE,LITE,2025-08-28,0.0,135.55
4.0,4,4,False,US.LITE,LITE,2025-08-29,-0.020214,132.81
4.0,4,4,False,US.LITE,LITE,2025-09-02,-0.022095,132.555
4.0,4,4,False,US.LITE,LITE,2025-09-03,-0.01055,134.12
4.0,4,4,False,US.LITE,LITE,2025-09-04,0.0,141.91
4.0,4,4,False,US.LITE,LITE,2025-09-05,0.0,149.46
4.0,4,4,False,US.LITE,LITE,2025-09-08,-0.000401,149.4
4.0,4,4,False,US.LITE,LITE,2025-09-09,0.0,151.73
4.0,4,4,False,US.LITE,LITE,2025-09-10,0.0,164.88
4.0,4,4,False,US.LITE,LITE,2025-09-11,0.0,164.88
4.0,4,4,False,US.LITE,LITE,2025-09-12,-0.011281,163.02
4.0,4,4,False,US.LITE,LITE,2025-09-15,0.0,168.77
4.0,4,4,False,US.LITE,LITE,2025-09-16,0.0,170.9
4.0,4,4,False,US.LITE,LITE,2025-09-17,-0.044236,163.34
4.0,4,4,False,US.LITE,LITE,2025-09-18,0.0,171.5
4.0,4,4,False,US.LITE,LITE,2025-09-19,-0.016152,168.73
4.0,4,4,False,US.LITE,LITE,2025-09-22,-0.039592,164.71
4.0,4,4,False,US.LITE,LITE,2025-09-23,-0.04379,163.99
4.0,4,4,False,US.LITE,LITE,2025-09-24,-0.109329,152.75
4.0,4,4,False,US.LITE,LITE,2025-09-25,-0.072245,159.11
4.0,4,4,False,US.LITE,LITE,2025-09-26,-0.062682,160.75
4.0,4,4,False,US.LITE,LITE,2025-09-29,-0.052012,162.58
4.0,4,4,False,US.LITE,LITE,2025-09-30,-0.051254,162.71
4.0,4,4,False,US.LITE,LITE,2025-10-01,-0.000583,171.4
4.0,4,4,False,US.LITE,LITE,2025-10-02,-0.010204,169.75
4.0,4,4,False,US.LITE,LITE,2025-10-03,-0.04484,163.81
4.0,4,4,False,US.LITE,LITE,2025-10-06,-0.063557,160.6
4.0,4,4,False,US.LITE,LITE,2025-10-07,-0.083673,157.15
4.0,4,4,False,US.LITE,LITE,2025-10-08,-0.049038,163.09
4.0,4,4,False,US.LITE,LITE,2025-10-09,-0.068455,159.76
4.0,4,4,False,US.LITE,LITE,2025-10-10,-0.127638,149.61
4.0,4,4,False,US.LITE,LITE,2025-10-13,-0.06379,160.56
4.0,4,4,False,US.LITE,LITE,2025-10-14,-0.085831,156.78
4.0,4,4,False,US.LITE,LITE,2025-10-15,-0.087055,156.57
4.0,4,4,False,US.LITE,LITE,2025-10-16,-0.048222,163.23
4.0,4,4,False,US.LITE,LITE,2025-10-17,-0.039242,164.77
4.0,4,4,False,US.LITE,LITE,2025-10-20,-0.061224,161.0
4.0,4,4,False,US.LITE,LITE,2025-10-21,-0.049854,162.95
4.0,4,4,False,US.LITE,LITE,2025-10-22,-0.078367,158.06
4.0,4,4,False,US.LITE,LITE,2025-10-23,-0.017493,168.5
4.0,4,4,False,US.LITE,LITE,2025-10-24,0.0,179.3
4.0,4,4,False,US.LITE,LITE,2025-10-27,0.0,193.8
4.0,4,4,False,US.LITE,LITE,2025-10-28,0.0,198.39
4.0,4,4,False,US.LITE,LITE,2025-10-29,0.0,214.28
4.0,4,4,False,US.LITE,LITE,2025-10-30,-0.066035,200.13
4.0,4,4,False,US.LITE,LITE,2025-10-31,-0.059362,201.56
4.0,4,4,False,US.LITE,LITE,2025-11-03,-0.068602,199.58
4.0,4,4,False,US.LITE,LITE,2025-11-04,-0.120963,188.36
4.0,4,4,False,US.LITE,LITE,2025-11-05,0.0,232.75
4.0,4,4,False,US.LITE,LITE,2025-11-06,0.0,239.68
4.0,4,4,False,US.LITE,LITE,2025-11-07,0.0,240.11
4.0,4,4,False,US.LITE,LITE,2025-11-10,0.0,259.89
4.0,4,4,False,US.LITE,LITE,2025-11-11,-0.028551,252.47
4.0,4,4,False,US.LITE,LITE,2025-11-12,-0.023395,253.81
4.0,4,4,False,US.LITE,LITE,2025-11-13,-0.127092,226.86
4.0,4,4,False,US.LITE,LITE,2025-11-14,-0.106737,232.15
4.0,4,4,False,US.LITE,LITE,2025-11-17,-0.068567,242.07
4.0,4,4,False,US.LITE,LITE,2025-11-18,-0.047943,247.43
4.0,4,4,False,US.LITE,LITE,2025-11-19,0.0,268.92
4.0,4,4,False,US.LITE,LITE,2025-11-20,-0.132679,233.24
4.0,4,4,False,US.LITE,LITE,2025-11-21,-0.049569,255.59
4.0,4,4,False,US.LITE,LITE,2025-11-24,0.0,299.36
4.0,4,4,False,US.LITE,LITE,2025-11-25,-0.027024,291.27
4.0,4,4,False,US.LITE,LITE,2025-11-26,0.0,308.28
4.0,4,4,False,US.LITE,LITE,2025-11-28,0.0,325.16
4.0,4,4,False,US.LITE,LITE,2025-12-01,-0.022235,317.93
4.0,4,4,False,US.LITE,LITE,2025-12-02,-0.068735,302.81
4.0,4,4,False,US.LITE,LITE,2025-12-03,-0.068213,302.98
4.0,4,4,False,US.LITE,LITE,2025-12-04,0.0,327.85
4.0,4,4,False,US.LITE,LITE,2025-12-05,0.0,331.41
4.0,4,4,False,US.LITE,LITE,2025-12-08,0.0,342.56
4.0,4,4,False,US.LITE,LITE,2025-12-09,0.0,360.33
4.0,4,4,False,US.LITE,LITE,2025-12-10,0.0,366.0
4.0,4,4,False,US.LITE,LITE,2025-12-11,0.0,372.09
4.0,4,4,False,US.LITE,LITE,2025-12-12,-0.128302,324.35
4.0,4,4,False,US.LITE,LITE,2025-12-15,-0.100513,334.69
4.0,4,4,False,US.LITE,LITE,2025-12-16,-0.15034,316.15
4.0,4,4,False,US.LITE,LITE,2025-12-17,-0.139321,320.25
4.0,4,4,False,US.LITE,LITE,2025-12-18,-0.093956,337.13
4.0,4,4,False,US.LITE,LITE,2025-12-19,-0.001774,371.43
4.0,4,4,False,US.LITE,LITE,2025-12-22,0.0,389.88
4.0,4,4,False,US.LITE,LITE,2025-12-23,-0.006335,387.41
4.0,4,4,False,US.LITE,LITE,2025-12-24,0.0,395.92
4.0,4,4,False,US.LITE,LITE,2025-12-26,-0.013008,390.77
4.0,4,4,False,US.LITE,LITE,2025-12-29,-0.058876,372.61
4.0,4,4,False,US.LITE,LITE,2025-12-30,-0.062487,371.18
4.0,4,4,False,US.LITE,LITE,2025-12-31,-0.069029,368.59
4.0,4,4,False,US.LITE,LITE,2026-01-02,-0.024778,386.11
4.0,4,4,False,US.LITE,LITE,2026-01-05,-0.098176,357.05
4.0,4,4,False,US.LITE,LITE,2026-01-06,0.0,397.42
4.0,4,4,False,US.LITE,LITE,2026-01-07,-0.011424,392.88
4.0,4,4,False,US.LITE,LITE,2026-01-08,-0.123698,348.26
4.0,4,4,False,US.LITE,LITE,2026-01-09,-0.115747,351.42
4.0,4,4,False,US.LITE,LITE,2026-01-12,-0.144809,339.87
4.0,4,4,False,US.LITE,LITE,2026-01-13,-0.090811,361.33
4.0,4,4,False,US.LITE,LITE,2026-01-14,-0.165568,331.62
4.0,4,4,False,US.LITE,LITE,2026-01-15,-0.136254,343.27
4.0,4,4,False,US.LITE,LITE,2026-01-16,-0.184113,324.25
4.0,4,4,False,US.LITE,LITE,2026-01-20,-0.102134,356.83
4.0,4,4,False,US.LITE,LITE,2026-01-21,-0.088018,362.44
4.0,4,4,False,US.LITE,LITE,2026-01-22,-0.108022,354.49
4.0,4,4,False,US.LITE,LITE,2026-01-23,-0.14652,339.19
4.0,4,4,False,US.LITE,LITE,2026-01-26,-0.163479,332.45
4.0,4,4,False,US.LITE,LITE,2026-01-27,-0.067334,370.66
4.0,4,4,False,US.LITE,LITE,2026-01-28,-0.031252,385.0
4.0,4,4,False,US.LITE,LITE,2026-01-29,-0.040209,381.44
4.0,4,4,False,US.LITE,LITE,2026-01-30,-0.014041,391.84
4.0,4,4,False,US.LITE,LITE,2026-02-02,0.0,423.42
4.0,4,4,False,US.LITE,LITE,2026-02-03,0.0,435.1
4.0,4,4,False,US.LITE,LITE,2026-02-04,0.0,465.54
4.0,4,4,False,US.LITE,LITE,2026-02-05,0.0,504.42
4.0,4,4,False,US.LITE,LITE,2026-02-06,0.0,551.99
4.0,4,4,False,US.LITE,LITE,2026-02-09,0.0,577.15
4.0,4,4,False,US.LITE,LITE,2026-02-10,-0.027757,561.13
4.0,4,4,False,US.LITE,LITE,2026-02-11,-0.005267,574.11
4.0,4,4,False,US.LITE,LITE,2026-02-12,0.0,583.46
4.0,4,4,False,US.LITE,LITE,2026-02-13,-0.035512,562.74
4.0,4,4,False,US.LITE,LITE,2026-02-17,0.0,600.42
4.0,4,4,False,US.LITE,LITE,2026-02-18,-0.010259,594.26
4.0,4,4,False,US.LITE,LITE,2026-02-19,0.0,635.64
4.0,4,4,False,US.LITE,LITE,2026-02-20,0.0,667.77
4.0,4,4,False,US.LITE,LITE,2026-02-23,0.0,674.73
4.0,4,4,False,US.LITE,LITE,2026-02-24,0.0,688.27
4.0,4,4,False,US.LITE,LITE,2026-02-25,0.0,723.39
4.0,4,4,False,US.LITE,LITE,2026-02-26,-0.064129,677.0
4.0,4,4,False,US.LITE,LITE,2026-02-27,-0.031076,700.91
4.0,4,4,False,US.LITE,LITE,2026-03-02,0.0,783.25
4.0,4,4,False,US.LITE,LITE,2026-03-03,-0.113399,694.43
4.0,4,4,False,US.LITE,LITE,2026-03-04,-0.130801,680.8
4.0,4,4,False,US.LITE,LITE,2026-03-05,-0.169078,650.82
4.0,4,4,False,US.LITE,LITE,2026-03-06,-0.287022,558.44
4.0,4,4,False,US.LITE,LITE,2026-03-09,-0.182011,640.69
4.0,4,4,False,US.LITE,LITE,2026-03-10,-0.142036,672.0
4.0,4,4,False,US.LITE,LITE,2026-03-11,-0.142036,672.0
4.0,4,4,False,US.LITE,LITE,2026-03-12,-0.213418,616.09
4.0,4,4,False,US.LITE,LITE,2026-03-13,-0.205235,622.5
4.0,4,4,False,US.LITE,LITE,2026-03-16,-0.202247,624.84
4.0,4,4,False,US.LITE,LITE,2026-03-17,-0.170686,649.56
4.0,4,4,False,US.LITE,LITE,2026-03-18,-0.105254,700.81
4.0,4,4,False,US.LITE,LITE,2026-03-19,-0.014197,772.13
4.0,4,4,False,US.LITE,LITE,2026-03-20,-0.098181,706.35
4.0,4,4,False,US.LITE,LITE,2026-03-23,-0.069327,728.95
4.0,4,4,False,US.LITE,LITE,2026-03-24,0.0,801.99
4.0,4,4,False,US.LITE,LITE,2026-03-25,-0.030948,777.17
4.0,4,4,False,US.LITE,LITE,2026-03-26,-0.141136,688.8
4.0,4,4,False,US.LITE,LITE,2026-03-27,-0.123767,702.73
4.0,4,4,False,US.LITE,LITE,2026-03-30,-0.183543,654.79
4.0,4,4,False,US.LITE,LITE,2026-03-31,-0.12373,702.76
4.0,4,4,False,US.LITE,LITE,2026-04-01,-0.046559,764.65
4.0,4,4,False,US.LITE,LITE,2026-04-02,0.0,826.88
4.0,4,4,False,US.LITE,LITE,2026-04-06,-0.066031,772.28
4.0,4,4,False,US.LITE,LITE,2026-04-07,-0.01346,815.75
4.0,4,4,False,US.LITE,LITE,2026-04-08,0.0,853.92
4.0,4,4,False,US.LITE,LITE,2026-04-09,0.0,932.075
4.0,4,4,False,US.LITE,LITE,2026-04-10,-0.050881,884.65
4.0,4,4,False,US.LITE,LITE,2026-04-13,-0.068744,868.0
4.0,4,4,False,US.LITE,LITE,2026-04-14,-0.091253,847.02
4.0,4,4,False,US.LITE,LITE,2026-04-15,-0.086291,851.645
4.0,4,4,False,US.LITE,LITE,2026-04-16,-0.043832,891.22
4.0,4,4,False,US.LITE,LITE,2026-04-17,-0.040775,894.07
4.0,4,4,False,US.LITE,LITE,2026-04-20,-0.047996,887.339
4.0,4,4,False,US.LITE,LITE,2026-04-21,-0.102089,836.92
4.0,4,4,False,US.LITE,LITE,2026-04-22,-0.062736,873.6
4.0,4,4,False,US.LITE,LITE,2026-04-23,-0.091393,846.89
4.0,4,4,False,US.LITE,LITE,2026-04-24,-0.05411,881.64
4.0,4,4,False,US.LITE,LITE,2026-04-27,-0.077671,859.68
4.0,4,4,False,US.LITE,LITE,2026-04-28,-0.150959,791.37
4.0,4,4,False,US.LITE,LITE,2026-04-29,-0.07913,858.32
4.0,4,4,False,US.LITE,LITE,2026-04-30,-0.031923,902.32
4.0,4,4,False,US.LITE,LITE,2026-05-01,0.0,949.93
4.0,4,4,False,US.LITE,LITE,2026-05-04,0.0,976.18
4.0,4,4,False,US.LITE,LITE,2026-05-05,0.0,994.56
4.0,4,4,False,US.LITE,LITE,2026-05-06,-0.050555,944.28
4.0,4,4,False,US.LITE,LITE,2026-05-07,-0.102538,892.58
4.0,4,4,False,US.LITE,LITE,2026-05-08,-0.091256,903.8
4.0,4,4,False,US.LITE,LITE,2026-05-11,0.0,1053.09
4.0,4,4,False,US.LITE,LITE,2026-05-12,-0.057659,992.37
4.0,4,4,False,US.LITE,LITE,2026-05-13,-0.021575,1030.37
4.0,4,4,False,US.LITE,LITE,2026-05-14,-0.048695,1001.81
4.0,4,4,False,US.LITE,LITE,2026-05-15,-0.078236,970.7
4.0,4,4,False,US.LITE,LITE,2026-05-18,-0.159635,884.98
4.0,4,4,False,US.LITE,LITE,2026-05-19,-0.154783,890.09
4.0,4,4,False,US.LITE,LITE,2026-05-20,-0.175692,868.07
4.0,4,4,False,US.LITE,LITE,2026-05-21,-0.084124,964.5
4.0,4,4,False,US.LITE,LITE,2026-05-22,-0.100837,946.9
4.0,4,4,False,US.LITE,LITE,2026-05-26,-0.135107,910.81
4.0,4,4,False,US.LITE,LITE,2026-05-27,-0.143179,902.31
4.0,4,4,False,US.LITE,LITE,2026-05-28,-0.182767,860.62
4.0,4,4,False,US.LITE,LITE,2026-05-29,-0.188142,854.96
4.0,4,4,False,US.LITE,LITE,2026-06-01,-0.140624,905.0
4.0,4,4,False,US.LITE,LITE,2026-06-02,-0.022733,1029.15
4.0,4,4,False,US.LITE,LITE,2026-06-03,-0.109288,938.0
4.0,4,4,False,US.LITE,LITE,2026-06-04,-0.102565,945.08
4.0,4,4,False,US.LITE,LITE,2026-06-05,-0.17988,863.66
4.0,4,4,False,US.LITE,LITE,2026-06-08,-0.14974,895.4
4.0,4,4,False,US.LITE,LITE,2026-06-09,-0.219668,821.76
4.0,4,4,False,US.LITE,LITE,2026-06-10,-0.189756,853.26
4.0,4,4,False,US.LITE,LITE,2026-06-11,-0.155257,889.59
4.0,4,4,False,US.LITE,LITE,2026-06-12,-0.124899,921.56
4.0,4,4,False,US.LITE,LITE,2026-06-15,-0.091018,957.24
4.0,4,4,False,US.LITE,LITE,2026-06-16,-0.16877,875.36
4.0,4,4,False,US.LITE,LITE,2026-06-17,-0.173879,869.98
4.0,4,4,False,US.LITE,LITE,2026-06-18,-0.192852,850.0
4.0,4,4,False,US.LITE,LITE,2026-06-22,-0.151136,893.93
4.0,4,4,False,US.LITE,LITE,2026-06-23,-0.213818,827.92
4.0,4,4,False,US.LITE,LITE,2026-06-24,-0.199945,842.53
4.0,4,4,False,US.LITE,LITE,2026-06-25,-0.181485,861.97
4.0,4,4,False,US.LITE,LITE,2026-06-26,-0.224207,816.98
4.0,4,4,False,US.LITE,LITE,2026-06-29,-0.191522,851.4
4.0,4,4,False,US.LITE,LITE,2026-06-30,-0.185198,858.06
4.0,4,4,False,US.LITE,LITE,2026-07-01,-0.239229,801.16
4.0,4,4,False,US.LITE,LITE,2026-07-02,-0.308397,728.32
4.0,4,4,False,US.LITE,LITE,2026-07-06,-0.305615,731.25
4.0,4,4,False,US.LITE,LITE,2026-07-07,-0.336325,698.91
4.0,4,4,False,US.LITE,LITE,2026-07-08,-0.328547,707.1
4.0,4,4,False,US.LITE,LITE,2026-07-09,-0.253843,785.77
4.0,4,4,False,US.LITE,LITE,2026-07-10,-0.238422,802.01
4.0,4,4,False,US.LITE,LITE,2026-07-13,-0.270575,768.15
4.0,4,4,False,US.LITE,LITE,2026-07-14,-0.226277,814.8
4.0,4,4,False,US.LITE,LITE,2026-07-15,-0.285911,752.0
4.0,4,4,False,US.LITE,LITE,2026-07-16,-0.329374,706.23
4.0,4,4,False,US.LITE,LITE,2026-07-17,-0.304124,732.82
4.0,4,4,False,US.LITE,LITE,2026-07-20,-0.273044,765.55
4.0,4,4,False,US.LITE,LITE,2026-07-21,-0.204664,837.56
4.0,4,4,False,US.LITE,LITE,2026-07-22,-0.212128,829.7
4.0,4,4,False,US.LITE,LITE,2026-07-23,-0.208387,833.64
4.0,4,4,False,US.LITE,LITE,2026-07-24,-0.275475,762.99
4.0,4,4,False,US.LITE,LITE,2026-07-27,-0.323932,711.96
4.0,4,4,False,US.LITE,LITE,2026-07-28,-0.380936,651.93
4.0,4,4,False,US.LITE,LITE,2026-07-29,-0.428017,602.35
4.0,4,4,False,US.LITE,LITE,2026-07-30,-0.341709,693.24
4.0,4,4,False,US.LITE,LITE,2026-07-31,-0.322052,713.94
4.0,4,4,False,US.LITE,LITE,2026-08-03,-0.259427,779.89
4.0,4,4,False,US.LITE,LITE,2026-08-04,-0.193355,849.47
4.0,4,4,False,US.LITE,LITE,2026-08-05,-0.215395,826.26
4.0,4,4,False,US.LITE,LITE,2026-08-06,-0.20419,838.06
4.0,4,4,False,US.LITE,LITE,2026-08-07,-0.154707,890.17
4.0,4,4,False,US.LITE,LITE,2026-08-10,-0.227502,813.51
4.0,4,4,False,US.LITE,LITE,2026-08-11,-0.220779,820.59
4.0,4,4,False,US.LITE,LITE,2026-08-12,-0.114539,932.47
4.0,4,4,False,US.LITE,LITE,2026-08-13,-0.163975,880.41
4.0,4,4,False,US.LITE,LITE,2026-08-14,-0.12055,926.14
4.0,4,4,False,US.LITE,LITE,2026-08-17,-0.079946,968.9
4.0,4,4,False,US.LITE,LITE,2026-08-18,-0.170717,873.31
4.0,4,4,False,US.LITE,LITE,2026-08-19,-0.214122,827.6
4.0,4,4,False,US.LITE,LITE,2026-08-20,-0.165048,879.28
4.0,4,4,False,US.LITE,LITE,2026-08-21,-0.176984,866.71
4.0,4,4,False,US.LITE,LITE,2026-08-24,-0.211682,830.17
4.0,4,4,False,US.LITE,LITE,2026-08-25,-0.159079,885.565
4.0,4,4,False,US.LITE,LITE,2026-08-26,-0.10831,939.03
4.0,4,4,False,US.LITE,LITE,2026-08-27,-0.092062,956.14
4.0,4,4,False,US.LITE,LITE,2026-08-28,-0.15012,895.0
4.0,4,4,False,US.LITE,LITE,2026-08-31,-0.131356,914.76
4.0,4,4,False,US.LITE,LITE,2026-09-01,-0.174857,868.95
4.0,4,4,False,US.LITE,LITE,2026-09-02,-0.173309,870.58
4.0,4,4,False,US.LITE,LITE,2026-09-03,-0.195349,847.37
4.0,4,4,False,US.LITE,LITE,2026-09-04,-0.163172,881.255
4.0,4,4,False,US.LITE,LITE,2026-09-08,-0.064626,985.033
5.0,5,5,False,US.BE,BE,2024-09-09,0.0,9.75
5.0,5,5,False,US.BE,BE,2024-09-10,0.0,10.15
5.0,5,5,False,US.BE,BE,2024-09-11,0.0,10.64
5.0,5,5,False,US.BE,BE,2024-09-12,-0.024436,10.38
5.0,5,5,False,US.BE,BE,2024-09-13,-0.041353,10.2
5.0,5,5,False,US.BE,BE,2024-09-16,-0.080827,9.78
5.0,5,5,False,US.BE,BE,2024-09-17,-0.051692,10.09
5.0,5,5,False,US.BE,BE,2024-09-18,-0.046992,10.14
5.0,5,5,False,US.BE,BE,2024-09-19,-0.037594,10.24
5.0,5,5,False,US.BE,BE,2024-09-20,0.0,10.91
5.0,5,5,False,US.BE,BE,2024-09-23,-0.004583,10.86
5.0,5,5,False,US.BE,BE,2024-09-24,-0.033914,10.54
5.0,5,5,False,US.BE,BE,2024-09-25,-0.066911,10.18
5.0,5,5,False,US.BE,BE,2024-09-26,-0.04583,10.41
5.0,5,5,False,US.BE,BE,2024-09-27,-0.019248,10.7
5.0,5,5,False,US.BE,BE,2024-09-30,-0.032081,10.56
5.0,5,5,False,US.BE,BE,2024-10-01,-0.064161,10.21
5.0,5,5,False,US.BE,BE,2024-10-02,-0.016499,10.73
5.0,5,5,False,US.BE,BE,2024-10-03,-0.023831,10.65
5.0,5,5,False,US.BE,BE,2024-10-04,-0.007333,10.83
5.0,5,5,False,US.BE,BE,2024-10-07,-0.050412,10.36
5.0,5,5,False,US.BE,BE,2024-10-08,-0.060495,10.25
5.0,5,5,False,US.BE,BE,2024-10-09,-0.032081,10.56
5.0,5,5,False,US.BE,BE,2024-10-10,-0.063245,10.22
5.0,5,5,False,US.BE,BE,2024-10-11,-0.015582,10.74
5.0,5,5,False,US.BE,BE,2024-10-14,-0.041247,10.46
5.0,5,5,False,US.BE,BE,2024-10-15,-0.041247,10.46
5.0,5,5,False,US.BE,BE,2024-10-16,-0.04583,10.41
5.0,5,5,False,US.BE,BE,2024-10-17,-0.068744,10.16
5.0,5,5,False,US.BE,BE,2024-10-18,-0.068744,10.16
5.0,5,5,False,US.BE,BE,2024-10-21,-0.095325,9.87
5.0,5,5,False,US.BE,BE,2024-10-22,-0.108158,9.73
5.0,5,5,False,US.BE,BE,2024-10-23,-0.171402,9.04
5.0,5,5,False,US.BE,BE,2024-10-24,-0.157654,9.19
5.0,5,5,False,US.BE,BE,2024-10-25,-0.129239,9.5
5.0,5,5,False,US.BE,BE,2024-10-28,-0.069661,10.15
5.0,5,5,False,US.BE,BE,2024-10-29,-0.070577,10.14
5.0,5,5,False,US.BE,BE,2024-10-30,-0.074244,10.1
5.0,5,5,False,US.BE,BE,2024-10-31,-0.120073,9.6
5.0,5,5,False,US.BE,BE,2024-11-01,-0.088909,9.94
5.0,5,5,False,US.BE,BE,2024-11-04,-0.008249,10.82
5.0,5,5,False,US.BE,BE,2024-11-05,0.0,11.4
5.0,5,5,False,US.BE,BE,2024-11-06,-0.037719,10.97
5.0,5,5,False,US.BE,BE,2024-11-07,-0.064035,10.67
5.0,5,5,False,US.BE,BE,2024-11-08,0.0,13.17
5.0,5,5,False,US.BE,BE,2024-11-11,0.0,13.62
5.0,5,5,False,US.BE,BE,2024-11-12,-0.005874,13.54
5.0,5,5,False,US.BE,BE,2024-11-13,-0.001468,13.6
5.0,5,5,False,US.BE,BE,2024-11-14,-0.024963,13.28
5.0,5,5,False,US.BE,BE,2024-11-15,0.0,21.14
5.0,5,5,False,US.BE,BE,2024-11-18,0.0,22.81
5.0,5,5,False,US.BE,BE,2024-11-19,0.0,23.75
5.0,5,5,False,US.BE,BE,2024-11-20,0.0,24.8
5.0,5,5,False,US.BE,BE,2024-11-21,-0.034677,23.94
5.0,5,5,False,US.BE,BE,2024-11-22,0.0,25.76
5.0,5,5,False,US.BE,BE,2024-11-25,0.0,25.95
5.0,5,5,False,US.BE,BE,2024-11-26,0.0,26.17
5.0,5,5,False,US.BE,BE,2024-11-27,0.0,27.21
5.0,5,5,False,US.BE,BE,2024-11-29,0.0,27.45
5.0,5,5,False,US.BE,BE,2024-12-02,-0.019308,26.92
5.0,5,5,False,US.BE,BE,2024-12-03,-0.047723,26.14
5.0,5,5,False,US.BE,BE,2024-12-04,-0.042623,26.28
5.0,5,5,False,US.BE,BE,2024-12-05,-0.054281,25.96
5.0,5,5,False,US.BE,BE,2024-12-06,-0.013479,27.08
5.0,5,5,False,US.BE,BE,2024-12-09,-0.031694,26.58
5.0,5,5,False,US.BE,BE,2024-12-10,-0.144991,23.47
5.0,5,5,False,US.BE,BE,2024-12-11,-0.140255,23.6
5.0,5,5,False,US.BE,BE,2024-12-12,-0.096175,24.81
5.0,5,5,False,US.BE,BE,2024-12-13,-0.06776,25.59
5.0,5,5,False,US.BE,BE,2024-12-16,-0.047359,26.15
5.0,5,5,False,US.BE,BE,2024-12-17,-0.097632,24.77
5.0,5,5,False,US.BE,BE,2024-12-18,-0.145355,23.46
5.0,5,5,False,US.BE,BE,2024-12-19,-0.166485,22.88
5.0,5,5,False,US.BE,BE,2024-12-20,-0.121311,24.12
5.0,5,5,False,US.BE,BE,2024-12-23,-0.118397,24.2
5.0,5,5,False,US.BE,BE,2024-12-24,-0.113661,24.33
5.0,5,5,False,US.BE,BE,2024-12-26,-0.113661,24.33
5.0,5,5,False,US.BE,BE,2024-12-27,-0.165756,22.9
5.0,5,5,False,US.BE,BE,2024-12-30,-0.179964,22.51
5.0,5,5,False,US.BE,BE,2024-12-31,-0.190893,22.21
5.0,5,5,False,US.BE,BE,2025-01-02,-0.148634,23.37
5.0,5,5,False,US.BE,BE,2025-01-03,-0.114026,24.32
5.0,5,5,False,US.BE,BE,2025-01-06,-0.071767,25.48
5.0,5,5,False,US.BE,BE,2025-01-07,-0.087067,25.06
5.0,5,5,False,US.BE,BE,2025-01-08,-0.11184,24.38
5.0,5,5,False,US.BE,BE,2025-01-10,-0.140984,23.58
5.0,5,5,False,US.BE,BE,2025-01-13,-0.16102,23.03
5.0,5,5,False,US.BE,BE,2025-01-14,-0.187614,22.3
5.0,5,5,False,US.BE,BE,2025-01-15,-0.174863,22.65
5.0,5,5,False,US.BE,BE,2025-01-16,-0.141712,23.56
5.0,5,5,False,US.BE,BE,2025-01-17,-0.128597,23.92
5.0,5,5,False,US.BE,BE,2025-01-21,-0.061931,25.75
5.0,5,5,False,US.BE,BE,2025-01-22,-0.069945,25.53
5.0,5,5,False,US.BE,BE,2025-01-23,0.0,27.67
5.0,5,5,False,US.BE,BE,2025-01-24,0.0,29.81
5.0,5,5,False,US.BE,BE,2025-01-27,-0.247903,22.42
5.0,5,5,False,US.BE,BE,2025-01-28,-0.315666,20.4
5.0,5,5,False,US.BE,BE,2025-01-29,-0.249245,22.38
5.0,5,5,False,US.BE,BE,2025-01-30,-0.211003,23.52
5.0,5,5,False,US.BE,BE,2025-01-31,-0.20899,23.58
5.0,5,5,False,US.BE,BE,2025-02-03,-0.209326,23.57
5.0,5,5,False,US.BE,BE,2025-02-04,-0.224757,23.11
5.0,5,5,False,US.BE,BE,2025-02-05,-0.186179,24.26
5.0,5,5,False,US.BE,BE,2025-02-06,-0.168735,24.78
5.0,5,5,False,US.BE,BE,2025-02-07,-0.168735,24.78
5.0,5,5,False,US.BE,BE,2025-02-10,-0.148272,25.39
5.0,5,5,False,US.BE,BE,2025-02-11,-0.192553,24.07
5.0,5,5,False,US.BE,BE,2025-02-12,-0.212345,23.48
5.0,5,5,False,US.BE,BE,2025-02-13,-0.171084,24.71
5.0,5,5,False,US.BE,BE,2025-02-14,-0.147601,25.41
5.0,5,5,False,US.BE,BE,2025-02-18,-0.127139,26.02
5.0,5,5,False,US.BE,BE,2025-02-19,-0.111037,26.5
5.0,5,5,False,US.BE,BE,2025-02-20,-0.128145,25.99
5.0,5,5,False,US.BE,BE,2025-02-21,-0.189198,24.17
5.0,5,5,False,US.BE,BE,2025-02-24,-0.238511,22.7
5.0,5,5,False,US.BE,BE,2025-02-25,-0.262999,21.97
5.0,5,5,False,US.BE,BE,2025-02-26,-0.215029,23.4
5.0,5,5,False,US.BE,BE,2025-02-27,-0.227105,23.04
5.0,5,5,False,US.BE,BE,2025-02-28,-0.19423,24.02
5.0,5,5,False,US.BE,BE,2025-03-03,-0.214358,23.42
5.0,5,5,False,US.BE,BE,2025-03-04,-0.238511,22.7
5.0,5,5,False,US.BE,BE,2025-03-05,-0.190876,24.12
5.0,5,5,False,US.BE,BE,2025-03-06,-0.24891,22.39
5.0,5,5,False,US.BE,BE,2025-03-07,-0.225763,23.08
5.0,5,5,False,US.BE,BE,2025-03-10,-0.241194,22.62
5.0,5,5,False,US.BE,BE,2025-03-11,-0.161355,25.0
5.0,5,5,False,US.BE,BE,2025-03-12,-0.176451,24.55
5.0,5,5,False,US.BE,BE,2025-03-13,-0.197249,23.93
5.0,5,5,False,US.BE,BE,2025-03-14,-0.179135,24.47
5.0,5,5,False,US.BE,BE,2025-03-17,-0.188527,24.19
5.0,5,5,False,US.BE,BE,2025-03-18,-0.201275,23.81
5.0,5,5,False,US.BE,BE,2025-03-19,-0.184502,24.31
5.0,5,5,False,US.BE,BE,2025-03-20,-0.147601,25.41
5.0,5,5,False,US.BE,BE,2025-03-21,-0.196578,23.95
5.0,5,5,False,US.BE,BE,2025-03-24,-0.22744,23.03
5.0,5,5,False,US.BE,BE,2025-03-25,-0.224757,23.11
5.0,5,5,False,US.BE,BE,2025-03-26,-0.2526,22.28
5.0,5,5,False,US.BE,BE,2025-03-27,-0.262328,21.99
5.0,5,5,False,US.BE,BE,2025-03-28,-0.318014,20.33
5.0,5,5,False,US.BE,BE,2025-03-31,-0.34049,19.66
5.0,5,5,False,US.BE,BE,2025-04-01,-0.287487,21.24
5.0,5,5,False,US.BE,BE,2025-04-02,-0.291513,21.12
5.0,5,5,False,US.BE,BE,2025-04-03,-0.351224,19.34
5.0,5,5,False,US.BE,BE,2025-04-04,-0.44314,16.6
5.0,5,5,False,US.BE,BE,2025-04-07,-0.421671,17.24
5.0,5,5,False,US.BE,BE,2025-04-08,-0.429051,17.02
5.0,5,5,False,US.BE,BE,2025-04-09,-0.400537,17.87
5.0,5,5,False,US.BE,BE,2025-04-10,-0.434753,16.85
5.0,5,5,False,US.BE,BE,2025-04-11,-0.408252,17.64
5.0,5,5,False,US.BE,BE,2025-04-14,-0.39953,17.9
5.0,5,5,False,US.BE,BE,2025-04-15,-0.385777,18.31
5.0,5,5,False,US.BE,BE,2025-04-16,-0.401879,17.83
5.0,5,5,False,US.BE,BE,2025-04-17,-0.429722,17.0
5.0,5,5,False,US.BE,BE,2025-04-21,-0.45052,16.38
5.0,5,5,False,US.BE,BE,2025-04-22,-0.433747,16.88
5.0,5,5,False,US.BE,BE,2025-04-23,-0.421,17.26
5.0,5,5,False,US.BE,BE,2025-04-24,-0.391479,18.14
5.0,5,5,False,US.BE,BE,2025-04-25,-0.364978,18.93
5.0,5,5,False,US.BE,BE,2025-04-28,-0.354579,19.24
5.0,5,5,False,US.BE,BE,2025-04-29,-0.365649,18.91
5.0,5,5,False,US.BE,BE,2025-04-30,-0.385441,18.32
5.0,5,5,False,US.BE,BE,2025-05-01,-0.436095,16.81
5.0,5,5,False,US.BE,BE,2025-05-02,-0.448507,16.44
5.0,5,5,False,US.BE,BE,2025-05-05,-0.452533,16.32
5.0,5,5,False,US.BE,BE,2025-05-06,-0.451862,16.34
5.0,5,5,False,US.BE,BE,2025-05-07,-0.445488,16.53
5.0,5,5,False,US.BE,BE,2025-05-08,-0.421671,17.24
5.0,5,5,False,US.BE,BE,2025-05-09,-0.408923,17.62
5.0,5,5,False,US.BE,BE,2025-05-12,-0.365649,18.91
5.0,5,5,False,US.BE,BE,2025-05-13,-0.357263,19.16
5.0,5,5,False,US.BE,BE,2025-05-14,-0.320698,20.25
5.0,5,5,False,US.BE,BE,2025-05-15,-0.335122,19.82
5.0,5,5,False,US.BE,BE,2025-05-16,-0.325394,20.11
5.0,5,5,False,US.BE,BE,2025-05-19,-0.354914,19.23
5.0,5,5,False,US.BE,BE,2025-05-20,-0.35894,19.11
5.0,5,5,False,US.BE,BE,2025-05-21,-0.389131,18.21
5.0,5,5,False,US.BE,BE,2025-05-22,-0.383764,18.37
5.0,5,5,False,US.BE,BE,2025-05-23,-0.346528,19.48
5.0,5,5,False,US.BE,BE,2025-05-27,-0.337135,19.76
5.0,5,5,False,US.BE,BE,2025-05-28,-0.342838,19.59
5.0,5,5,False,US.BE,BE,2025-05-29,-0.377055,18.57
5.0,5,5,False,US.BE,BE,2025-05-30,-0.380409,18.47
5.0,5,5,False,US.BE,BE,2025-06-02,-0.386783,18.28
5.0,5,5,False,US.BE,BE,2025-06-03,-0.31533,20.41
5.0,5,5,False,US.BE,BE,2025-06-04,-0.320698,20.25
5.0,5,5,False,US.BE,BE,2025-06-05,-0.313989,20.45
5.0,5,5,False,US.BE,BE,2025-06-06,-0.269373,21.78
5.0,5,5,False,US.BE,BE,2025-06-09,-0.281114,21.43
5.0,5,5,False,US.BE,BE,2025-06-10,-0.274405,21.63
5.0,5,5,False,US.BE,BE,2025-06-11,-0.244213,22.53
5.0,5,5,False,US.BE,BE,2025-06-12,-0.253606,22.25
5.0,5,5,False,US.BE,BE,2025-06-13,-0.26367,21.95
5.0,5,5,False,US.BE,BE,2025-06-16,-0.231466,22.91
5.0,5,5,False,US.BE,BE,2025-06-17,-0.284133,21.34
5.0,5,5,False,US.BE,BE,2025-06-18,-0.278766,21.5
5.0,5,5,False,US.BE,BE,2025-06-20,-0.270379,21.75
5.0,5,5,False,US.BE,BE,2025-06-23,-0.243207,22.56
5.0,5,5,False,US.BE,BE,2025-06-24,-0.230124,22.95
5.0,5,5,False,US.BE,BE,2025-06-25,-0.275411,21.6
5.0,5,5,False,US.BE,BE,2025-06-26,-0.250923,22.33
5.0,5,5,False,US.BE,BE,2025-06-27,-0.255954,22.18
5.0,5,5,False,US.BE,BE,2025-06-30,-0.197585,23.92
5.0,5,5,False,US.BE,BE,2025-07-01,-0.257632,22.13
5.0,5,5,False,US.BE,BE,2025-07-02,-0.243207,22.56
5.0,5,5,False,US.BE,BE,2025-07-03,-0.18685,24.24
5.0,5,5,False,US.BE,BE,2025-07-07,-0.182825,24.36
5.0,5,5,False,US.BE,BE,2025-07-08,-0.184837,24.3
5.0,5,5,False,US.BE,BE,2025-07-09,-0.0369,28.71
5.0,5,5,False,US.BE,BE,2025-07-10,-0.132841,25.85
5.0,5,5,False,US.BE,BE,2025-07-11,-0.147937,25.4
5.0,5,5,False,US.BE,BE,2025-07-14,-0.129151,25.96
5.0,5,5,False,US.BE,BE,2025-07-15,-0.150956,25.31
5.0,5,5,False,US.BE,BE,2025-07-16,-0.171754,24.69
5.0,5,5,False,US.BE,BE,2025-07-17,-0.184502,24.31
5.0,5,5,False,US.BE,BE,2025-07-18,-0.161691,24.99
5.0,5,5,False,US.BE,BE,2025-07-21,-0.149279,25.36
5.0,5,5,False,US.BE,BE,2025-07-22,-0.130158,25.93
5.0,5,5,False,US.BE,BE,2025-07-23,-0.097954,26.89
5.0,5,5,False,US.BE,BE,2025-07-24,0.0,33.06
5.0,5,5,False,US.BE,BE,2025-07-25,0.0,34.34
5.0,5,5,False,US.BE,BE,2025-07-28,0.0,34.78
5.0,5,5,False,US.BE,BE,2025-07-29,-0.000863,34.75
5.0,5,5,False,US.BE,BE,2025-07-30,0.0,37.62
5.0,5,5,False,US.BE,BE,2025-07-31,-0.006114,37.39
5.0,5,5,False,US.BE,BE,2025-08-01,-0.023923,36.72
5.0,5,5,False,US.BE,BE,2025-08-04,-0.040404,36.1
5.0,5,5,False,US.BE,BE,2025-08-05,-0.000266,37.61
5.0,5,5,False,US.BE,BE,2025-08-06,0.0,38.86
5.0,5,5,False,US.BE,BE,2025-08-07,-0.053011,36.8
5.0,5,5,False,US.BE,BE,2025-08-08,-0.053011,36.8
5.0,5,5,False,US.BE,BE,2025-08-11,-0.031137,37.65
5.0,5,5,False,US.BE,BE,2025-08-12,0.0,41.25
5.0,5,5,False,US.BE,BE,2025-08-13,0.0,44.08
5.0,5,5,False,US.BE,BE,2025-08-14,0.0,45.11
5.0,5,5,False,US.BE,BE,2025-08-15,0.0,45.28
5.0,5,5,False,US.BE,BE,2025-08-18,0.0,46.5
5.0,5,5,False,US.BE,BE,2025-08-19,-0.073118,43.1
5.0,5,5,False,US.BE,BE,2025-08-20,-0.042796,44.51
5.0,5,5,False,US.BE,BE,2025-08-21,-0.035914,44.83
5.0,5,5,False,US.BE,BE,2025-08-22,0.0,48.54
5.0,5,5,False,US.BE,BE,2025-08-25,0.0,49.35
5.0,5,5,False,US.BE,BE,2025-08-26,0.0,49.94
5.0,5,5,False,US.BE,BE,2025-08-27,0.0,50.85
5.0,5,5,False,US.BE,BE,2025-08-28,0.0,54.8
5.0,5,5,False,US.BE,BE,2025-08-29,-0.033942,52.94
5.0,5,5,False,US.BE,BE,2025-09-02,-0.062956,51.35
5.0,5,5,False,US.BE,BE,2025-09-03,-0.042883,52.45
5.0,5,5,False,US.BE,BE,2025-09-04,0.0,54.91
5.0,5,5,False,US.BE,BE,2025-09-05,0.0,57.07
5.0,5,5,False,US.BE,BE,2025-09-08,-0.063606,53.44
5.0,5,5,False,US.BE,BE,2025-09-09,-0.036271,55.0
5.0,5,5,False,US.BE,BE,2025-09-10,0.0,62.96
5.0,5,5,False,US.BE,BE,2025-09-11,0.0,67.29
5.0,5,5,False,US.BE,BE,2025-09-12,-0.000446,67.26
5.0,5,5,False,US.BE,BE,2025-09-15,-0.004012,67.02
5.0,5,5,False,US.BE,BE,2025-09-16,0.0,73.29
5.0,5,5,False,US.BE,BE,2025-09-17,0.0,79.67
5.0,5,5,False,US.BE,BE,2025-09-18,0.0,80.97
5.0,5,5,False,US.BE,BE,2025-09-19,0.0,84.93
5.0,5,5,False,US.BE,BE,2025-09-22,0.0,86.27
5.0,5,5,False,US.BE,BE,2025-09-23,-0.103049,77.38
5.0,5,5,False,US.BE,BE,2025-09-24,-0.198099,69.18
5.0,5,5,False,US.BE,BE,2025-09-25,-0.203779,68.69
5.0,5,5,False,US.BE,BE,2025-09-26,-0.184885,70.32
5.0,5,5,False,US.BE,BE,2025-09-29,-0.146864,73.6
5.0,5,5,False,US.BE,BE,2025-09-30,-0.019706,84.57
5.0,5,5,False,US.BE,BE,2025-10-01,0.0,90.19
5.0,5,5,False,US.BE,BE,2025-10-02,-0.024282,88.0
5.0,5,5,False,US.BE,BE,2025-10-03,0.0,90.29
5.0,5,5,False,US.BE,BE,2025-10-06,-0.03677,86.97
5.0,5,5,False,US.BE,BE,2025-10-07,-0.046849,86.06
5.0,5,5,False,US.BE,BE,2025-10-08,-0.030014,87.58
5.0,5,5,False,US.BE,BE,2025-10-09,-0.040315,86.65
5.0,5,5,False,US.BE,BE,2025-10-10,-0.037878,86.87
5.0,5,5,False,US.BE,BE,2025-10-13,0.0,109.91
5.0,5,5,False,US.BE,BE,2025-10-14,0.0,114.06
5.0,5,5,False,US.BE,BE,2025-10-15,0.0,116.58
5.0,5,5,False,US.BE,BE,2025-10-16,-0.012781,115.09
5.0,5,5,False,US.BE,BE,2025-10-17,-0.043575,111.5
5.0,5,5,False,US.BE,BE,2025-10-20,-0.064505,109.06
5.0,5,5,False,US.BE,BE,2025-10-21,-0.104649,104.38
5.0,5,5,False,US.BE,BE,2025-10-22,-0.190513,94.37
5.0,5,5,False,US.BE,BE,2025-10-23,-0.130039,101.42
5.0,5,5,False,US.BE,BE,2025-10-24,-0.053182,110.38
5.0,5,5,False,US.BE,BE,2025-10-27,-0.069051,108.53
5.0,5,5,False,US.BE,BE,2025-10-28,-0.028307,113.28
5.0,5,5,False,US.BE,BE,2025-10-29,0.0,133.71
5.0,5,5,False,US.BE,BE,2025-10-30,-0.043826,127.85
5.0,5,5,False,US.BE,BE,2025-10-31,-0.011592,132.16
5.0,5,5,False,US.BE,BE,2025-11-03,0.0,142.37
5.0,5,5,False,US.BE,BE,2025-11-04,-0.093559,129.05
5.0,5,5,False,US.BE,BE,2025-11-05,-0.006743,141.41
5.0,5,5,False,US.BE,BE,2025-11-06,-0.038702,136.86
5.0,5,5,False,US.BE,BE,2025-11-07,-0.050291,135.21
5.0,5,5,False,US.BE,BE,2025-11-10,-0.022055,139.23
5.0,5,5,False,US.BE,BE,2025-11-11,-0.107466,127.07
5.0,5,5,False,US.BE,BE,2025-11-12,-0.109925,126.72
5.0,5,5,False,US.BE,BE,2025-11-13,-0.27267,103.55
5.0,5,5,False,US.BE,BE,2025-11-14,-0.21409,111.89
5.0,5,5,False,US.BE,BE,2025-11-17,-0.247665,107.11
5.0,5,5,False,US.BE,BE,2025-11-18,-0.262696,104.97
5.0,5,5,False,US.BE,BE,2025-11-19,-0.234881,108.93
5.0,5,5,False,US.BE,BE,2025-11-20,-0.344103,93.38
5.0,5,5,False,US.BE,BE,2025-11-21,-0.367915,89.99
5.0,5,5,False,US.BE,BE,2025-11-24,-0.328791,95.56
5.0,5,5,False,US.BE,BE,2025-11-25,-0.337712,94.29
5.0,5,5,False,US.BE,BE,2025-11-26,-0.289598,101.14
5.0,5,5,False,US.BE,BE,2025-11-28,-0.232704,109.24
5.0,5,5,False,US.BE,BE,2025-12-01,-0.30512,98.93
5.0,5,5,False,US.BE,BE,2025-12-02,-0.262485,105.0
5.0,5,5,False,US.BE,BE,2025-12-03,-0.280045,102.5
5.0,5,5,False,US.BE,BE,2025-12-04,-0.170542,118.09
5.0,5,5,False,US.BE,BE,2025-12-05,-0.162885,119.18
5.0,5,5,False,US.BE,BE,2025-12-08,-0.214792,111.79
5.0,5,5,False,US.BE,BE,2025-12-09,-0.231299,109.44
5.0,5,5,False,US.BE,BE,2025-12-10,-0.288544,101.29
5.0,5,5,False,US.BE,BE,2025-12-11,-0.23446,108.99
5.0,5,5,False,US.BE,BE,2025-12-12,-0.332865,94.98
5.0,5,5,False,US.BE,BE,2025-12-15,-0.370794,89.58
5.0,5,5,False,US.BE,BE,2025-12-16,-0.384632,87.61
5.0,5,5,False,US.BE,BE,2025-12-17,-0.459366,76.97
5.0,5,5,False,US.BE,BE,2025-12-18,-0.436609,80.21
5.0,5,5,False,US.BE,BE,2025-12-19,-0.376133,88.82
5.0,5,5,False,US.BE,BE,2025-12-22,-0.35197,92.26
5.0,5,5,False,US.BE,BE,2025-12-23,-0.3578,91.43
5.0,5,5,False,US.BE,BE,2025-12-24,-0.354639,91.88
5.0,5,5,False,US.BE,BE,2025-12-26,-0.36658,90.18
5.0,5,5,False,US.BE,BE,2025-12-29,-0.379012,88.41
5.0,5,5,False,US.BE,BE,2025-12-30,-0.38709,87.26
5.0,5,5,False,US.BE,BE,2025-12-31,-0.389689,86.89
5.0,5,5,False,US.BE,BE,2026-01-02,-0.306806,98.69
5.0,5,5,False,US.BE,BE,2026-01-05,-0.270422,103.87
5.0,5,5,False,US.BE,BE,2026-01-06,-0.276182,103.05
5.0,5,5,False,US.BE,BE,2026-01-07,-0.241413,108.0
5.0,5,5,False,US.BE,BE,2026-01-08,-0.144202,121.84
5.0,5,5,False,US.BE,BE,2026-01-09,-0.058299,134.07
5.0,5,5,False,US.BE,BE,2026-01-12,-0.038632,136.87
5.0,5,5,False,US.BE,BE,2026-01-13,-0.018262,139.77
5.0,5,5,False,US.BE,BE,2026-01-14,-0.062583,133.46
5.0,5,5,False,US.BE,BE,2026-01-15,-0.022477,139.17
5.0,5,5,False,US.BE,BE,2026-01-16,0.0,149.5
5.0,5,5,False,US.BE,BE,2026-01-20,0.0,151.75
5.0,5,5,False,US.BE,BE,2026-01-21,-0.007842,150.56
5.0,5,5,False,US.BE,BE,2026-01-22,-0.040329,145.63
5.0,5,5,False,US.BE,BE,2026-01-23,-0.045206,144.89
5.0,5,5,False,US.BE,BE,2026-01-26,-0.079934,139.62
5.0,5,5,False,US.BE,BE,2026-01-27,0.0,152.31
5.0,5,5,False,US.BE,BE,2026-01-28,0.0,165.39
5.0,5,5,False,US.BE,BE,2026-01-29,-0.053691,156.51
5.0,5,5,False,US.BE,BE,2026-01-30,-0.084769,151.37
5.0,5,5,False,US.BE,BE,2026-02-02,-0.055989,156.13
5.0,5,5,False,US.BE,BE,2026-02-03,0.0,168.89
5.0,5,5,False,US.BE,BE,2026-02-04,-0.127539,147.35
5.0,5,5,False,US.BE,BE,2026-02-05,-0.19119,136.6
5.0,5,5,False,US.BE,BE,2026-02-06,-0.153117,143.03
5.0,5,5,False,US.BE,BE,2026-02-09,-0.081236,155.17
5.0,5,5,False,US.BE,BE,2026-02-10,-0.119545,148.7
5.0,5,5,False,US.BE,BE,2026-02-11,-0.079046,155.54
5.0,5,5,False,US.BE,BE,2026-02-12,-0.176801,139.03
5.0,5,5,False,US.BE,BE,2026-02-13,-0.172598,139.74
5.0,5,5,False,US.BE,BE,2026-02-17,-0.139558,145.32
5.0,5,5,False,US.BE,BE,2026-02-18,-0.068802,157.27
5.0,5,5,False,US.BE,BE,2026-02-19,-0.058559,159.0
5.0,5,5,False,US.BE,BE,2026-02-20,-0.126354,147.55
5.0,5,5,False,US.BE,BE,2026-02-23,-0.05098,160.28
5.0,5,5,False,US.BE,BE,2026-02-24,-0.015928,166.2
5.0,5,5,False,US.BE,BE,2026-02-25,0.0,174.77
5.0,5,5,False,US.BE,BE,2026-02-26,-0.035475,168.57
5.0,5,5,False,US.BE,BE,2026-02-27,-0.109286,155.67
5.0,5,5,False,US.BE,BE,2026-03-02,-0.05018,166.0
5.0,5,5,False,US.BE,BE,2026-03-03,-0.124449,153.02
5.0,5,5,False,US.BE,BE,2026-03-04,-0.057161,164.78
5.0,5,5,False,US.BE,BE,2026-03-05,-0.084568,159.99
5.0,5,5,False,US.BE,BE,2026-03-06,-0.226469,135.19
5.0,5,5,False,US.BE,BE,2026-03-09,-0.134176,151.32
5.0,5,5,False,US.BE,BE,2026-03-10,-0.118842,154.0
5.0,5,5,False,US.BE,BE,2026-03-11,-0.089031,159.21
5.0,5,5,False,US.BE,BE,2026-03-12,-0.100704,157.17
5.0,5,5,False,US.BE,BE,2026-03-13,-0.115924,154.51
5.0,5,5,False,US.BE,BE,2026-03-16,-0.120673,153.68
5.0,5,5,False,US.BE,BE,2026-03-17,-0.084225,160.05
5.0,5,5,False,US.BE,BE,2026-03-18,-0.10408,156.58
5.0,5,5,False,US.BE,BE,2026-03-19,-0.046232,166.69
5.0,5,5,False,US.BE,BE,2026-03-20,-0.141043,150.12
5.0,5,5,False,US.BE,BE,2026-03-23,-0.191337,141.33
5.0,5,5,False,US.BE,BE,2026-03-24,-0.165303,145.88
5.0,5,5,False,US.BE,BE,2026-03-25,-0.14047,150.22
5.0,5,5,False,US.BE,BE,2026-03-26,-0.236024,133.52
5.0,5,5,False,US.BE,BE,2026-03-27,-0.237627,133.24
5.0,5,5,False,US.BE,BE,2026-03-30,-0.316187,119.51
5.0,5,5,False,US.BE,BE,2026-03-31,-0.224753,135.49
5.0,5,5,False,US.BE,BE,2026-04-01,-0.242147,132.45
5.0,5,5,False,US.BE,BE,2026-04-02,-0.223951,135.63
5.0,5,5,False,US.BE,BE,2026-04-06,-0.227556,135.0
5.0,5,5,False,US.BE,BE,2026-04-07,-0.222349,135.91
5.0,5,5,False,US.BE,BE,2026-04-08,-0.124592,152.995
5.0,5,5,False,US.BE,BE,2026-04-09,-0.096892,157.8361
5.0,5,5,False,US.BE,BE,2026-04-10,-0.035475,168.57
5.0,5,5,False,US.BE,BE,2026-04-13,-0.061738,163.98
5.0,5,5,False,US.BE,BE,2026-04-14,0.0,202.1
5.0,5,5,False,US.BE,BE,2026-04-15,0.0,222.53
5.0,5,5,False,US.BE,BE,2026-04-16,-0.056037,210.06
5.0,5,5,False,US.BE,BE,2026-04-17,-0.065924,207.86
5.0,5,5,False,US.BE,BE,2026-04-20,-0.069856,206.985
5.0,5,5,False,US.BE,BE,2026-04-21,-0.00728,220.91
5.0,5,5,False,US.BE,BE,2026-04-22,0.0,229.75
5.0,5,5,False,US.BE,BE,2026-04-23,0.0,237.57
5.0,5,5,False,US.BE,BE,2026-04-24,-0.026939,231.17
5.0,5,5,False,US.BE,BE,2026-04-27,-0.012165,234.68
5.0,5,5,False,US.BE,BE,2026-04-28,-0.047144,226.37
5.0,5,5,False,US.BE,BE,2026-04-29,0.0,287.97
5.0,5,5,False,US.BE,BE,2026-04-30,-0.016009,283.36
5.0,5,5,False,US.BE,BE,2026-05-01,0.0,290.52
5.0,5,5,False,US.BE,BE,2026-05-04,-0.006471,288.64
5.0,5,5,False,US.BE,BE,2026-05-05,0.0,295.25
5.0,5,5,False,US.BE,BE,2026-05-06,-0.033124,285.47
5.0,5,5,False,US.BE,BE,2026-05-07,-0.123997,258.64
5.0,5,5,False,US.BE,BE,2026-05-08,-0.115902,261.03
5.0,5,5,False,US.BE,BE,2026-05-11,-0.038374,283.92
5.0,5,5,False,US.BE,BE,2026-05-12,-0.049314,280.69
5.0,5,5,False,US.BE,BE,2026-05-13,-0.018594,289.76
5.0,5,5,False,US.BE,BE,2026-05-14,0.0,303.41
5.0,5,5,False,US.BE,BE,2026-05-15,-0.090505,275.95
5.0,5,5,False,US.BE,BE,2026-05-18,-0.147325,258.71
5.0,5,5,False,US.BE,BE,2026-05-19,-0.138657,261.34
5.0,5,5,False,US.BE,BE,2026-05-20,-0.069543,282.31
5.0,5,5,False,US.BE,BE,2026-05-21,0.0,307.88
5.0,5,5,False,US.BE,BE,2026-05-22,-0.017507,302.49
5.0,5,5,False,US.BE,BE,2026-05-26,-0.017799,302.4
5.0,5,5,False,US.BE,BE,2026-05-27,-0.045732,293.8
5.0,5,5,False,US.BE,BE,2026-05-28,-0.058042,290.01
5.0,5,5,False,US.BE,BE,2026-05-29,-0.074315,285.0
5.0,5,5,False,US.BE,BE,2026-06-01,-0.111634,273.51
5.0,5,5,False,US.BE,BE,2026-06-02,-0.016338,302.85
5.0,5,5,False,US.BE,BE,2026-06-03,-0.066779,287.32
5.0,5,5,False,US.BE,BE,2026-06-04,-0.053625,291.37
5.0,5,5,False,US.BE,BE,2026-06-05,-0.14379,263.61
5.0,5,5,False,US.BE,BE,2026-06-08,-0.1764,253.57
5.0,5,5,False,US.BE,BE,2026-06-09,-0.156782,259.61
5.0,5,5,False,US.BE,BE,2026-06-10,-0.239217,234.23
5.0,5,5,False,US.BE,BE,2026-06-11,-0.191633,248.88
5.0,5,5,False,US.BE,BE,2026-06-12,-0.154801,260.22
5.0,5,5,False,US.BE,BE,2026-06-15,-0.108419,274.5
5.0,5,5,False,US.BE,BE,2026-06-16,-0.087697,280.88
5.0,5,5,False,US.BE,BE,2026-06-17,-0.074347,284.99
5.0,5,5,False,US.BE,BE,2026-06-18,0.0,328.91
5.0,5,5,False,US.BE,BE,2026-06-22,0.0,345.85
5.0,5,5,False,US.BE,BE,2026-06-23,-0.069018,321.98
5.0,5,5,False,US.BE,BE,2026-06-24,-0.056845,326.19
5.0,5,5,False,US.BE,BE,2026-06-25,-0.106029,309.18
5.0,5,5,False,US.BE,BE,2026-06-26,-0.271303,252.02
5.0,5,5,False,US.BE,BE,2026-06-29,-0.204829,275.01
5.0,5,5,False,US.BE,BE,2026-06-30,-0.124765,302.7
5.0,5,5,False,US.BE,BE,2026-07-01,-0.162932,289.5
5.0,5,5,False,US.BE,BE,2026-07-02,-0.216741,270.89
5.0,5,5,False,US.BE,BE,2026-07-06,-0.146884,295.05
5.0,5,5,False,US.BE,BE,2026-07-07,-0.220558,269.57
5.0,5,5,False,US.BE,BE,2026-07-08,-0.264739,254.29
5.0,5,5,False,US.BE,BE,2026-07-09,-0.256845,257.02
5.0,5,5,False,US.BE,BE,2026-07-10,-0.292728,244.61
5.0,5,5,False,US.BE,BE,2026-07-13,-0.324881,233.49
5.0,5,5,False,US.BE,BE,2026-07-14,-0.296227,243.4
5.0,5,5,False,US.BE,BE,2026-07-15,-0.30785,239.38
5.0,5,5,False,US.BE,BE,2026-07-16,-0.402255,206.73
5.0,5,5,False,US.BE,BE,2026-07-17,-0.378459,214.96
5.0,5,5,False,US.BE,BE,2026-07-20,-0.430215,197.06
5.0,5,5,False,US.BE,BE,2026-07-21,-0.345786,226.26
5.0,5,5,False,US.BE,BE,2026-07-22,-0.369033,218.22
5.0,5,5,False,US.BE,BE,2026-07-23,-0.371693,217.3
5.0,5,5,False,US.BE,BE,2026-07-24,-0.465404,184.89
5.0,5,5,False,US.BE,BE,2026-07-27,-0.455891,188.18
5.0,5,5,False,US.BE,BE,2026-07-28,-0.517594,166.84
5.0,5,5,False,US.BE,BE,2026-07-29,-0.526529,163.75
5.0,5,5,False,US.BE,BE,2026-07-30,-0.401128,207.12
5.0,5,5,False,US.BE,BE,2026-07-31,-0.404915,205.81
5.0,5,5,False,US.BE,BE,2026-08-03,-0.368744,218.32
5.0,5,5,False,US.BE,BE,2026-08-04,-0.340437,228.11
5.0,5,5,False,US.BE,BE,2026-08-05,-0.322452,234.33
5.0,5,5,False,US.BE,BE,2026-08-06,-0.337979,228.96
5.0,5,5,False,US.BE,BE,2026-08-07,-0.365794,219.34
5.0,5,5,False,US.BE,BE,2026-08-10,-0.390979,210.63
5.0,5,5,False,US.BE,BE,2026-08-11,-0.389302,211.21
5.0,5,5,False,US.BE,BE,2026-08-12,-0.314269,237.16
5.0,5,5,False,US.BE,BE,2026-08-13,-0.316987,236.22
5.0,5,5,False,US.BE,BE,2026-08-14,-0.335145,229.94
5.0,5,5,False,US.BE,BE,2026-08-17,-0.328726,232.16
5.0,5,5,False,US.BE,BE,2026-08-18,-0.395663,209.01
5.0,5,5,False,US.BE,BE,2026-08-19,-0.402544,206.63
5.0,5,5,False,US.BE,BE,2026-08-20,-0.414544,202.48
5.0,5,5,False,US.BE,BE,2026-08-21,-0.417522,201.45
5.0,5,5,False,US.BE,BE,2026-08-24,-0.410091,204.02
5.0,5,5,False,US.BE,BE,2026-08-25,-0.371259,217.45
5.0,5,5,False,US.BE,BE,2026-08-26,-0.369062,218.21
5.0,5,5,False,US.BE,BE,2026-08-27,-0.37016,217.83
5.0,5,5,False,US.BE,BE,2026-08-28,-0.390574,210.77
5.0,5,5,False,US.BE,BE,2026-08-31,-0.403499,206.3
5.0,5,5,False,US.BE,BE,2026-09-01,-0.382304,213.63
5.0,5,5,False,US.BE,BE,2026-09-02,-0.371751,217.28
5.0,5,5,False,US.BE,BE,2026-09-03,-0.318924,235.55
5.0,5,5,False,US.BE,BE,2026-09-04,-0.268845,252.87
5.0,5,5,False,US.BE,BE,2026-09-08,-0.202371,275.86
6.0,6,6,False,US.STX,STX,2024-09-09,0.0,97.847691
6.0,6,6,False,US.STX,STX,2024-09-10,0.0,98.735987
6.0,6,6,False,US.STX,STX,2024-09-11,0.0,98.996682
6.0,6,6,False,US.STX,STX,2024-09-12,-0.018629,97.152503
6.0,6,6,False,US.STX,STX,2024-09-13,-0.003901,98.610467
6.0,6,6,False,US.STX,STX,2024-09-16,-0.010631,97.944245
6.0,6,6,False,US.STX,STX,2024-09-17,-0.004486,98.552534
6.0,6,6,False,US.STX,STX,2024-09-18,-0.015605,97.45182
6.0,6,6,False,US.STX,STX,2024-09-19,0.0,100.531889
6.0,6,6,False,US.STX,STX,2024-09-20,0.0,101.130523
6.0,6,6,False,US.STX,STX,2024-09-23,0.0,102.919067
6.0,6,6,False,US.STX,STX,2024-09-24,0.0,103.648094
6.0,6,6,False,US.STX,STX,2024-09-25,0.0,104.746493
6.0,6,6,False,US.STX,STX,2024-09-26,0.0,107.662598
6.0,6,6,False,US.STX,STX,2024-09-27,-0.018238,105.699087
6.0,6,6,False,US.STX,STX,2024-09-30,-0.011105,106.466995
6.0,6,6,False,US.STX,STX,2024-10-01,-0.026544,104.804815
6.0,6,6,False,US.STX,STX,2024-10-02,-0.019863,105.524121
6.0,6,6,False,US.STX,STX,2024-10-03,-0.017696,105.75741
6.0,6,6,False,US.STX,STX,2024-10-04,-0.03178,104.241035
6.0,6,6,False,US.STX,STX,2024-10-07,-0.041802,103.162076
6.0,6,6,False,US.STX,STX,2024-10-08,-0.01905,105.611604
6.0,6,6,False,US.STX,STX,2024-10-09,-0.013272,106.233707
6.0,6,6,False,US.STX,STX,2024-10-10,-0.023835,105.096426
6.0,6,6,False,US.STX,STX,2024-10-11,-0.008577,106.739165
6.0,6,6,False,US.STX,STX,2024-10-14,0.0,107.954209
6.0,6,6,False,US.STX,STX,2024-10-15,0.0,108.663794
6.0,6,6,False,US.STX,STX,2024-10-16,-0.000537,108.605472
6.0,6,6,False,US.STX,STX,2024-10-17,0.0,109.305337
6.0,6,6,False,US.STX,STX,2024-10-18,-0.002935,108.984566
6.0,6,6,False,US.STX,STX,2024-10-21,-0.000356,109.266456
6.0,6,6,False,US.STX,STX,2024-10-22,0.0,109.490024
6.0,6,6,False,US.STX,STX,2024-10-23,-0.080966,100.625065
6.0,6,6,False,US.STX,STX,2024-10-24,-0.076882,101.072201
6.0,6,6,False,US.STX,STX,2024-10-25,-0.085494,100.129327
6.0,6,6,False,US.STX,STX,2024-10-28,-0.100497,98.486588
6.0,6,6,False,US.STX,STX,2024-10-29,-0.100408,98.496308
6.0,6,6,False,US.STX,STX,2024-10-30,-0.11408,96.999374
6.0,6,6,False,US.STX,STX,2024-10-31,-0.108931,97.563154
6.0,6,6,False,US.STX,STX,2024-11-01,-0.120117,96.33839
6.0,6,6,False,US.STX,STX,2024-11-04,-0.113192,97.096578
6.0,6,6,False,US.STX,STX,2024-11-05,-0.097567,98.807359
6.0,6,6,False,US.STX,STX,2024-11-06,-0.08576,100.100166
6.0,6,6,False,US.STX,STX,2024-11-07,-0.06685,102.1706
6.0,6,6,False,US.STX,STX,2024-11-08,-0.06978,101.849829
6.0,6,6,False,US.STX,STX,2024-11-11,-0.095881,98.992046
6.0,6,6,False,US.STX,STX,2024-11-12,-0.113991,97.009094
6.0,6,6,False,US.STX,STX,2024-11-13,-0.127575,95.521881
6.0,6,6,False,US.STX,STX,2024-11-14,-0.134766,94.734532
6.0,6,6,False,US.STX,STX,2024-11-15,-0.140714,94.083269
6.0,6,6,False,US.STX,STX,2024-11-18,-0.138672,94.306837
6.0,6,6,False,US.STX,STX,2024-11-19,-0.131747,95.065024
6.0,6,6,False,US.STX,STX,2024-11-20,-0.129794,95.278872
6.0,6,6,False,US.STX,STX,2024-11-21,-0.112926,97.125739
6.0,6,6,False,US.STX,STX,2024-11-22,-0.115589,96.834128
6.0,6,6,False,US.STX,STX,2024-11-25,-0.100142,98.525469
6.0,6,6,False,US.STX,STX,2024-11-26,-0.097479,98.81708
6.0,6,6,False,US.STX,STX,2024-11-27,-0.112216,97.203501
6.0,6,6,False,US.STX,STX,2024-11-29,-0.100408,98.496308
6.0,6,6,False,US.STX,STX,2024-12-02,-0.084162,100.275132
6.0,6,6,False,US.STX,STX,2024-12-03,-0.122869,96.037059
6.0,6,6,False,US.STX,STX,2024-12-04,-0.133256,94.899778
6.0,6,6,False,US.STX,STX,2024-12-05,-0.128374,95.434398
6.0,6,6,False,US.STX,STX,2024-12-06,-0.125444,95.755169
6.0,6,6,False,US.STX,STX,2024-12-09,-0.12136,96.202305
6.0,6,6,False,US.STX,STX,2024-12-10,-0.133612,94.860897
6.0,6,6,False,US.STX,STX,2024-12-11,-0.126509,95.638525
6.0,6,6,False,US.STX,STX,2024-12-12,-0.133168,94.909499
6.0,6,6,False,US.STX,STX,2024-12-13,-0.143632,93.763769
6.0,6,6,False,US.STX,STX,2024-12-16,-0.145152,93.597296
6.0,6,6,False,US.STX,STX,2024-12-17,-0.154901,92.529907
6.0,6,6,False,US.STX,STX,2024-12-18,-0.180749,89.699857
6.0,6,6,False,US.STX,STX,2024-12-19,-0.21706,85.724077
6.0,6,6,False,US.STX,STX,2024-12-20,-0.219117,85.498848
6.0,6,6,False,US.STX,STX,2024-12-23,-0.208206,86.69354
6.0,6,6,False,US.STX,STX,2024-12-24,-0.208564,86.65437
6.0,6,6,False,US.STX,STX,2024-12-26,-0.209369,86.566237
6.0,6,6,False,US.STX,STX,2024-12-27,-0.218402,85.577188
6.0,6,6,False,US.STX,STX,2024-12-30,-0.226094,84.735028
6.0,6,6,False,US.STX,STX,2024-12-31,-0.228061,84.519592
6.0,6,6,False,US.STX,STX,2025-01-02,-0.227346,84.597932
6.0,6,6,False,US.STX,STX,2025-01-03,-0.202661,87.300679
6.0,6,6,False,US.STX,STX,2025-01-06,-0.203019,87.261509
6.0,6,6,False,US.STX,STX,2025-01-07,-0.198636,87.741344
6.0,6,6,False,US.STX,STX,2025-01-08,-0.206775,86.850221
6.0,6,6,False,US.STX,STX,2025-01-10,-0.205165,87.026487
6.0,6,6,False,US.STX,STX,2025-01-13,-0.204629,87.085243
6.0,6,6,False,US.STX,STX,2025-01-14,-0.184058,89.337532
6.0,6,6,False,US.STX,STX,2025-01-15,-0.156243,92.383018
6.0,6,6,False,US.STX,STX,2025-01-16,-0.149714,93.097875
6.0,6,6,False,US.STX,STX,2025-01-17,-0.12646,95.643941
6.0,6,6,False,US.STX,STX,2025-01-21,-0.094441,99.149678
6.0,6,6,False,US.STX,STX,2025-01-22,-0.032461,105.935922
6.0,6,6,False,US.STX,STX,2025-01-23,-0.030314,106.170944
6.0,6,6,False,US.STX,STX,2025-01-24,-0.032371,105.945715
6.0,6,6,False,US.STX,STX,2025-01-27,-0.074496,101.333419
6.0,6,6,False,US.STX,STX,2025-01-28,-0.103206,98.190007
6.0,6,6,False,US.STX,STX,2025-01-29,-0.111166,97.318469
6.0,6,6,False,US.STX,STX,2025-01-30,-0.121004,96.241287
6.0,6,6,False,US.STX,STX,2025-01-31,-0.138176,94.361115
6.0,6,6,False,US.STX,STX,2025-02-03,-0.163934,91.540858
6.0,6,6,False,US.STX,STX,2025-02-04,-0.154722,92.549492
6.0,6,6,False,US.STX,STX,2025-02-05,-0.146494,93.450407
6.0,6,6,False,US.STX,STX,2025-02-06,-0.136566,94.537382
6.0,6,6,False,US.STX,STX,2025-02-07,-0.140054,94.155472
6.0,6,6,False,US.STX,STX,2025-02-10,-0.125297,95.771244
6.0,6,6,False,US.STX,STX,2025-02-11,-0.125029,95.800622
6.0,6,6,False,US.STX,STX,2025-02-12,-0.112686,97.151995
6.0,6,6,False,US.STX,STX,2025-02-13,-0.092384,99.374907
6.0,6,6,False,US.STX,STX,2025-02-14,-0.092473,99.365114
6.0,6,6,False,US.STX,STX,2025-02-18,-0.077895,100.961301
6.0,6,6,False,US.STX,STX,2025-02-19,-0.078789,100.863376
6.0,6,6,False,US.STX,STX,2025-02-20,-0.082009,100.510844
6.0,6,6,False,US.STX,STX,2025-02-21,-0.098019,98.757975
6.0,6,6,False,US.STX,STX,2025-02-24,-0.104905,98.003948
6.0,6,6,False,US.STX,STX,2025-02-25,-0.108125,97.651416
6.0,6,6,False,US.STX,STX,2025-02-26,-0.103206,98.190007
6.0,6,6,False,US.STX,STX,2025-02-27,-0.099628,98.581709
6.0,6,6,False,US.STX,STX,2025-02-28,-0.088538,99.795987
6.0,6,6,False,US.STX,STX,2025-03-03,-0.105084,97.984363
6.0,6,6,False,US.STX,STX,2025-03-04,-0.158568,92.128412
6.0,6,6,False,US.STX,STX,2025-03-05,-0.173325,90.512639
6.0,6,6,False,US.STX,STX,2025-03-06,-0.22511,84.842746
6.0,6,6,False,US.STX,STX,2025-03-07,-0.212946,86.174535
6.0,6,6,False,US.STX,STX,2025-03-10,-0.227167,84.617518
6.0,6,6,False,US.STX,STX,2025-03-11,-0.222158,85.165901
6.0,6,6,False,US.STX,STX,2025-03-12,-0.224305,84.930879
6.0,6,6,False,US.STX,STX,2025-03-13,-0.234232,83.843905
6.0,6,6,False,US.STX,STX,2025-03-14,-0.213841,86.076609
6.0,6,6,False,US.STX,STX,2025-03-17,-0.190497,88.632467
6.0,6,6,False,US.STX,STX,2025-03-18,-0.207222,86.801259
6.0,6,6,False,US.STX,STX,2025-03-19,-0.198115,87.798407
6.0,6,6,False,US.STX,STX,2025-03-20,-0.203074,87.255405
6.0,6,6,False,US.STX,STX,2025-03-21,-0.204066,87.146805
6.0,6,6,False,US.STX,STX,2025-03-24,-0.199377,87.660188
6.0,6,6,False,US.STX,STX,2025-03-25,-0.206862,86.84075
6.0,6,6,False,US.STX,STX,2025-03-26,-0.209837,86.514949
6.0,6,6,False,US.STX,STX,2025-03-27,-0.211009,86.386603
6.0,6,6,False,US.STX,STX,2025-03-28,-0.234273,83.839432
6.0,6,6,False,US.STX,STX,2025-03-31,-0.234003,83.86905
6.0,6,6,False,US.STX,STX,2025-04-01,-0.2377,83.464268
6.0,6,6,False,US.STX,STX,2025-04-02,-0.228863,84.431798
6.0,6,6,False,US.STX,STX,2025-04-03,-0.355011,70.619814
6.0,6,6,False,US.STX,STX,2025-04-04,-0.398293,65.880892
6.0,6,6,False,US.STX,STX,2025-04-07,-0.38089,67.786333
6.0,6,6,False,US.STX,STX,2025-04-08,-0.400006,65.693309
6.0,6,6,False,US.STX,STX,2025-04-09,-0.330124,73.344694
6.0,6,6,False,US.STX,STX,2025-04-10,-0.371152,68.852591
6.0,6,6,False,US.STX,STX,2025-04-11,-0.367455,69.257374
6.0,6,6,False,US.STX,STX,2025-04-14,-0.344732,71.745308
6.0,6,6,False,US.STX,STX,2025-04-15,-0.350773,71.083833
6.0,6,6,False,US.STX,STX,2025-04-16,-0.343379,71.893399
6.0,6,6,False,US.STX,STX,2025-04-17,-0.316689,74.815735
6.0,6,6,False,US.STX,STX,2025-04-21,-0.333371,72.989275
6.0,6,6,False,US.STX,STX,2025-04-22,-0.320476,74.401079
6.0,6,6,False,US.STX,STX,2025-04-23,-0.29586,77.096341
6.0,6,6,False,US.STX,STX,2025-04-24,-0.251225,81.983354
6.0,6,6,False,US.STX,STX,2025-04-25,-0.254291,81.647681
6.0,6,6,False,US.STX,STX,2025-04-28,-0.25916,81.114552
6.0,6,6,False,US.STX,STX,2025-04-29,-0.26421,80.561678
6.0,6,6,False,US.STX,STX,2025-04-30,-0.179179,89.871685
6.0,6,6,False,US.STX,STX,2025-05-01,-0.188377,88.864664
6.0,6,6,False,US.STX,STX,2025-05-02,-0.160784,91.885727
6.0,6,6,False,US.STX,STX,2025-05-05,-0.156186,92.389238
6.0,6,6,False,US.STX,STX,2025-05-06,-0.1533,92.705166
6.0,6,6,False,US.STX,STX,2025-05-07,-0.139324,94.235443
6.0,6,6,False,US.STX,STX,2025-05-08,-0.131659,95.074627
6.0,6,6,False,US.STX,STX,2025-05-09,-0.13698,94.492134
6.0,6,6,False,US.STX,STX,2025-05-12,-0.080713,100.652733
6.0,6,6,False,US.STX,STX,2025-05-13,-0.048973,104.127943
6.0,6,6,False,US.STX,STX,2025-05-14,-0.051498,103.851506
6.0,6,6,False,US.STX,STX,2025-05-15,-0.0313,106.063003
6.0,6,6,False,US.STX,STX,2025-05-16,-0.028054,106.418422
6.0,6,6,False,US.STX,STX,2025-05-19,-0.016782,107.652516
6.0,6,6,False,US.STX,STX,2025-05-20,-0.035448,105.608856
6.0,6,6,False,US.STX,STX,2025-05-21,-0.058351,103.101176
6.0,6,6,False,US.STX,STX,2025-05-22,-0.018405,107.474807
6.0,6,6,False,US.STX,STX,2025-05-23,0.0,111.305436
6.0,6,6,False,US.STX,STX,2025-05-27,0.0,115.560593
6.0,6,6,False,US.STX,STX,2025-05-28,0.0,115.846903
6.0,6,6,False,US.STX,STX,2025-05-29,0.0,116.636723
6.0,6,6,False,US.STX,STX,2025-05-30,-0.001693,116.439268
6.0,6,6,False,US.STX,STX,2025-06-02,0.0,117.633871
6.0,6,6,False,US.STX,STX,2025-06-03,0.0,121.661955
6.0,6,6,False,US.STX,STX,2025-06-04,0.0,126.01584
6.0,6,6,False,US.STX,STX,2025-06-05,0.0,126.075076
6.0,6,6,False,US.STX,STX,2025-06-06,-0.005717,125.354365
6.0,6,6,False,US.STX,STX,2025-06-09,0.0,128.513647
6.0,6,6,False,US.STX,STX,2025-06-10,-0.016747,126.361386
6.0,6,6,False,US.STX,STX,2025-06-11,-0.028271,124.880473
6.0,6,6,False,US.STX,STX,2025-06-12,-0.031497,124.465817
6.0,6,6,False,US.STX,STX,2025-06-13,-0.022279,125.650548
6.0,6,6,False,US.STX,STX,2025-06-16,0.0,129.372577
6.0,6,6,False,US.STX,STX,2025-06-17,-0.001297,129.20474
6.0,6,6,False,US.STX,STX,2025-06-18,0.0,129.629268
6.0,6,6,False,US.STX,STX,2025-06-20,-0.002589,129.293595
6.0,6,6,False,US.STX,STX,2025-06-23,0.0,131.386618
6.0,6,6,False,US.STX,STX,2025-06-24,0.0,134.575518
6.0,6,6,False,US.STX,STX,2025-06-25,0.0,137.503446
6.0,6,6,False,US.STX,STX,2025-06-26,0.0,139.63736
6.0,6,6,False,US.STX,STX,2025-06-27,0.0,140.381749
6.0,6,6,False,US.STX,STX,2025-06-30,0.0,143.250126
6.0,6,6,False,US.STX,STX,2025-07-01,0.0,143.954813
6.0,6,6,False,US.STX,STX,2025-07-02,0.0,150.803188
6.0,6,6,False,US.STX,STX,2025-07-03,-0.016454,148.321893
6.0,6,6,False,US.STX,STX,2025-07-07,-0.023364,147.279749
6.0,6,6,False,US.STX,STX,2025-07-08,-0.049164,143.389078
6.0,6,6,False,US.STX,STX,2025-07-09,-0.065355,140.947484
6.0,6,6,False,US.STX,STX,2025-07-10,-0.048967,143.418854
6.0,6,6,False,US.STX,STX,2025-07-11,-0.031328,146.078802
6.0,6,6,False,US.STX,STX,2025-07-14,-0.018823,147.964586
6.0,6,6,False,US.STX,STX,2025-07-15,-0.019021,147.934811
6.0,6,6,False,US.STX,STX,2025-07-16,-0.031723,146.019251
6.0,6,6,False,US.STX,STX,2025-07-17,-0.034356,145.622244
6.0,6,6,False,US.STX,STX,2025-07-18,-0.018856,147.959624
6.0,6,6,False,US.STX,STX,2025-07-21,-0.015203,148.510471
6.0,6,6,False,US.STX,STX,2025-07-22,-0.035211,145.493216
6.0,6,6,False,US.STX,STX,2025-07-23,0.0,151.617053
6.0,6,6,False,US.STX,STX,2025-07-24,-0.000196,151.587277
6.0,6,6,False,US.STX,STX,2025-07-25,-0.012241,149.761044
6.0,6,6,False,US.STX,STX,2025-07-28,-0.015056,149.334261
6.0,6,6,False,US.STX,STX,2025-07-29,-0.000524,151.537651
6.0,6,6,False,US.STX,STX,2025-07-30,-0.034957,146.317006
6.0,6,6,False,US.STX,STX,2025-07-31,0.0,155.835254
6.0,6,6,False,US.STX,STX,2025-08-01,-0.014012,153.651715
6.0,6,6,False,US.STX,STX,2025-08-04,-0.014012,153.651715
6.0,6,6,False,US.STX,STX,2025-08-05,-0.033565,150.604684
6.0,6,6,False,US.STX,STX,2025-08-06,-0.062034,146.168129
6.0,6,6,False,US.STX,STX,2025-08-07,-0.056748,146.991919
6.0,6,6,False,US.STX,STX,2025-08-08,-0.041781,149.324336
6.0,6,6,False,US.STX,STX,2025-08-11,-0.033883,150.555058
6.0,6,6,False,US.STX,STX,2025-08-12,-0.009044,154.425879
6.0,6,6,False,US.STX,STX,2025-08-13,-0.000573,155.745928
6.0,6,6,False,US.STX,STX,2025-08-14,-0.008152,154.564831
6.0,6,6,False,US.STX,STX,2025-08-15,-0.016432,153.274558
6.0,6,6,False,US.STX,STX,2025-08-18,0.0,157.51261
6.0,6,6,False,US.STX,STX,2025-08-19,-0.004852,156.748371
6.0,6,6,False,US.STX,STX,2025-08-20,-0.00189,157.214854
6.0,6,6,False,US.STX,STX,2025-08-21,-0.025835,153.443286
6.0,6,6,False,US.STX,STX,2025-08-22,0.0,158.018794
6.0,6,6,False,US.STX,STX,2025-08-25,0.0,162.772955
6.0,6,6,False,US.STX,STX,2025-08-26,0.0,164.003677
6.0,6,6,False,US.STX,STX,2025-08-27,0.0,165.988713
6.0,6,6,False,US.STX,STX,2025-08-28,0.0,171.090256
6.0,6,6,False,US.STX,STX,2025-08-29,-0.02889,166.147516
6.0,6,6,False,US.STX,STX,2025-09-02,-0.010906,169.224322
6.0,6,6,False,US.STX,STX,2025-09-03,0.0,175.000777
6.0,6,6,False,US.STX,STX,2025-09-04,0.0,182.603465
6.0,6,6,False,US.STX,STX,2025-09-05,0.0,186.75219
6.0,6,6,False,US.STX,STX,2025-09-08,0.0,187.82411
6.0,6,6,False,US.STX,STX,2025-09-09,0.0,190.156527
6.0,6,6,False,US.STX,STX,2025-09-10,0.0,191.595678
6.0,6,6,False,US.STX,STX,2025-09-11,0.0,195.337471
6.0,6,6,False,US.STX,STX,2025-09-12,-0.004166,194.523607
6.0,6,6,False,US.STX,STX,2025-09-15,0.0,209.540404
6.0,6,6,False,US.STX,STX,2025-09-16,0.0,209.550329
6.0,6,6,False,US.STX,STX,2025-09-17,0.0,211.763645
6.0,6,6,False,US.STX,STX,2025-09-18,0.0,215.019104
6.0,6,6,False,US.STX,STX,2025-09-19,0.0,219.574761
6.0,6,6,False,US.STX,STX,2025-09-22,0.0,227.614157
6.0,6,6,False,US.STX,STX,2025-09-23,-0.005233,226.423136
6.0,6,6,False,US.STX,STX,2025-09-24,-0.02455,222.026281
6.0,6,6,False,US.STX,STX,2025-09-25,-0.041338,218.205086
6.0,6,6,False,US.STX,STX,2025-09-26,-0.051541,215.882594
6.0,6,6,False,US.STX,STX,2025-09-29,-0.000829,227.425579
6.0,6,6,False,US.STX,STX,2025-09-30,0.0,235.032318
6.0,6,6,False,US.STX,STX,2025-10-01,0.0,255.721853
6.0,6,6,False,US.STX,STX,2025-10-02,-0.008176,253.630996
6.0,6,6,False,US.STX,STX,2025-10-03,-0.015769,251.689485
6.0,6,6,False,US.STX,STX,2025-10-06,-0.054548,241.772845
6.0,6,6,False,US.STX,STX,2025-10-07,-0.123929,224.030424
6.0,6,6,False,US.STX,STX,2025-10-08,-0.126499,223.373298
6.0,6,6,False,US.STX,STX,2025-10-09,-0.136817,220.734834
6.0,6,6,False,US.STX,STX,2025-10-10,-0.165317,213.446702
6.0,6,6,False,US.STX,STX,2025-10-13,-0.145343,218.554368
6.0,6,6,False,US.STX,STX,2025-10-14,-0.176024,210.708674
6.0,6,6,False,US.STX,STX,2025-10-15,-0.14585,218.424934
6.0,6,6,False,US.STX,STX,2025-10-16,-0.119958,225.045984
6.0,6,6,False,US.STX,STX,2025-10-17,-0.122411,224.418727
6.0,6,6,False,US.STX,STX,2025-10-20,-0.165239,213.466615
6.0,6,6,False,US.STX,STX,2025-10-21,-0.164577,213.635875
6.0,6,6,False,US.STX,STX,2025-10-22,-0.162708,214.113785
6.0,6,6,False,US.STX,STX,2025-10-23,-0.118478,225.424329
6.0,6,6,False,US.STX,STX,2025-10-24,-0.08846,233.100764
6.0,6,6,False,US.STX,STX,2025-10-27,-0.103255,229.317307
6.0,6,6,False,US.STX,STX,2025-10-28,-0.131755,222.029175
6.0,6,6,False,US.STX,STX,2025-10-29,0.0,264.46363
6.0,6,6,False,US.STX,STX,2025-10-30,0.0,267.16681
6.0,6,6,False,US.STX,STX,2025-10-31,-0.046416,254.766033
6.0,6,6,False,US.STX,STX,2025-11-03,-0.010379,264.393934
6.0,6,6,False,US.STX,STX,2025-11-04,-0.066913,249.289977
6.0,6,6,False,US.STX,STX,2025-11-05,0.0,274.569442
6.0,6,6,False,US.STX,STX,2025-11-06,0.0,277.257688
6.0,6,6,False,US.STX,STX,2025-11-07,0.0,278.133856
6.0,6,6,False,US.STX,STX,2025-11-10,0.0,292.710122
6.0,6,6,False,US.STX,STX,2025-11-11,-0.020375,286.746199
6.0,6,6,False,US.STX,STX,2025-11-12,-0.036498,282.026834
6.0,6,6,False,US.STX,STX,2025-11-13,-0.106908,261.416951
6.0,6,6,False,US.STX,STX,2025-11-14,-0.121705,257.085889
6.0,6,6,False,US.STX,STX,2025-11-17,-0.110922,260.242088
6.0,6,6,False,US.STX,STX,2025-11-18,-0.136501,252.754827
6.0,6,6,False,US.STX,STX,2025-11-19,-0.118558,258.006862
6.0,6,6,False,US.STX,STX,2025-11-20,-0.181945,239.452989
6.0,6,6,False,US.STX,STX,2025-11-21,-0.192183,236.456093
6.0,6,6,False,US.STX,STX,2025-11-24,-0.138134,252.276916
6.0,6,6,False,US.STX,STX,2025-11-25,-0.109187,260.749868
6.0,6,6,False,US.STX,STX,2025-11-26,-0.073846,271.094636
6.0,6,6,False,US.STX,STX,2025-11-28,-0.058846,275.485437
6.0,6,6,False,US.STX,STX,2025-12-01,-0.081261,268.924126
6.0,6,6,False,US.STX,STX,2025-12-02,-0.092248,265.708188
6.0,6,6,False,US.STX,STX,2025-12-03,-0.12014,257.543886
6.0,6,6,False,US.STX,STX,2025-12-04,-0.096466,264.473586
6.0,6,6,False,US.STX,STX,2025-12-05,-0.051702,277.576294
6.0,6,6,False,US.STX,STX,2025-12-08,-0.029185,284.167474
6.0,6,6,False,US.STX,STX,2025-12-09,-0.037858,281.628576
6.0,6,6,False,US.STX,STX,2025-12-10,0.0,297.618659
6.0,6,6,False,US.STX,STX,2025-12-11,0.0,306.504804
6.0,6,6,False,US.STX,STX,2025-12-12,-0.065634,286.387766
6.0,6,6,False,US.STX,STX,2025-12-15,-0.072325,284.336734
6.0,6,6,False,US.STX,STX,2025-12-16,-0.064042,286.875633
6.0,6,6,False,US.STX,STX,2025-12-17,-0.098085,276.441257
6.0,6,6,False,US.STX,STX,2025-12-18,-0.051471,290.728785
6.0,6,6,False,US.STX,STX,2025-12-19,-0.037308,295.069804
6.0,6,6,False,US.STX,STX,2025-12-22,-0.081193,281.618619
6.0,6,6,False,US.STX,STX,2025-12-23,-0.081356,281.568837
6.0,6,6,False,US.STX,STX,2025-12-24,-0.070901,284.773248
6.0,6,6,False,US.STX,STX,2025-12-26,-0.067807,285.721593
6.0,6,6,False,US.STX,STX,2025-12-29,-0.083831,280.810161
6.0,6,6,False,US.STX,STX,2025-12-30,-0.087805,279.592285
6.0,6,6,False,US.STX,STX,2025-12-31,-0.103079,274.910452
6.0,6,6,False,US.STX,STX,2026-01-02,-0.063508,287.039295
6.0,6,6,False,US.STX,STX,2026-01-05,-0.05605,289.325307
6.0,6,6,False,US.STX,STX,2026-01-06,0.0,329.844626
6.0,6,6,False,US.STX,STX,2026-01-07,-0.067066,307.723214
6.0,6,6,False,US.STX,STX,2026-01-08,-0.139065,283.974641
6.0,6,6,False,US.STX,STX,2026-01-09,-0.079929,303.480615
6.0,6,6,False,US.STX,STX,2026-01-12,-0.027056,320.920194
6.0,6,6,False,US.STX,STX,2026-01-13,-0.036257,317.885487
6.0,6,6,False,US.STX,STX,2026-01-14,-0.0549,311.736214
6.0,6,6,False,US.STX,STX,2026-01-15,-0.030567,319.762214
6.0,6,6,False,US.STX,STX,2026-01-16,-0.012681,325.661922
6.0,6,6,False,US.STX,STX,2026-01-20,-0.013407,325.42234
6.0,6,6,False,US.STX,STX,2026-01-21,0.0,343.620596
6.0,6,6,False,US.STX,STX,2026-01-22,0.0,345.926573
6.0,6,6,False,US.STX,STX,2026-01-23,-0.001241,345.497322
6.0,6,6,False,US.STX,STX,2026-01-26,0.0,357.666095
6.0,6,6,False,US.STX,STX,2026-01-27,0.0,371.112639
6.0,6,6,False,US.STX,STX,2026-01-28,0.0,442.158708
6.0,6,6,False,US.STX,STX,2026-01-29,0.0,445.792369
6.0,6,6,False,US.STX,STX,2026-01-30,-0.087064,406.980073
6.0,6,6,False,US.STX,STX,2026-02-02,-0.030499,432.196086
6.0,6,6,False,US.STX,STX,2026-02-03,-0.004747,443.676061
6.0,6,6,False,US.STX,STX,2026-02-04,-0.062566,417.901022
6.0,6,6,False,US.STX,STX,2026-02-05,-0.09208,404.743973
6.0,6,6,False,US.STX,STX,2026-02-06,-0.038628,428.572407
6.0,6,6,False,US.STX,STX,2026-02-09,-0.048301,424.25993
6.0,6,6,False,US.STX,STX,2026-02-10,-0.112726,395.540028
6.0,6,6,False,US.STX,STX,2026-02-11,-0.088049,406.540839
6.0,6,6,False,US.STX,STX,2026-02-12,-0.034485,430.419186
6.0,6,6,False,US.STX,STX,2026-02-13,-0.046085,425.248206
6.0,6,6,False,US.STX,STX,2026-02-17,-0.068589,415.215707
6.0,6,6,False,US.STX,STX,2026-02-18,-0.050227,423.401428
6.0,6,6,False,US.STX,STX,2026-02-19,-0.084197,408.257844
6.0,6,6,False,US.STX,STX,2026-02-20,-0.079405,410.394117
6.0,6,6,False,US.STX,STX,2026-02-23,-0.087713,406.690578
6.0,6,6,False,US.STX,STX,2026-02-24,-0.113196,395.330394
6.0,6,6,False,US.STX,STX,2026-02-25,-0.055355,421.115415
6.0,6,6,False,US.STX,STX,2026-02-26,-0.08263,408.956625
6.0,6,6,False,US.STX,STX,2026-02-27,-0.086728,407.129811
6.0,6,6,False,US.STX,STX,2026-03-02,-0.150144,378.859126
6.0,6,6,False,US.STX,STX,2026-03-03,-0.199185,356.997262
6.0,6,6,False,US.STX,STX,2026-03-04,-0.160244,374.35698
6.0,6,6,False,US.STX,STX,2026-03-05,-0.177419,366.700336
6.0,6,6,False,US.STX,STX,2026-03-06,-0.209978,352.185655
6.0,6,6,False,US.STX,STX,2026-03-09,-0.161766,373.678164
6.0,6,6,False,US.STX,STX,2026-03-10,-0.139463,383.62082
6.0,6,6,False,US.STX,STX,2026-03-11,-0.135701,385.297895
6.0,6,6,False,US.STX,STX,2026-03-12,-0.16255,373.328773
6.0,6,6,False,US.STX,STX,2026-03-13,-0.140762,383.04183
6.0,6,6,False,US.STX,STX,2026-03-16,-0.107016,398.085588
6.0,6,6,False,US.STX,STX,2026-03-17,-0.057057,420.356739
6.0,6,6,False,US.STX,STX,2026-03-18,-0.089124,406.061675
6.0,6,6,False,US.STX,STX,2026-03-19,-0.026804,433.843213
6.0,6,6,False,US.STX,STX,2026-03-20,-0.079137,410.513908
6.0,6,6,False,US.STX,STX,2026-03-23,-0.095282,403.316463
6.0,6,6,False,US.STX,STX,2026-03-24,-0.048391,424.22
6.0,6,6,False,US.STX,STX,2026-03-25,-0.073066,413.22
6.0,6,6,False,US.STX,STX,2026-03-26,-0.150299,378.79
6.0,6,6,False,US.STX,STX,2026-03-27,-0.147428,380.07
6.0,6,6,False,US.STX,STX,2026-03-30,-0.186998,362.43
6.0,6,6,False,US.STX,STX,2026-03-31,-0.121205,391.76
6.0,6,6,False,US.STX,STX,2026-04-01,-0.050859,423.12
6.0,6,6,False,US.STX,STX,2026-04-02,-0.036861,429.36
6.0,6,6,False,US.STX,STX,2026-04-06,0.0,453.3
6.0,6,6,False,US.STX,STX,2026-04-07,0.0,468.72
6.0,6,6,False,US.STX,STX,2026-04-08,0.0,496.3
6.0,6,6,False,US.STX,STX,2026-04-09,0.0,500.77
6.0,6,6,False,US.STX,STX,2026-04-10,0.0,503.13
6.0,6,6,False,US.STX,STX,2026-04-13,0.0,513.28
6.0,6,6,False,US.STX,STX,2026-04-14,0.0,533.44
6.0,6,6,False,US.STX,STX,2026-04-15,-0.025945,519.6
6.0,6,6,False,US.STX,STX,2026-04-16,-0.003056,531.81
6.0,6,6,False,US.STX,STX,2026-04-17,0.0,547.75
6.0,6,6,False,US.STX,STX,2026-04-20,-0.014605,539.75
6.0,6,6,False,US.STX,STX,2026-04-21,0.0,559.9
6.0,6,6,False,US.STX,STX,2026-04-22,0.0,579.88
6.0,6,6,False,US.STX,STX,2026-04-23,0.0,587.62
6.0,6,6,False,US.STX,STX,2026-04-24,-0.002331,586.25
6.0,6,6,False,US.STX,STX,2026-04-27,0.0,595.86
6.0,6,6,False,US.STX,STX,2026-04-28,-0.028245,579.03
6.0,6,6,False,US.STX,STX,2026-04-29,0.0,643.3
6.0,6,6,False,US.STX,STX,2026-04-30,0.0,673.64
6.0,6,6,False,US.STX,STX,2026-05-01,0.0,726.93
6.0,6,6,False,US.STX,STX,2026-05-04,0.0,738.54
6.0,6,6,False,US.STX,STX,2026-05-05,0.0,771.01
6.0,6,6,False,US.STX,STX,2026-05-06,0.0,786.42
6.0,6,6,False,US.STX,STX,2026-05-07,-0.025406,766.44
6.0,6,6,False,US.STX,STX,2026-05-08,-0.004807,782.64
6.0,6,6,False,US.STX,STX,2026-05-11,0.0,834.01
6.0,6,6,False,US.STX,STX,2026-05-12,-0.030233,808.795
6.0,6,6,False,US.STX,STX,2026-05-13,-0.019976,817.35
6.0,6,6,False,US.STX,STX,2026-05-14,-0.035072,804.76
6.0,6,6,False,US.STX,STX,2026-05-15,-0.04621,795.47
6.0,6,6,False,US.STX,STX,2026-05-18,-0.111713,740.84
6.0,6,6,False,US.STX,STX,2026-05-19,-0.120694,733.35
6.0,6,6,False,US.STX,STX,2026-05-20,-0.099447,751.07
6.0,6,6,False,US.STX,STX,2026-05-21,-0.028237,810.46
6.0,6,6,False,US.STX,STX,2026-05-22,-0.025515,812.73
6.0,6,6,False,US.STX,STX,2026-05-26,0.0,845.76
6.0,6,6,False,US.STX,STX,2026-05-27,0.0,870.66
6.0,6,6,False,US.STX,STX,2026-05-28,0.0,880.72
6.0,6,6,False,US.STX,STX,2026-05-29,-0.001045,879.8
6.0,6,6,False,US.STX,STX,2026-06-01,0.0,921.26
6.0,6,6,False,US.STX,STX,2026-06-02,0.0,926.61
6.0,6,6,False,US.STX,STX,2026-06-03,0.0,940.69
6.0,6,6,False,US.STX,STX,2026-06-04,-0.015627,925.99
6.0,6,6,False,US.STX,STX,2026-06-05,-0.099097,847.47
6.0,6,6,False,US.STX,STX,2026-06-08,-0.06795,876.77
6.0,6,6,False,US.STX,STX,2026-06-09,-0.10065,846.01
6.0,6,6,False,US.STX,STX,2026-06-10,-0.132562,815.99
6.0,6,6,False,US.STX,STX,2026-06-11,-0.077177,868.09
6.0,6,6,False,US.STX,STX,2026-06-12,-0.010258,931.04
6.0,6,6,False,US.STX,STX,2026-06-15,0.0,1018.8
6.0,6,6,False,US.STX,STX,2026-06-16,0.0,1031.34
6.0,6,6,False,US.STX,STX,2026-06-17,0.0,1066.07
6.0,6,6,False,US.STX,STX,2026-06-18,0.0,1070.23
6.0,6,6,False,US.STX,STX,2026-06-22,0.0,1094.04
6.0,6,6,False,US.STX,STX,2026-06-23,-0.050684,1038.59
6.0,6,6,False,US.STX,STX,2026-06-24,-0.092126,993.25
6.0,6,6,False,US.STX,STX,2026-06-25,-0.062776,1025.36
6.0,6,6,False,US.STX,STX,2026-06-26,-0.177452,899.9
6.0,6,6,False,US.STX,STX,2026-06-29,-0.114722,968.53
6.0,6,6,False,US.STX,STX,2026-06-30,-0.117948,965.0
6.0,6,6,False,US.STX,STX,2026-07-01,-0.163477,915.19
6.0,6,6,False,US.STX,STX,2026-07-02,-0.250338,820.16
6.0,6,6,False,US.STX,STX,2026-07-06,-0.206373,868.26
6.0,6,6,False,US.STX,STX,2026-07-07,-0.243501,827.64
6.0,6,6,False,US.STX,STX,2026-07-08,-0.213904,860.02
6.0,6,6,False,US.STX,STX,2026-07-09,-0.186419,890.09
6.0,6,6,False,US.STX,STX,2026-07-10,-0.16791,910.34
6.0,6,6,False,US.STX,STX,2026-07-13,-0.213319,860.66
6.0,6,6,False,US.STX,STX,2026-07-14,-0.197187,878.31
6.0,6,6,False,US.STX,STX,2026-07-15,-0.242898,828.3
6.0,6,6,False,US.STX,STX,2026-07-16,-0.31859,745.49
6.0,6,6,False,US.STX,STX,2026-07-17,-0.280045,787.66
6.0,6,6,False,US.STX,STX,2026-07-20,-0.266526,802.45
6.0,6,6,False,US.STX,STX,2026-07-21,-0.184829,891.83
6.0,6,6,False,US.STX,STX,2026-07-22,-0.169957,908.1
6.0,6,6,False,US.STX,STX,2026-07-23,-0.165149,913.36
6.0,6,6,False,US.STX,STX,2026-07-24,-0.221518,851.69
6.0,6,6,False,US.STX,STX,2026-07-27,-0.253236,816.99
6.0,6,6,False,US.STX,STX,2026-07-28,-0.316935,747.3
6.0,6,6,False,US.STX,STX,2026-07-29,-0.301278,764.43
6.0,6,6,False,US.STX,STX,2026-07-30,-0.221528,851.68
6.0,6,6,False,US.STX,STX,2026-07-31,-0.21746,856.13
6.0,6,6,False,US.STX,STX,2026-08-03,-0.240375,831.06
6.0,6,6,False,US.STX,STX,2026-08-04,-0.227313,845.35
6.0,6,6,False,US.STX,STX,2026-08-05,-0.234342,837.66
6.0,6,6,False,US.STX,STX,2026-08-06,-0.220367,852.95
6.0,6,6,False,US.STX,STX,2026-08-07,-0.257102,812.76
6.0,6,6,False,US.STX,STX,2026-08-10,-0.26786,800.99
6.0,6,6,False,US.STX,STX,2026-08-11,-0.250009,820.52
6.0,6,6,False,US.STX,STX,2026-08-12,-0.197278,878.21
6.0,6,6,False,US.STX,STX,2026-08-13,-0.157828,921.37
6.0,6,6,False,US.STX,STX,2026-08-14,-0.110234,973.44
6.0,6,6,False,US.STX,STX,2026-08-17,-0.090719,994.79
6.0,6,6,False,US.STX,STX,2026-08-18,-0.173997,903.68
6.0,6,6,False,US.STX,STX,2026-08-19,-0.239004,832.56
6.0,6,6,False,US.STX,STX,2026-08-20,-0.222844,850.24
6.0,6,6,False,US.STX,STX,2026-08-21,-0.223063,850.0
6.0,6,6,False,US.STX,STX,2026-08-24,-0.273655,794.65
6.0,6,6,False,US.STX,STX,2026-08-25,-0.248958,821.67
6.0,6,6,False,US.STX,STX,2026-08-26,-0.226381,846.37
6.0,6,6,False,US.STX,STX,2026-08-27,-0.225622,847.2
6.0,6,6,False,US.STX,STX,2026-08-28,-0.241563,829.76
6.0,6,6,False,US.STX,STX,2026-08-31,-0.242825,828.38
6.0,6,6,False,US.STX,STX,2026-09-01,-0.253556,816.64
6.0,6,6,False,US.STX,STX,2026-09-02,-0.260959,808.54
6.0,6,6,False,US.STX,STX,2026-09-03,-0.270036,798.61
6.0,6,6,False,US.STX,STX,2026-09-04,-0.223721,849.28
6.0,6,6,False,US.STX,STX,2026-09-08,-0.190098,886.065
7.0,7,7,False,HK.02099,02099,2024-11-07,0.0,32.24783
7.0,7,7,False,HK.02099,02099,2024-11-08,-0.009303,31.94783
7.0,7,7,False,HK.02099,02099,2024-11-11,-0.049616,30.64783
7.0,7,7,False,HK.02099,02099,2024-11-12,-0.133342,27.94783
7.0,7,7,False,HK.02099,02099,2024-11-13,-0.137994,27.79783
7.0,7,7,False,HK.02099,02099,2024-11-14,-0.159701,27.09783
7.0,7,7,False,HK.02099,02099,2024-11-15,-0.03256,31.19783
7.0,7,7,False,HK.02099,02099,2024-11-18,-0.052717,30.54783
7.0,7,7,False,HK.02099,02099,2024-11-19,0.0,35.04783
7.0,7,7,False,HK.02099,02099,2024-11-20,0.0,38.44783
7.0,7,7,False,HK.02099,02099,2024-11-21,-0.005202,38.24783
7.0,7,7,False,HK.02099,02099,2024-11-22,-0.023408,37.54783
7.0,7,7,False,HK.02099,02099,2024-11-25,-0.035113,37.09783
7.0,7,7,False,HK.02099,02099,2024-11-26,-0.110539,34.19783
7.0,7,7,False,HK.02099,02099,2024-11-27,-0.097535,34.69783
7.0,7,7,False,HK.02099,02099,2024-11-28,-0.11184,34.14783
7.0,7,7,False,HK.02099,02099,2024-11-29,-0.093633,34.84783
7.0,7,7,False,HK.02099,02099,2024-12-02,-0.133948,33.29783
7.0,7,7,False,HK.02099,02099,2024-12-03,-0.118342,33.89783
7.0,7,7,False,HK.02099,02099,2024-12-04,-0.118342,33.89783
7.0,7,7,False,HK.02099,02099,2024-12-05,-0.133948,33.29783
7.0,7,7,False,HK.02099,02099,2024-12-06,-0.120943,33.79783
7.0,7,7,False,HK.02099,02099,2024-12-09,-0.085831,35.14783
7.0,7,7,False,HK.02099,02099,2024-12-10,-0.096234,34.74783
7.0,7,7,False,HK.02099,02099,2024-12-11,-0.054619,36.34783
7.0,7,7,False,HK.02099,02099,2024-12-12,-0.05722,36.24783
7.0,7,7,False,HK.02099,02099,2024-12-13,-0.096234,34.74783
7.0,7,7,False,HK.02099,02099,2024-12-16,-0.133948,33.29783
7.0,7,7,False,HK.02099,02099,2024-12-17,-0.150854,32.64783
7.0,7,7,False,HK.02099,02099,2024-12-18,-0.152154,32.59783
7.0,7,7,False,HK.02099,02099,2024-12-19,-0.119643,33.84783
7.0,7,7,False,HK.02099,02099,2024-12-20,-0.146952,32.79783
7.0,7,7,False,HK.02099,02099,2024-12-23,-0.123544,33.69783
7.0,7,7,False,HK.02099,02099,2024-12-24,-0.137849,33.14783
7.0,7,7,False,HK.02099,02099,2024-12-27,-0.135248,33.24783
7.0,7,7,False,HK.02099,02099,2024-12-30,-0.128746,33.49783
7.0,7,7,False,HK.02099,02099,2024-12-31,-0.045516,36.69783
7.0,7,7,False,HK.02099,02099,2025-01-02,-0.003901,38.29783
7.0,7,7,False,HK.02099,02099,2025-01-03,0.0,38.79783
7.0,7,7,False,HK.02099,02099,2025-01-06,-0.005155,38.59783
7.0,7,7,False,HK.02099,02099,2025-01-07,0.0,40.49783
7.0,7,7,False,HK.02099,02099,2025-01-08,0.0,41.64783
7.0,7,7,False,HK.02099,02099,2025-01-09,-0.019209,40.84783
7.0,7,7,False,HK.02099,02099,2025-01-10,0.0,42.99783
7.0,7,7,False,HK.02099,02099,2025-01-13,-0.086051,39.29783
7.0,7,7,False,HK.02099,02099,2025-01-14,-0.067445,40.09783
7.0,7,7,False,HK.02099,02099,2025-01-15,-0.101168,38.64783
7.0,7,7,False,HK.02099,02099,2025-01-16,-0.087214,39.24783
7.0,7,7,False,HK.02099,02099,2025-01-17,-0.058142,40.49783
7.0,7,7,False,HK.02099,02099,2025-01-20,-0.088377,39.19783
7.0,7,7,False,HK.02099,02099,2025-01-21,-0.090702,39.09783
7.0,7,7,False,HK.02099,02099,2025-01-22,-0.097679,38.79783
7.0,7,7,False,HK.02099,02099,2025-01-23,-0.100005,38.69783
7.0,7,7,False,HK.02099,02099,2025-01-24,-0.06512,40.19783
7.0,7,7,False,HK.02099,02099,2025-01-27,-0.045351,41.04783
7.0,7,7,False,HK.02099,02099,2025-01-28,-0.077911,39.64783
7.0,7,7,False,HK.02099,02099,2025-02-03,0.0,43.94783
7.0,7,7,False,HK.02099,02099,2025-02-04,0.0,43.99783
7.0,7,7,False,HK.02099,02099,2025-02-05,0.0,44.54783
7.0,7,7,False,HK.02099,02099,2025-02-06,-0.00449,44.34783
7.0,7,7,False,HK.02099,02099,2025-02-07,-0.008979,44.14783
7.0,7,7,False,HK.02099,02099,2025-02-10,0.0,44.64783
7.0,7,7,False,HK.02099,02099,2025-02-11,-0.013439,44.04783
7.0,7,7,False,HK.02099,02099,2025-02-12,-0.045915,42.59783
7.0,7,7,False,HK.02099,02099,2025-02-13,-0.058234,42.04783
7.0,7,7,False,HK.02099,02099,2025-02-14,-0.042555,42.74783
7.0,7,7,False,HK.02099,02099,2025-02-17,-0.110868,39.69783
7.0,7,7,False,HK.02099,02099,2025-02-18,-0.070552,41.49783
7.0,7,7,False,HK.02099,02099,2025-02-19,-0.073912,41.34783
7.0,7,7,False,HK.02099,02099,2025-02-20,-0.053754,42.24783
7.0,7,7,False,HK.02099,02099,2025-02-21,-0.083991,40.89783
7.0,7,7,False,HK.02099,02099,2025-02-24,-0.09295,40.49783
7.0,7,7,False,HK.02099,02099,2025-02-25,-0.110868,39.69783
7.0,7,7,False,HK.02099,02099,2025-02-26,-0.123186,39.14783
7.0,7,7,False,HK.02099,02099,2025-02-27,-0.109748,39.74783
7.0,7,7,False,HK.02099,02099,2025-02-28,-0.118707,39.34783
7.0,7,7,False,HK.02099,02099,2025-03-03,-0.119827,39.29783
7.0,7,7,False,HK.02099,02099,2025-03-04,-0.083991,40.89783
7.0,7,7,False,HK.02099,02099,2025-03-05,-0.010079,44.19783
7.0,7,7,False,HK.02099,02099,2025-03-06,-0.013439,44.04783
7.0,7,7,False,HK.02099,02099,2025-03-07,-0.026877,43.44783
7.0,7,7,False,HK.02099,02099,2025-03-10,0.0,44.79783
7.0,7,7,False,HK.02099,02099,2025-03-11,-0.007813,44.44783
7.0,7,7,False,HK.02099,02099,2025-03-12,0.0,46.19783
7.0,7,7,False,HK.02099,02099,2025-03-13,-0.019481,45.29783
7.0,7,7,False,HK.02099,02099,2025-03-14,0.0,49.29783
7.0,7,7,False,HK.02099,02099,2025-03-17,-0.011157,48.74783
7.0,7,7,False,HK.02099,02099,2025-03-18,0.0,50.04783
7.0,7,7,False,HK.02099,02099,2025-03-19,-0.005994,49.74783
7.0,7,7,False,HK.02099,02099,2025-03-20,0.0,50.09783
7.0,7,7,False,HK.02099,02099,2025-03-21,0.0,50.79783
7.0,7,7,False,HK.02099,02099,2025-03-24,-0.037403,48.89783
7.0,7,7,False,HK.02099,02099,2025-03-25,-0.059058,47.79783
7.0,7,7,False,HK.02099,02099,2025-03-26,-0.061026,47.69783
7.0,7,7,False,HK.02099,02099,2025-03-27,-0.049215,48.29783
7.0,7,7,False,HK.02099,02099,2025-03-28,-0.058073,47.84783
7.0,7,7,False,HK.02099,02099,2025-03-31,0.0,51.59783
7.0,7,7,False,HK.02099,02099,2025-04-01,-0.03973,49.54783
7.0,7,7,False,HK.02099,02099,2025-04-02,-0.064925,48.24783
7.0,7,7,False,HK.02099,02099,2025-04-03,-0.06977,47.99783
7.0,7,7,False,HK.02099,02099,2025-04-07,-0.243227,39.04783
7.0,7,7,False,HK.02099,02099,2025-04-08,-0.237413,39.34783
7.0,7,7,False,HK.02099,02099,2025-04-09,-0.219001,40.29783
7.0,7,7,False,HK.02099,02099,2025-04-10,-0.183147,42.14783
7.0,7,7,False,HK.02099,02099,2025-04-11,-0.084306,47.24783
7.0,7,7,False,HK.02099,02099,2025-04-14,-0.047483,49.14783
7.0,7,7,False,HK.02099,02099,2025-04-15,-0.031009,49.99783
7.0,7,7,False,HK.02099,02099,2025-04-16,-0.006783,51.24783
7.0,7,7,False,HK.02099,02099,2025-04-17,-0.021319,50.49783
7.0,7,7,False,HK.02099,02099,2025-04-22,0.0,51.81863
7.0,7,7,False,HK.02099,02099,2025-04-23,-0.086841,47.31863
7.0,7,7,False,HK.02099,02099,2025-04-24,-0.090701,47.11863
7.0,7,7,False,HK.02099,02099,2025-04-25,-0.109034,46.16863
7.0,7,7,False,HK.02099,02099,2025-04-28,-0.123508,45.41863
7.0,7,7,False,HK.02099,02099,2025-04-29,-0.126402,45.26863
7.0,7,7,False,HK.02099,02099,2025-04-30,-0.126402,45.26863
7.0,7,7,False,HK.02099,02099,2025-05-02,-0.126402,45.26863
7.0,7,7,False,HK.02099,02099,2025-05-06,-0.09842,46.71863
7.0,7,7,False,HK.02099,02099,2025-05-07,-0.057894,48.81863
7.0,7,7,False,HK.02099,02099,2025-05-08,-0.078157,47.76863
7.0,7,7,False,HK.02099,02099,2025-05-09,-0.094561,46.91863
7.0,7,7,False,HK.02099,02099,2025-05-12,-0.119648,45.61863
7.0,7,7,False,HK.02099,02099,2025-05-13,-0.079122,47.71863
7.0,7,7,False,HK.02099,02099,2025-05-14,-0.068508,48.26863
7.0,7,7,False,HK.02099,02099,2025-05-15,-0.066578,48.36863
7.0,7,7,False,HK.02099,02099,2025-05-16,-0.043421,49.56863
7.0,7,7,False,HK.02099,02099,2025-05-19,-0.028947,50.31863
7.0,7,7,False,HK.02099,02099,2025-05-20,-0.013509,51.11863
7.0,7,7,False,HK.02099,02099,2025-05-21,0.0,54.56863
7.0,7,7,False,HK.02099,02099,2025-05-22,0.0,55.61863
7.0,7,7,False,HK.02099,02099,2025-05-23,0.0,57.06863
7.0,7,7,False,HK.02099,02099,2025-05-26,0.0,57.31863
7.0,7,7,False,HK.02099,02099,2025-05-27,0.0,58.31863
7.0,7,7,False,HK.02099,02099,2025-05-28,-0.013718,57.51863
7.0,7,7,False,HK.02099,02099,2025-05-29,-0.020577,57.11863
7.0,7,7,False,HK.02099,02099,2025-05-30,-0.030008,56.56863
7.0,7,7,False,HK.02099,02099,2025-06-02,0.0,59.26863
7.0,7,7,False,HK.02099,02099,2025-06-03,0.0,60.81863
7.0,7,7,False,HK.02099,02099,2025-06-04,0.0,62.56863
7.0,7,7,False,HK.02099,02099,2025-06-05,0.0,63.06863
7.0,7,7,False,HK.02099,02099,2025-06-06,0.0,65.46863
7.0,7,7,False,HK.02099,02099,2025-06-09,-0.003819,65.21863
7.0,7,7,False,HK.02099,02099,2025-06-10,0.0,68.31863
7.0,7,7,False,HK.02099,02099,2025-06-11,-0.015369,67.26863
7.0,7,7,False,HK.02099,02099,2025-06-12,0.0,68.31863
7.0,7,7,False,HK.02099,02099,2025-06-13,-0.000732,68.26863
7.0,7,7,False,HK.02099,02099,2025-06-16,-0.007319,67.81863
7.0,7,7,False,HK.02099,02099,2025-06-17,-0.002196,68.16863
7.0,7,7,False,HK.02099,02099,2025-06-18,0.0,68.76863
7.0,7,7,False,HK.02099,02099,2025-06-19,-0.039262,66.06863
7.0,7,7,False,HK.02099,02099,2025-06-20,-0.038535,66.11863
7.0,7,7,False,HK.02099,02099,2025-06-23,-0.047987,65.46863
7.0,7,7,False,HK.02099,02099,2025-06-24,-0.028356,66.81863
7.0,7,7,False,HK.02099,02099,2025-06-25,-0.050168,65.31863
7.0,7,7,False,HK.02099,02099,2025-06-26,0.0,68.81863
7.0,7,7,False,HK.02099,02099,2025-06-27,0.0,69.16863
7.0,7,7,False,HK.02099,02099,2025-06-30,-0.026746,67.31863
7.0,7,7,False,HK.02099,02099,2025-07-02,-0.010843,68.41863
7.0,7,7,False,HK.02099,02099,2025-07-03,0.0,69.46863
7.0,7,7,False,HK.02099,02099,2025-07-04,-0.02879,67.46863
7.0,7,7,False,HK.02099,02099,2025-07-07,-0.071975,64.46863
7.0,7,7,False,HK.02099,02099,2025-07-08,-0.033828,67.11863
7.0,7,7,False,HK.02099,02099,2025-07-09,-0.069096,64.66863
7.0,7,7,False,HK.02099,02099,2025-07-10,-0.076293,64.16863
7.0,7,7,False,HK.02099,02099,2025-07-11,-0.077013,64.11863
7.0,7,7,False,HK.02099,02099,2025-07-14,-0.063338,65.06863
7.0,7,7,False,HK.02099,02099,2025-07-15,-0.065497,64.91863
7.0,7,7,False,HK.02099,02099,2025-07-16,-0.049663,66.01863
7.0,7,7,False,HK.02099,02099,2025-07-17,-0.067656,64.76863
7.0,7,7,False,HK.02099,02099,2025-07-18,-0.060459,65.26863
7.0,7,7,False,HK.02099,02099,2025-07-21,-0.049663,66.01863
7.0,7,7,False,HK.02099,02099,2025-07-22,-0.041745,66.56863
7.0,7,7,False,HK.02099,02099,2025-07-23,-0.02735,67.56863
7.0,7,7,False,HK.02099,02099,2025-07-24,-0.017994,68.21863
7.0,7,7,False,HK.02099,02099,2025-07-25,-0.040306,66.66863
7.0,7,7,False,HK.02099,02099,2025-07-28,-0.054701,65.66863
7.0,7,7,False,HK.02099,02099,2025-07-29,-0.059019,65.36863
7.0,7,7,False,HK.02099,02099,2025-07-30,-0.050382,65.96863
7.0,7,7,False,HK.02099,02099,2025-07-31,-0.077733,64.06863
7.0,7,7,False,HK.02099,02099,2025-08-01,-0.110841,61.76863
7.0,7,7,False,HK.02099,02099,2025-08-04,-0.066937,64.81863
7.0,7,7,False,HK.02099,02099,2025-08-05,-0.061179,65.21863
7.0,7,7,False,HK.02099,02099,2025-08-06,-0.030949,67.31863
7.0,7,7,False,HK.02099,02099,2025-08-07,0.0,72.41863
7.0,7,7,False,HK.02099,02099,2025-08-08,0.0,72.61863
7.0,7,7,False,HK.02099,02099,2025-08-11,-0.040623,69.66863
7.0,7,7,False,HK.02099,02099,2025-08-12,-0.028918,70.51863
7.0,7,7,False,HK.02099,02099,2025-08-13,-0.011016,71.81863
7.0,7,7,False,HK.02099,02099,2025-08-14,0.0,72.76863
7.0,7,7,False,HK.02099,02099,2025-08-15,0.0,75.06863
7.0,7,7,False,HK.02099,02099,2025-08-18,0.0,77.61863
7.0,7,7,False,HK.02099,02099,2025-08-19,-0.022546,75.86863
7.0,7,7,False,HK.02099,02099,2025-08-20,0.0,80.41863
7.0,7,7,False,HK.02099,02099,2025-08-21,0.0,84.41863
7.0,7,7,False,HK.02099,02099,2025-08-22,-0.038499,81.16863
7.0,7,7,False,HK.02099,02099,2025-08-25,0.0,85.36863
7.0,7,7,False,HK.02099,02099,2025-08-26,0.0,94.76863
7.0,7,7,False,HK.02099,02099,2025-08-27,0.0,97.41863
7.0,7,7,False,HK.02099,02099,2025-08-28,-0.004106,97.01863
7.0,7,7,False,HK.02099,02099,2025-08-29,0.0,105.71863
7.0,7,7,False,HK.02099,02099,2025-09-01,0.0,118.11863
7.0,7,7,False,HK.02099,02099,2025-09-02,0.0,120.41863
7.0,7,7,False,HK.02099,02099,2025-09-03,0.0,121.51863
7.0,7,7,False,HK.02099,02099,2025-09-04,-0.076531,112.21863
7.0,7,7,False,HK.02099,02099,2025-09-05,-0.037854,116.91863
7.0,7,7,False,HK.02099,02099,2025-09-08,-0.041969,116.41863
7.0,7,7,False,HK.02099,02099,2025-09-09,0.0,124.61863
7.0,7,7,False,HK.02099,02099,2025-09-10,0.0,126.11863
7.0,7,7,False,HK.02099,02099,2025-09-11,0.0,129.61863
7.0,7,7,False,HK.02099,02099,2025-09-12,0.0,134.31863
7.0,7,7,False,HK.02099,02099,2025-09-15,-0.037969,129.21863
7.0,7,7,False,HK.02099,02099,2025-09-16,-0.038714,129.11863
7.0,7,7,False,HK.02099,02099,2025-09-17,-0.053604,127.11863
7.0,7,7,False,HK.02099,02099,2025-09-18,-0.072216,124.61863
7.0,7,7,False,HK.02099,02099,2025-09-19,-0.034991,129.61863
7.0,7,7,False,HK.02099,02099,2025-09-22,-0.022335,131.31863
7.0,7,7,False,HK.02099,02099,2025-09-23,-0.017868,131.91863
7.0,7,7,False,HK.02099,02099,2025-09-24,-0.039458,129.01863
7.0,7,7,False,HK.02099,02099,2025-09-25,-0.011167,132.81863
7.0,7,7,False,HK.02099,02099,2025-09-26,-0.037225,129.31863
7.0,7,7,False,HK.02099,02099,2025-09-29,-0.013401,132.51863
7.0,7,7,False,HK.02099,02099,2025-09-30,0.0,135.11863
7.0,7,7,False,HK.02099,02099,2025-10-02,0.0,139.81863
7.0,7,7,False,HK.02099,02099,2025-10-03,-0.022887,136.61863
7.0,7,7,False,HK.02099,02099,2025-10-06,-0.010728,138.31863
7.0,7,7,False,HK.02099,02099,2025-10-08,-0.010728,138.31863
7.0,7,7,False,HK.02099,02099,2025-10-09,0.0,151.51863
7.0,7,7,False,HK.02099,02099,2025-10-10,-0.099658,136.41863
7.0,7,7,False,HK.02099,02099,2025-10-13,-0.073918,140.31863
7.0,7,7,False,HK.02099,02099,2025-10-14,-0.136617,130.81863
7.0,7,7,False,HK.02099,02099,2025-10-15,-0.125397,132.51863
7.0,7,7,False,HK.02099,02099,2025-10-16,-0.120777,133.21863
7.0,7,7,False,HK.02099,02099,2025-10-17,-0.149817,128.81863
7.0,7,7,False,HK.02099,02099,2025-10-20,-0.163016,126.81863
7.0,7,7,False,HK.02099,02099,2025-10-21,-0.158396,127.51863
7.0,7,7,False,HK.02099,02099,2025-10-22,-0.180836,124.11863
7.0,7,7,False,HK.02099,02099,2025-10-23,-0.197995,121.51863
7.0,7,7,False,HK.02099,02099,2025-10-24,-0.197335,121.61863
7.0,7,7,False,HK.02099,02099,2025-10-27,-0.166316,126.31863
7.0,7,7,False,HK.02099,02099,2025-10-28,-0.207235,120.11863
7.0,7,7,False,HK.02099,02099,2025-10-30,-0.163676,126.71863
7.0,7,7,False,HK.02099,02099,2025-10-31,-0.157076,127.71863
7.0,7,7,False,HK.02099,02099,2025-11-03,-0.176876,124.71863
7.0,7,7,False,HK.02099,02099,2025-11-04,-0.207895,120.01863
7.0,7,7,False,HK.02099,02099,2025-11-05,-0.182156,123.91863
7.0,7,7,False,HK.02099,02099,2025-11-06,-0.174896,125.01863
7.0,7,7,False,HK.02099,02099,2025-11-07,-0.158396,127.51863
7.0,7,7,False,HK.02099,02099,2025-11-10,-0.119457,133.41863
7.0,7,7,False,HK.02099,02099,2025-11-11,-0.101638,136.11863
7.0,7,7,False,HK.02099,02099,2025-11-12,-0.120777,133.21863
7.0,7,7,False,HK.02099,02099,2025-11-13,-0.052139,143.61863
7.0,7,7,False,HK.02099,02099,2025-11-14,-0.090418,137.81863
7.0,7,7,False,HK.02099,02099,2025-11-17,-0.121437,133.11863
7.0,7,7,False,HK.02099,02099,2025-11-18,-0.163016,126.81863
7.0,7,7,False,HK.02099,02099,2025-11-19,-0.092398,137.51863
7.0,7,7,False,HK.02099,02099,2025-11-20,-0.104938,135.61863
7.0,7,7,False,HK.02099,02099,2025-11-21,-0.132657,131.41863
7.0,7,7,False,HK.02099,02099,2025-11-24,-0.108897,135.01863
7.0,7,7,False,HK.02099,02099,2025-11-25,-0.111537,134.61863
7.0,7,7,False,HK.02099,02099,2025-11-26,-0.107578,135.21863
7.0,7,7,False,HK.02099,02099,2025-11-27,-0.091738,137.61863
7.0,7,7,False,HK.02099,02099,2025-11-28,-0.043559,144.91863
7.0,7,7,False,HK.02099,02099,2025-12-01,0.0,161.81863
7.0,7,7,False,HK.02099,02099,2025-12-02,-0.01236,159.81863
7.0,7,7,False,HK.02099,02099,2025-12-03,0.0,162.21863
7.0,7,7,False,HK.02099,02099,2025-12-04,-0.006165,161.21863
7.0,7,7,False,HK.02099,02099,2025-12-05,0.0,164.91863
7.0,7,7,False,HK.02099,02099,2025-12-08,-0.002425,164.51863
7.0,7,7,False,HK.02099,02099,2025-12-09,-0.048509,156.91863
7.0,7,7,False,HK.02099,02099,2025-12-10,-0.056391,155.61863
7.0,7,7,False,HK.02099,02099,2025-12-11,-0.07337,152.81863
7.0,7,7,False,HK.02099,02099,2025-12-12,-0.039413,158.41863
7.0,7,7,False,HK.02099,02099,2025-12-15,-0.051541,156.41863
7.0,7,7,False,HK.02099,02099,2025-12-16,-0.086103,150.71863
7.0,7,7,False,HK.02099,02099,2025-12-17,-0.083678,151.11863
7.0,7,7,False,HK.02099,02099,2025-12-18,-0.089135,150.21863
7.0,7,7,False,HK.02099,02099,2025-12-19,-0.103081,147.91863
7.0,7,7,False,HK.02099,02099,2025-12-22,-0.03335,159.41863
7.0,7,7,False,HK.02099,02099,2025-12-23,-0.037594,158.71863
7.0,7,7,False,HK.02099,02099,2025-12-24,-0.040626,158.21863
7.0,7,7,False,HK.02099,02099,2025-12-29,-0.089741,150.11863
7.0,7,7,False,HK.02099,02099,2025-12-30,-0.06488,154.21863
7.0,7,7,False,HK.02099,02099,2025-12-31,-0.070944,153.21863
7.0,7,7,False,HK.02099,02099,2026-01-02,-0.041232,158.11863
7.0,7,7,False,HK.02099,02099,2026-01-05,-0.056998,155.51863
7.0,7,7,False,HK.02099,02099,2026-01-06,-0.032743,159.51863
7.0,7,7,False,HK.02099,02099,2026-01-07,-0.047902,157.01863
7.0,7,7,False,HK.02099,02099,2026-01-08,-0.070338,153.31863
7.0,7,7,False,HK.02099,02099,2026-01-09,-0.04669,157.21863
7.0,7,7,False,HK.02099,02099,2026-01-12,-0.009095,163.41863
7.0,7,7,False,HK.02099,02099,2026-01-13,0.0,175.71863
7.0,7,7,False,HK.02099,02099,2026-01-14,0.0,179.21863
7.0,7,7,False,HK.02099,02099,2026-01-15,0.0,180.91863
7.0,7,7,False,HK.02099,02099,2026-01-16,0.0,185.41863
7.0,7,7,False,HK.02099,02099,2026-01-19,0.0,187.41863
7.0,7,7,False,HK.02099,02099,2026-01-20,0.0,191.31863
7.0,7,7,False,HK.02099,02099,2026-01-21,0.0,201.31863
7.0,7,7,False,HK.02099,02099,2026-01-22,-0.001987,200.91863
7.0,7,7,False,HK.02099,02099,2026-01-23,0.0,214.11863
7.0,7,7,False,HK.02099,02099,2026-01-26,0.0,231.71863
7.0,7,7,False,HK.02099,02099,2026-01-27,-0.028483,225.11863
7.0,7,7,False,HK.02099,02099,2026-01-28,-0.015536,228.11863
7.0,7,7,False,HK.02099,02099,2026-01-29,-0.031072,224.51863
7.0,7,7,False,HK.02099,02099,2026-01-30,-0.13033,201.51863
7.0,7,7,False,HK.02099,02099,2026-02-02,-0.200674,185.21863
7.0,7,7,False,HK.02099,02099,2026-02-03,-0.167013,193.01863
7.0,7,7,False,HK.02099,02099,2026-02-04,-0.14673,197.71863
7.0,7,7,False,HK.02099,02099,2026-02-05,-0.195064,186.51863
7.0,7,7,False,HK.02099,02099,2026-02-06,-0.206285,183.91863
7.0,7,7,False,HK.02099,02099,2026-02-09,-0.170034,192.31863
7.0,7,7,False,HK.02099,02099,2026-02-10,-0.176939,190.71863
7.0,7,7,False,HK.02099,02099,2026-02-11,-0.148456,197.31863
7.0,7,7,False,HK.02099,02099,2026-02-12,-0.157519,195.21863
7.0,7,7,False,HK.02099,02099,2026-02-13,-0.216642,181.51863
7.0,7,7,False,HK.02099,02099,2026-02-16,-0.178665,190.31863
7.0,7,7,False,HK.02099,02099,2026-02-20,-0.193769,186.81863
7.0,7,7,False,HK.02099,02099,2026-02-23,-0.143277,198.51863
7.0,7,7,False,HK.02099,02099,2026-02-24,-0.153203,196.21863
7.0,7,7,False,HK.02099,02099,2026-02-25,-0.114794,205.11863
7.0,7,7,False,HK.02099,02099,2026-02-26,-0.145003,198.11863
7.0,7,7,False,HK.02099,02099,2026-02-27,-0.131194,201.31863
7.0,7,7,False,HK.02099,02099,2026-03-02,-0.100985,208.31863
7.0,7,7,False,HK.02099,02099,2026-03-03,-0.182549,189.41863
7.0,7,7,False,HK.02099,02099,2026-03-04,-0.208442,183.41863
7.0,7,7,False,HK.02099,02099,2026-03-05,-0.227863,178.91863
7.0,7,7,False,HK.02099,02099,2026-03-06,-0.268861,169.41863
7.0,7,7,False,HK.02099,02099,2026-03-09,-0.250304,173.71863
7.0,7,7,False,HK.02099,02099,2026-03-10,-0.248146,174.21863
7.0,7,7,False,HK.02099,02099,2026-03-11,-0.251167,173.51863
7.0,7,7,False,HK.02099,02099,2026-03-12,-0.267134,169.81863
7.0,7,7,False,HK.02099,02099,2026-03-13,-0.29087,164.31863
7.0,7,7,False,HK.02099,02099,2026-03-16,-0.315037,158.71863
7.0,7,7,False,HK.02099,02099,2026-03-17,-0.319353,157.71863
7.0,7,7,False,HK.02099,02099,2026-03-18,-0.308995,160.11863
7.0,7,7,False,HK.02099,02099,2026-03-19,-0.383223,142.91863
7.0,7,7,False,HK.02099,02099,2026-03-20,-0.382792,143.01863
7.0,7,7,False,HK.02099,02099,2026-03-23,-0.415159,135.51863
7.0,7,7,False,HK.02099,02099,2026-03-24,-0.365961,146.91863
7.0,7,7,False,HK.02099,02099,2026-03-25,-0.347836,151.11863
7.0,7,7,False,HK.02099,02099,2026-03-26,-0.373298,145.21863
7.0,7,7,False,HK.02099,02099,2026-03-27,-0.356467,149.11863
7.0,7,7,False,HK.02099,02099,2026-03-30,-0.341794,152.51863
7.0,7,7,False,HK.02099,02099,2026-03-31,-0.363372,147.51863
7.0,7,7,False,HK.02099,02099,2026-04-01,-0.313311,159.11863
7.0,7,7,False,HK.02099,02099,2026-04-02,-0.337478,153.51863
7.0,7,7,False,HK.02099,02099,2026-04-08,-0.264113,170.51863
7.0,7,7,False,HK.02099,02099,2026-04-09,-0.275334,167.91863
7.0,7,7,False,HK.02099,02099,2026-04-10,-0.276197,167.71863
7.0,7,7,False,HK.02099,02099,2026-04-13,-0.250304,173.71863
7.0,7,7,False,HK.02099,02099,2026-04-14,-0.233473,177.61863
7.0,7,7,False,HK.02099,02099,2026-04-15,-0.204558,184.31863
7.0,7,7,False,HK.02099,02099,2026-04-16,-0.192475,187.11863
7.0,7,7,False,HK.02099,02099,2026-04-17,-0.214053,182.11863
7.0,7,7,False,HK.02099,02099,2026-04-20,-0.208442,183.41863
7.0,7,7,False,HK.02099,02099,2026-04-21,-0.220095,180.71863
7.0,7,7,False,HK.02099,02099,2026-04-22,-0.244774,175.0
7.0,7,7,False,HK.02099,02099,2026-04-23,-0.258584,171.8
7.0,7,7,False,HK.02099,02099,2026-04-24,-0.2547,172.7
7.0,7,7,False,HK.02099,02099,2026-04-27,-0.256426,172.3
7.0,7,7,False,HK.02099,02099,2026-04-28,-0.264194,170.5
7.0,7,7,False,HK.02099,02099,2026-04-29,-0.245205,174.9
7.0,7,7,False,HK.02099,02099,2026-04-30,-0.28534,165.6
7.0,7,7,False,HK.02099,02099,2026-05-04,-0.283182,166.1
7.0,7,7,False,HK.02099,02099,2026-05-05,-0.287498,165.1
7.0,7,7,False,HK.02099,02099,2026-05-06,-0.245637,174.8
7.0,7,7,False,HK.02099,02099,2026-05-07,-0.249952,173.8
7.0,7,7,False,HK.02099,02099,2026-05-08,-0.259878,171.5
7.0,7,7,False,HK.02099,02099,2026-05-11,-0.252973,173.1
7.0,7,7,False,HK.02099,02099,2026-05-12,-0.249089,174.0
7.0,7,7,False,HK.02099,02099,2026-05-13,-0.235711,177.1
7.0,7,7,False,HK.02099,02099,2026-05-14,-0.289656,164.6
7.0,7,7,False,HK.02099,02099,2026-05-15,-0.301739,161.8
7.0,7,7,False,HK.02099,02099,2026-05-18,-0.312097,159.4
7.0,7,7,False,HK.02099,02099,2026-05-19,-0.334538,154.2
7.0,7,7,False,HK.02099,02099,2026-05-20,-0.334538,154.2
7.0,7,7,False,HK.02099,02099,2026-05-21,-0.342737,152.3
7.0,7,7,False,HK.02099,02099,2026-05-22,-0.315981,158.5
7.0,7,7,False,HK.02099,02099,2026-05-26,-0.292677,163.9
7.0,7,7,False,HK.02099,02099,2026-05-27,-0.308213,160.3
7.0,7,7,False,HK.02099,02099,2026-05-28,-0.352663,150.0
7.0,7,7,False,HK.02099,02099,2026-05-29,-0.3518,150.2
7.0,7,7,False,HK.02099,02099,2026-06-01,-0.352232,150.1
7.0,7,7,False,HK.02099,02099,2026-06-02,-0.32418,156.6
7.0,7,7,False,HK.02099,02099,2026-06-03,-0.329359,155.4
7.0,7,7,False,HK.02099,02099,2026-06-04,-0.350505,150.5
7.0,7,7,False,HK.02099,02099,2026-06-05,-0.366473,146.8
7.0,7,7,False,HK.02099,02099,2026-06-08,-0.407903,137.2
7.0,7,7,False,HK.02099,02099,2026-06-09,-0.39323,140.6
7.0,7,7,False,HK.02099,02099,2026-06-10,-0.41006,136.7
7.0,7,7,False,HK.02099,02099,2026-06-11,-0.403587,138.2
7.0,7,7,False,HK.02099,02099,2026-06-12,-0.351369,150.3
7.0,7,7,False,HK.02099,02099,2026-06-15,-0.307781,160.4
7.0,7,7,False,HK.02099,02099,2026-06-16,-0.321591,157.2
7.0,7,7,False,HK.02099,02099,2026-06-17,-0.318139,158.0
7.0,7,7,False,HK.02099,02099,2026-06-18,-0.366041,146.9
7.0,7,7,False,HK.02099,02099,2026-06-22,-0.381578,143.3
7.0,7,7,False,HK.02099,02099,2026-06-23,-0.435954,130.7
7.0,7,7,False,HK.02099,02099,2026-06-24,-0.443722,128.9
7.0,7,7,False,HK.02099,02099,2026-06-25,-0.489899,118.2
7.0,7,7,False,HK.02099,02099,2026-06-26,-0.498961,116.1
7.0,7,7,False,HK.02099,02099,2026-06-29,-0.468752,123.1
7.0,7,7,False,HK.02099,02099,2026-06-30,-0.471342,122.5
7.0,7,7,False,HK.02099,02099,2026-07-02,-0.410923,136.5
7.0,7,7,False,HK.02099,02099,2026-07-03,-0.381146,143.4
7.0,7,7,False,HK.02099,02099,2026-07-06,-0.369062,146.2
7.0,7,7,False,HK.02099,02099,2026-07-07,-0.396682,139.8
7.0,7,7,False,HK.02099,02099,2026-07-08,-0.389777,141.4
7.0,7,7,False,HK.02099,02099,2026-07-09,-0.408766,137.0
7.0,7,7,False,HK.02099,02099,2026-07-10,-0.400566,138.9
7.0,7,7,False,HK.02099,02099,2026-07-13,-0.397545,139.6
7.0,7,7,False,HK.02099,02099,2026-07-14,-0.358273,148.7
7.0,7,7,False,HK.02099,02099,2026-07-15,-0.38503,142.5
7.0,7,7,False,HK.02099,02099,2026-07-16,-0.377694,144.2
7.0,7,7,False,HK.02099,02099,2026-07-17,-0.407471,137.3
7.0,7,7,False,HK.02099,02099,2026-07-20,-0.38503,142.5
7.0,7,7,False,HK.02099,02099,2026-07-21,-0.319433,157.7
7.0,7,7,False,HK.02099,02099,2026-07-22,-0.255994,172.4
7.0,7,7,False,HK.02099,02099,2026-07-23,-0.243911,175.2
7.0,7,7,False,HK.02099,02099,2026-07-24,-0.277141,167.5
7.0,7,7,False,HK.02099,02099,2026-07-27,-0.265488,170.2
7.0,7,7,False,HK.02099,02099,2026-07-28,-0.258584,171.8
7.0,7,7,False,HK.02099,02099,2026-07-29,-0.240458,176.0
7.0,7,7,False,HK.02099,02099,2026-07-30,-0.243479,175.3
7.0,7,7,False,HK.02099,02099,2026-07-31,-0.24089,175.9
7.0,7,7,False,HK.02099,02099,2026-08-03,-0.231827,178.0
7.0,7,7,False,HK.02099,02099,2026-08-04,-0.216291,181.6
7.0,7,7,False,HK.02099,02099,2026-08-05,-0.11358,205.4
7.0,7,7,False,HK.02099,02099,2026-08-06,-0.112717,205.6
7.0,7,7,False,HK.02099,02099,2026-08-07,-0.077329,213.8
7.0,7,7,False,HK.02099,02099,2026-08-10,-0.085097,212.0
7.0,7,7,False,HK.02099,02099,2026-08-11,-0.136021,200.2
7.0,7,7,False,HK.02099,02099,2026-08-12,-0.124801,202.8
7.0,7,7,False,HK.02099,02099,2026-08-13,-0.192124,187.2
7.0,7,7,False,HK.02099,02099,2026-08-14,-0.073877,214.6
7.0,7,7,False,HK.02099,02099,2026-08-17,-0.046257,221.0
7.0,7,7,False,HK.02099,02099,2026-08-18,-0.004828,230.6
7.0,7,7,False,HK.02099,02099,2026-08-19,-0.006554,230.2
7.0,7,7,False,HK.02099,02099,2026-08-20,0.0,247.0
7.0,7,7,False,HK.02099,02099,2026-08-21,0.0,260.8
7.0,7,7,False,HK.02099,02099,2026-08-24,-0.035276,251.6
7.0,7,7,False,HK.02099,02099,2026-08-25,-0.032209,252.4
7.0,7,7,False,HK.02099,02099,2026-08-26,-0.017638,256.2
7.0,7,7,False,HK.02099,02099,2026-08-27,-0.02684,253.8
7.0,7,7,False,HK.02099,02099,2026-08-28,0.0,273.4
7.0,7,7,False,HK.02099,02099,2026-08-31,-0.062911,256.2
7.0,7,7,False,HK.02099,02099,2026-09-01,-0.066569,255.2
7.0,7,7,False,HK.02099,02099,2026-09-02,-0.068032,254.8
7.0,7,7,False,HK.02099,02099,2026-09-03,-0.054865,258.4
7.0,7,7,False,HK.02099,02099,2026-09-04,-0.050475,259.6
7.0,7,7,False,HK.02099,02099,2026-09-07,-0.054133,258.6
7.0,7,7,False,HK.02099,02099,2026-09-08,-0.027067,266.0
8.0,8,8,False,US.WDC,WDC,2024-09-09,0.0,47.106305
8.0,8,8,False,US.WDC,WDC,2024-09-10,0.0,47.241733
8.0,8,8,False,US.WDC,WDC,2024-09-11,0.0,47.632969
8.0,8,8,False,US.WDC,WDC,2024-09-12,-0.000948,47.587826
8.0,8,8,False,US.WDC,WDC,2024-09-13,0.0,48.919533
8.0,8,8,False,US.WDC,WDC,2024-09-16,-0.014303,48.219823
8.0,8,8,False,US.WDC,WDC,2024-09-17,0.0,49.574101
8.0,8,8,False,US.WDC,WDC,2024-09-18,-0.02231,48.468107
8.0,8,8,False,US.WDC,WDC,2024-09-19,0.0,49.634291
8.0,8,8,False,US.WDC,WDC,2024-09-20,0.0,50.221145
8.0,8,8,False,US.WDC,WDC,2024-09-23,-0.006891,49.875051
8.0,8,8,False,US.WDC,WDC,2024-09-24,-0.004345,50.002955
8.0,8,8,False,US.WDC,WDC,2024-09-25,-0.011236,49.656862
8.0,8,8,False,US.WDC,WDC,2024-09-26,0.0,53.012462
8.0,8,8,False,US.WDC,WDC,2024-09-27,-0.01476,52.22999
8.0,8,8,False,US.WDC,WDC,2024-09-30,-0.030798,51.379805
8.0,8,8,False,US.WDC,WDC,2024-10-01,-0.052512,50.228668
8.0,8,8,False,US.WDC,WDC,2024-10-02,-0.055918,50.048098
8.0,8,8,False,US.WDC,WDC,2024-10-03,-0.055067,50.09324
8.0,8,8,False,US.WDC,WDC,2024-10-04,-0.058331,49.920194
8.0,8,8,False,US.WDC,WDC,2024-10-07,-0.057054,49.987908
8.0,8,8,False,US.WDC,WDC,2024-10-08,-0.060886,49.784766
8.0,8,8,False,US.WDC,WDC,2024-10-09,-0.084871,48.513249
8.0,8,8,False,US.WDC,WDC,2024-10-10,-0.090974,48.189727
8.0,8,8,False,US.WDC,WDC,2024-10-11,-0.079194,48.8142
8.0,8,8,False,US.WDC,WDC,2024-10-14,-0.051519,50.281335
8.0,8,8,False,US.WDC,WDC,2024-10-15,-0.049815,50.37162
8.0,8,8,False,US.WDC,WDC,2024-10-16,-0.037894,51.003616
8.0,8,8,False,US.WDC,WDC,2024-10-17,-0.044139,50.672571
8.0,8,8,False,US.WDC,WDC,2024-10-18,-0.04868,50.43181
8.0,8,8,False,US.WDC,WDC,2024-10-21,-0.045416,50.604857
8.0,8,8,False,US.WDC,WDC,2024-10-22,-0.03832,50.981045
8.0,8,8,False,US.WDC,WDC,2024-10-23,-0.054641,50.115812
8.0,8,8,False,US.WDC,WDC,2024-10-24,-0.058757,49.897623
8.0,8,8,False,US.WDC,WDC,2024-10-25,-0.014334,52.252562
8.0,8,8,False,US.WDC,WDC,2024-10-28,-0.010644,52.44818
8.0,8,8,False,US.WDC,WDC,2024-10-29,-0.030656,51.387328
8.0,8,8,False,US.WDC,WDC,2024-10-30,-0.048822,50.424286
8.0,8,8,False,US.WDC,WDC,2024-10-31,-0.073091,49.137722
8.0,8,8,False,US.WDC,WDC,2024-11-01,-0.065001,49.566577
8.0,8,8,False,US.WDC,WDC,2024-11-04,-0.074368,49.070008
8.0,8,8,False,US.WDC,WDC,2024-11-05,-0.051519,50.281335
8.0,8,8,False,US.WDC,WDC,2024-11-06,-0.007806,52.598655
8.0,8,8,False,US.WDC,WDC,2024-11-07,-0.000284,52.997415
8.0,8,8,False,US.WDC,WDC,2024-11-08,-0.012064,52.372942
8.0,8,8,False,US.WDC,WDC,2024-11-11,-0.043713,50.695142
8.0,8,8,False,US.WDC,WDC,2024-11-12,-0.092251,48.122014
8.0,8,8,False,US.WDC,WDC,2024-11-13,-0.109708,47.19659
8.0,8,8,False,US.WDC,WDC,2024-11-14,-0.102753,47.565255
8.0,8,8,False,US.WDC,WDC,2024-11-15,-0.108714,47.249257
8.0,8,8,False,US.WDC,WDC,2024-11-18,-0.083452,48.588487
8.0,8,8,False,US.WDC,WDC,2024-11-19,-0.073375,49.122675
8.0,8,8,False,US.WDC,WDC,2024-11-20,-0.093954,48.031728
8.0,8,8,False,US.WDC,WDC,2024-11-21,-0.065001,49.566577
8.0,8,8,False,US.WDC,WDC,2024-11-22,-0.057196,49.980384
8.0,8,8,False,US.WDC,WDC,2024-11-25,-0.014689,52.233752
8.0,8,8,False,US.WDC,WDC,2024-11-26,0.0,54.938546
8.0,8,8,False,US.WDC,WDC,2024-11-27,-0.020816,53.794934
8.0,8,8,False,US.WDC,WDC,2024-11-29,-0.000411,54.915975
8.0,8,8,False,US.WDC,WDC,2024-12-02,0.0,55.247021
8.0,8,8,False,US.WDC,WDC,2024-12-03,-0.023696,53.937885
8.0,8,8,False,US.WDC,WDC,2024-12-04,-0.014844,54.42693
8.0,8,8,False,US.WDC,WDC,2024-12-05,-0.017976,54.253884
8.0,8,8,False,US.WDC,WDC,2024-12-06,-0.032139,53.471412
8.0,8,8,False,US.WDC,WDC,2024-12-09,-0.036634,53.223128
8.0,8,8,False,US.WDC,WDC,2024-12-10,-0.062781,51.778564
8.0,8,8,False,US.WDC,WDC,2024-12-11,-0.048073,52.591131
8.0,8,8,False,US.WDC,WDC,2024-12-12,-0.101321,49.649338
8.0,8,8,False,US.WDC,WDC,2024-12-13,-0.113169,48.994771
8.0,8,8,False,US.WDC,WDC,2024-12-16,-0.110718,49.130198
8.0,8,8,False,US.WDC,WDC,2024-12-17,-0.119706,48.63363
8.0,8,8,False,US.WDC,WDC,2024-12-18,-0.134686,47.806015
8.0,8,8,False,US.WDC,WDC,2024-12-19,-0.18807,44.856699
8.0,8,8,False,US.WDC,WDC,2024-12-20,-0.179627,45.323172
8.0,8,8,False,US.WDC,WDC,2024-12-23,-0.161651,46.316309
8.0,8,8,False,US.WDC,WDC,2024-12-24,-0.159744,46.421642
8.0,8,8,False,US.WDC,WDC,2024-12-26,-0.159608,46.429166
8.0,8,8,False,US.WDC,WDC,2024-12-27,-0.173362,45.669266
8.0,8,8,False,US.WDC,WDC,2024-12-30,-0.18807,44.856699
8.0,8,8,False,US.WDC,WDC,2024-12-31,-0.187934,44.864222
8.0,8,8,False,US.WDC,WDC,2025-01-02,-0.157429,46.549546
8.0,8,8,False,US.WDC,WDC,2025-01-03,-0.127468,48.204775
8.0,8,8,False,US.WDC,WDC,2025-01-06,-0.105951,49.39353
8.0,8,8,False,US.WDC,WDC,2025-01-07,-0.116574,48.806676
8.0,8,8,False,US.WDC,WDC,2025-01-08,-0.127605,48.197251
8.0,8,8,False,US.WDC,WDC,2025-01-10,-0.144491,47.264304
8.0,8,8,False,US.WDC,WDC,2025-01-13,-0.155386,46.662403
8.0,8,8,False,US.WDC,WDC,2025-01-14,-0.145581,47.204114
8.0,8,8,False,US.WDC,WDC,2025-01-15,-0.119842,48.626106
8.0,8,8,False,US.WDC,WDC,2025-01-16,-0.125017,48.340203
8.0,8,8,False,US.WDC,WDC,2025-01-17,-0.114258,48.93458
8.0,8,8,False,US.WDC,WDC,2025-01-21,-0.08171,50.732761
8.0,8,8,False,US.WDC,WDC,2025-01-22,-0.065368,51.635613
8.0,8,8,False,US.WDC,WDC,2025-01-23,-0.064687,51.673232
8.0,8,8,False,US.WDC,WDC,2025-01-24,-0.081983,50.717713
8.0,8,8,False,US.WDC,WDC,2025-01-27,-0.122974,48.453059
8.0,8,8,False,US.WDC,WDC,2025-01-28,-0.14381,47.301923
8.0,8,8,False,US.WDC,WDC,2025-01-29,-0.144764,47.249257
8.0,8,8,False,US.WDC,WDC,2025-01-30,-0.104181,49.491339
8.0,8,8,False,US.WDC,WDC,2025-01-31,-0.113033,49.002294
8.0,8,8,False,US.WDC,WDC,2025-02-03,-0.122702,48.468107
8.0,8,8,False,US.WDC,WDC,2025-02-04,-0.131009,48.009157
8.0,8,8,False,US.WDC,WDC,2025-02-05,-0.118616,48.69382
8.0,8,8,False,US.WDC,WDC,2025-02-06,-0.121885,48.513249
8.0,8,8,False,US.WDC,WDC,2025-02-07,-0.122157,48.498202
8.0,8,8,False,US.WDC,WDC,2025-02-10,-0.059785,51.944087
8.0,8,8,False,US.WDC,WDC,2025-02-11,-0.061419,51.853802
8.0,8,8,False,US.WDC,WDC,2025-02-12,-0.083753,50.619904
8.0,8,8,False,US.WDC,WDC,2025-02-13,-0.07994,50.83057
8.0,8,8,False,US.WDC,WDC,2025-02-14,-0.068637,51.455042
8.0,8,8,False,US.WDC,WDC,2025-02-18,-0.019066,54.193693
8.0,8,8,False,US.WDC,WDC,2025-02-19,-0.026284,53.794934
8.0,8,8,False,US.WDC,WDC,2025-02-20,-0.029143,53.636935
8.0,8,8,False,US.WDC,WDC,2025-02-21,-0.064347,51.692041
8.0,8,8,False,US.WDC,WDC,2025-02-24,-0.116526,48.809316
8.0,8,8,False,US.WDC,WDC,2025-02-25,-0.115625,48.859101
8.0,8,8,False,US.WDC,WDC,2025-02-26,-0.09598,49.944416
8.0,8,8,False,US.WDC,WDC,2025-02-27,-0.131304,47.99284
8.0,8,8,False,US.WDC,WDC,2025-02-28,-0.118148,48.719703
8.0,8,8,False,US.WDC,WDC,2025-03-03,-0.152752,46.807955
8.0,8,8,False,US.WDC,WDC,2025-03-04,-0.195646,44.438184
8.0,8,8,False,US.WDC,WDC,2025-03-05,-0.203395,44.010032
8.0,8,8,False,US.WDC,WDC,2025-03-06,-0.252958,41.271851
8.0,8,8,False,US.WDC,WDC,2025-03-07,-0.248452,41.520777
8.0,8,8,False,US.WDC,WDC,2025-03-10,-0.269359,40.365762
8.0,8,8,False,US.WDC,WDC,2025-03-11,-0.24665,41.620347
8.0,8,8,False,US.WDC,WDC,2025-03-12,-0.225744,42.775361
8.0,8,8,False,US.WDC,WDC,2025-03-13,-0.242505,41.849358
8.0,8,8,False,US.WDC,WDC,2025-03-14,-0.197448,44.338614
8.0,8,8,False,US.WDC,WDC,2025-03-17,-0.193483,44.557668
8.0,8,8,False,US.WDC,WDC,2025-03-18,-0.200872,44.14943
8.0,8,8,False,US.WDC,WDC,2025-03-19,-0.190779,44.707023
8.0,8,8,False,US.WDC,WDC,2025-03-20,-0.197808,44.3187
8.0,8,8,False,US.WDC,WDC,2025-03-21,-0.213128,43.472353
8.0,8,8,False,US.WDC,WDC,2025-03-24,-0.201413,44.119559
8.0,8,8,False,US.WDC,WDC,2025-03-25,-0.217994,43.203513
8.0,8,8,False,US.WDC,WDC,2025-03-26,-0.231871,42.436823
8.0,8,8,False,US.WDC,WDC,2025-03-27,-0.244667,41.729874
8.0,8,8,False,US.WDC,WDC,2025-03-28,-0.267917,40.445418
8.0,8,8,False,US.WDC,WDC,2025-03-31,-0.271341,40.256235
8.0,8,8,False,US.WDC,WDC,2025-04-01,-0.263051,40.714258
8.0,8,8,False,US.WDC,WDC,2025-04-02,-0.24701,41.600433
8.0,8,8,False,US.WDC,WDC,2025-04-03,-0.384524,34.003226
8.0,8,8,False,US.WDC,WDC,2025-04-04,-0.449586,30.408742
8.0,8,8,False,US.WDC,WDC,2025-04-07,-0.438412,31.026077
8.0,8,8,False,US.WDC,WDC,2025-04-08,-0.431383,31.414401
8.0,8,8,False,US.WDC,WDC,2025-04-09,-0.345775,36.143986
8.0,8,8,False,US.WDC,WDC,2025-04-10,-0.371547,34.720132
8.0,8,8,False,US.WDC,WDC,2025-04-11,-0.380018,34.252152
8.0,8,8,False,US.WDC,WDC,2025-04-14,-0.354426,35.666049
8.0,8,8,False,US.WDC,WDC,2025-04-15,-0.352443,35.775576
8.0,8,8,False,US.WDC,WDC,2025-04-16,-0.35803,35.466908
8.0,8,8,False,US.WDC,WDC,2025-04-17,-0.34199,36.353083
8.0,8,8,False,US.WDC,WDC,2025-04-21,-0.351903,35.805447
8.0,8,8,False,US.WDC,WDC,2025-04-22,-0.338926,36.522352
8.0,8,8,False,US.WDC,WDC,2025-04-23,-0.320543,37.537968
8.0,8,8,False,US.WDC,WDC,2025-04-24,-0.276027,39.997353
8.0,8,8,False,US.WDC,WDC,2025-04-25,-0.265033,40.604731
8.0,8,8,False,US.WDC,WDC,2025-04-28,-0.26269,40.734172
8.0,8,8,False,US.WDC,WDC,2025-04-29,-0.267917,40.445418
8.0,8,8,False,US.WDC,WDC,2025-04-30,-0.209523,43.671493
8.0,8,8,False,US.WDC,WDC,2025-05-01,-0.207901,43.761106
8.0,8,8,False,US.WDC,WDC,2025-05-02,-0.194564,44.497926
8.0,8,8,False,US.WDC,WDC,2025-05-05,-0.188437,44.836465
8.0,8,8,False,US.WDC,WDC,2025-05-06,-0.201773,44.099645
8.0,8,8,False,US.WDC,WDC,2025-05-07,-0.201593,44.109602
8.0,8,8,False,US.WDC,WDC,2025-05-08,-0.201593,44.109602
8.0,8,8,False,US.WDC,WDC,2025-05-09,-0.205198,43.910462
8.0,8,8,False,US.WDC,WDC,2025-05-12,-0.160682,46.369846
8.0,8,8,False,US.WDC,WDC,2025-05-13,-0.116706,48.799359
8.0,8,8,False,US.WDC,WDC,2025-05-14,-0.113282,48.988542
8.0,8,8,False,US.WDC,WDC,2025-05-15,-0.103369,49.536178
8.0,8,8,False,US.WDC,WDC,2025-05-16,-0.099044,49.775147
8.0,8,8,False,US.WDC,WDC,2025-05-19,-0.085887,50.502009
8.0,8,8,False,US.WDC,WDC,2025-05-20,-0.087509,50.412396
8.0,8,8,False,US.WDC,WDC,2025-05-21,-0.108055,49.277296
8.0,8,8,False,US.WDC,WDC,2025-05-22,-0.101747,49.625792
8.0,8,8,False,US.WDC,WDC,2025-05-23,-0.095619,49.96433
8.0,8,8,False,US.WDC,WDC,2025-05-27,-0.066062,51.597282
8.0,8,8,False,US.WDC,WDC,2025-05-28,-0.05651,52.125004
8.0,8,8,False,US.WDC,WDC,2025-05-29,-0.052906,52.324144
8.0,8,8,False,US.WDC,WDC,2025-05-30,-0.070928,51.328442
8.0,8,8,False,US.WDC,WDC,2025-06-02,-0.059394,51.965692
8.0,8,8,False,US.WDC,WDC,2025-06-03,-0.030918,53.538901
8.0,8,8,False,US.WDC,WDC,2025-06-04,-0.017195,54.297044
8.0,8,8,False,US.WDC,WDC,2025-06-05,-0.006,54.91553
8.0,8,8,False,US.WDC,WDC,2025-06-06,0.0,55.314553
8.0,8,8,False,US.WDC,WDC,2025-06-09,0.0,56.880718
8.0,8,8,False,US.WDC,WDC,2025-06-10,-0.018765,55.813332
8.0,8,8,False,US.WDC,WDC,2025-06-11,-0.023676,55.534016
8.0,8,8,False,US.WDC,WDC,2025-06-12,-0.021747,55.643747
8.0,8,8,False,US.WDC,WDC,2025-06-13,-0.02315,55.563942
8.0,8,8,False,US.WDC,WDC,2025-06-16,0.0,57.269765
8.0,8,8,False,US.WDC,WDC,2025-06-17,0.0,58.426932
8.0,8,8,False,US.WDC,WDC,2025-06-18,0.0,59.045417
8.0,8,8,False,US.WDC,WDC,2025-06-20,0.0,59.145173
8.0,8,8,False,US.WDC,WDC,2025-06-23,0.0,60.23251
8.0,8,8,False,US.WDC,WDC,2025-06-24,0.0,61.918382
8.0,8,8,False,US.WDC,WDC,2025-06-25,0.0,62.39721
8.0,8,8,False,US.WDC,WDC,2025-06-26,0.0,63.354865
8.0,8,8,False,US.WDC,WDC,2025-06-27,-0.003464,63.135402
8.0,8,8,False,US.WDC,WDC,2025-06-30,0.0,63.833692
8.0,8,8,False,US.WDC,WDC,2025-07-01,-0.002344,63.684059
8.0,8,8,False,US.WDC,WDC,2025-07-02,0.0,65.61932
8.0,8,8,False,US.WDC,WDC,2025-07-03,0.0,65.918587
8.0,8,8,False,US.WDC,WDC,2025-07-07,-0.01309,65.0557
8.0,8,8,False,US.WDC,WDC,2025-07-08,-0.031174,63.863619
8.0,8,8,False,US.WDC,WDC,2025-07-09,-0.021792,64.482105
8.0,8,8,False,US.WDC,WDC,2025-07-10,-0.015436,64.901079
8.0,8,8,False,US.WDC,WDC,2025-07-11,0.0,65.978441
8.0,8,8,False,US.WDC,WDC,2025-07-14,0.0,66.766511
8.0,8,8,False,US.WDC,WDC,2025-07-15,0.0,67.365045
8.0,8,8,False,US.WDC,WDC,2025-07-16,-0.014808,66.367488
8.0,8,8,False,US.WDC,WDC,2025-07-17,-0.007552,66.856291
8.0,8,8,False,US.WDC,WDC,2025-07-18,0.0,67.833897
8.0,8,8,False,US.WDC,WDC,2025-07-21,0.0,68.57209
8.0,8,8,False,US.WDC,WDC,2025-07-22,-0.02444,66.896193
8.0,8,8,False,US.WDC,WDC,2025-07-23,0.0,69.150673
8.0,8,8,False,US.WDC,WDC,2025-07-24,-0.004328,68.851406
8.0,8,8,False,US.WDC,WDC,2025-07-25,-0.007213,68.651894
8.0,8,8,False,US.WDC,WDC,2025-07-28,-0.004833,68.816491
8.0,8,8,False,US.WDC,WDC,2025-07-29,0.0,70.437522
8.0,8,8,False,US.WDC,WDC,2025-07-30,0.0,71.255519
8.0,8,8,False,US.WDC,WDC,2025-07-31,0.0,78.497785
8.0,8,8,False,US.WDC,WDC,2025-08-01,-0.027195,76.363012
8.0,8,8,False,US.WDC,WDC,2025-08-04,-0.017791,77.101205
8.0,8,8,False,US.WDC,WDC,2025-08-05,-0.036218,75.654746
8.0,8,8,False,US.WDC,WDC,2025-08-06,-0.062397,73.599778
8.0,8,8,False,US.WDC,WDC,2025-08-07,-0.054009,74.258166
8.0,8,8,False,US.WDC,WDC,2025-08-08,-0.047274,74.786872
8.0,8,8,False,US.WDC,WDC,2025-08-11,-0.051468,74.457678
8.0,8,8,False,US.WDC,WDC,2025-08-12,-0.035329,75.724575
8.0,8,8,False,US.WDC,WDC,2025-08-13,-0.033295,75.884185
8.0,8,8,False,US.WDC,WDC,2025-08-14,-0.031135,76.053769
8.0,8,8,False,US.WDC,WDC,2025-08-15,-0.04613,74.876652
8.0,8,8,False,US.WDC,WDC,2025-08-18,-0.030499,76.103647
8.0,8,8,False,US.WDC,WDC,2025-08-19,-0.035964,75.674698
8.0,8,8,False,US.WDC,WDC,2025-08-20,-0.03876,75.455235
8.0,8,8,False,US.WDC,WDC,2025-08-21,-0.051214,74.477629
8.0,8,8,False,US.WDC,WDC,2025-08-22,-0.021858,76.781986
8.0,8,8,False,US.WDC,WDC,2025-08-25,0.0,79.02649
8.0,8,8,False,US.WDC,WDC,2025-08-26,0.0,79.515293
8.0,8,8,False,US.WDC,WDC,2025-08-27,0.0,80.472948
8.0,8,8,False,US.WDC,WDC,2025-08-28,0.0,81.839602
8.0,8,8,False,US.WDC,WDC,2025-08-29,-0.020722,80.143754
8.0,8,8,False,US.WDC,WDC,2025-09-02,-0.001585,81.709919
8.0,8,8,False,US.WDC,WDC,2025-09-03,0.0,85.789929
8.0,8,8,False,US.WDC,WDC,2025-09-04,0.0,90.374047
8.0,8,8,False,US.WDC,WDC,2025-09-05,0.0,91.922061
8.0,8,8,False,US.WDC,WDC,2025-09-08,0.0,93.170459
8.0,8,8,False,US.WDC,WDC,2025-09-09,0.0,94.418858
8.0,8,8,False,US.WDC,WDC,2025-09-10,0.0,94.898243
8.0,8,8,False,US.WDC,WDC,2025-09-11,0.0,96.026795
8.0,8,8,False,US.WDC,WDC,2025-09-12,0.0,97.53486
8.0,8,8,False,US.WDC,WDC,2025-09-15,0.0,102.258799
8.0,8,8,False,US.WDC,WDC,2025-09-16,0.0,102.957902
8.0,8,8,False,US.WDC,WDC,2025-09-17,-0.020856,100.810657
8.0,8,8,False,US.WDC,WDC,2025-09-18,0.0,105.015262
8.0,8,8,False,US.WDC,WDC,2025-09-19,0.0,106.493366
8.0,8,8,False,US.WDC,WDC,2025-09-22,0.0,112.265959
8.0,8,8,False,US.WDC,WDC,2025-09-23,-0.019215,110.108727
8.0,8,8,False,US.WDC,WDC,2025-09-24,-0.024197,109.549445
8.0,8,8,False,US.WDC,WDC,2025-09-25,-0.046259,107.072622
8.0,8,8,False,US.WDC,WDC,2025-09-26,-0.049195,106.743045
8.0,8,8,False,US.WDC,WDC,2025-09-29,0.0,116.590411
8.0,8,8,False,US.WDC,WDC,2025-09-30,0.0,119.906157
8.0,8,8,False,US.WDC,WDC,2025-10-01,0.0,130.422664
8.0,8,8,False,US.WDC,WDC,2025-10-02,0.0,131.091805
8.0,8,8,False,US.WDC,WDC,2025-10-03,0.0,131.141741
8.0,8,8,False,US.WDC,WDC,2025-10-06,-0.045922,125.119468
8.0,8,8,False,US.WDC,WDC,2025-10-07,-0.086665,119.776323
8.0,8,8,False,US.WDC,WDC,2025-10-08,-0.077146,121.024721
8.0,8,8,False,US.WDC,WDC,2025-10-09,-0.088417,119.546618
8.0,8,8,False,US.WDC,WDC,2025-10-10,-0.121011,115.272102
8.0,8,8,False,US.WDC,WDC,2025-10-13,-0.094814,118.707694
8.0,8,8,False,US.WDC,WDC,2025-10-14,-0.138451,112.985037
8.0,8,8,False,US.WDC,WDC,2025-10-15,-0.082781,120.28567
8.0,8,8,False,US.WDC,WDC,2025-10-16,-0.041048,125.758648
8.0,8,8,False,US.WDC,WDC,2025-10-17,-0.038916,126.038289
8.0,8,8,False,US.WDC,WDC,2025-10-20,-0.07448,121.374273
8.0,8,8,False,US.WDC,WDC,2025-10-21,-0.075394,121.254427
8.0,8,8,False,US.WDC,WDC,2025-10-22,-0.082553,120.315631
8.0,8,8,False,US.WDC,WDC,2025-10-23,-0.042571,125.558904
8.0,8,8,False,US.WDC,WDC,2025-10-24,-0.014317,129.26415
8.0,8,8,False,US.WDC,WDC,2025-10-27,-0.035336,126.507687
8.0,8,8,False,US.WDC,WDC,2025-10-28,-0.048663,124.759929
8.0,8,8,False,US.WDC,WDC,2025-10-29,0.0,141.198837
8.0,8,8,False,US.WDC,WDC,2025-10-30,-0.022988,137.953002
8.0,8,8,False,US.WDC,WDC,2025-10-31,0.0,150.017523
8.0,8,8,False,US.WDC,WDC,2025-11-03,0.0,157.817515
8.0,8,8,False,US.WDC,WDC,2025-11-04,-0.036957,151.984998
8.0,8,8,False,US.WDC,WDC,2025-11-05,0.0,159.89485
8.0,8,8,False,US.WDC,WDC,2025-11-06,0.0,163.390365
8.0,8,8,False,US.WDC,WDC,2025-11-07,-0.003943,162.746191
8.0,8,8,False,US.WDC,WDC,2025-11-10,0.0,173.996757
8.0,8,8,False,US.WDC,WDC,2025-11-11,-0.02428,169.772177
8.0,8,8,False,US.WDC,WDC,2025-11-12,-0.04655,165.897149
8.0,8,8,False,US.WDC,WDC,2025-11-13,-0.097922,156.958617
8.0,8,8,False,US.WDC,WDC,2025-11-14,-0.094076,157.627759
8.0,8,8,False,US.WDC,WDC,2025-11-17,-0.067558,162.241839
8.0,8,8,False,US.WDC,WDC,2025-11-18,-0.122604,152.664127
8.0,8,8,False,US.WDC,WDC,2025-11-19,-0.116232,153.772705
8.0,8,8,False,US.WDC,WDC,2025-11-20,-0.195098,140.050311
8.0,8,8,False,US.WDC,WDC,2025-11-21,-0.201068,139.011644
8.0,8,8,False,US.WDC,WDC,2025-11-24,-0.133682,150.7366
8.0,8,8,False,US.WDC,WDC,2025-11-25,-0.107967,155.210859
8.0,8,8,False,US.WDC,WDC,2025-11-26,-0.094593,157.537874
8.0,8,8,False,US.WDC,WDC,2025-11-28,-0.062507,163.120711
8.0,8,8,False,US.WDC,WDC,2025-12-01,-0.061302,163.330442
8.0,8,8,False,US.WDC,WDC,2025-12-02,-0.081678,159.784991
8.0,8,8,False,US.WDC,WDC,2025-12-03,-0.106934,155.390629
8.0,8,8,False,US.WDC,WDC,2025-12-04,-0.075138,160.922981
8.0,8,8,False,US.WDC,WDC,2025-12-05,-0.029814,168.809207
8.0,8,8,False,US.WDC,WDC,2025-12-08,-0.024701,169.698781
8.0,8,8,False,US.WDC,WDC,2025-12-09,-0.02608,169.458896
8.0,8,8,False,US.WDC,WDC,2025-12-10,0.0,181.862959
8.0,8,8,False,US.WDC,WDC,2025-12-11,0.0,187.110448
8.0,8,8,False,US.WDC,WDC,2025-12-12,-0.058013,176.255643
8.0,8,8,False,US.WDC,WDC,2025-12-15,-0.080983,171.9577
8.0,8,8,False,US.WDC,WDC,2025-12-16,-0.067441,174.491487
8.0,8,8,False,US.WDC,WDC,2025-12-17,-0.111859,166.180465
8.0,8,8,False,US.WDC,WDC,2025-12-18,-0.065118,174.926279
8.0,8,8,False,US.WDC,WDC,2025-12-19,-0.032692,180.993375
8.0,8,8,False,US.WDC,WDC,2025-12-22,-0.055769,176.675442
8.0,8,8,False,US.WDC,WDC,2025-12-23,-0.04781,178.164729
8.0,8,8,False,US.WDC,WDC,2025-12-24,-0.040812,179.474102
8.0,8,8,False,US.WDC,WDC,2025-12-26,-0.030235,181.453155
8.0,8,8,False,US.WDC,WDC,2025-12-29,-0.040171,179.594045
8.0,8,8,False,US.WDC,WDC,2025-12-30,-0.059509,175.975777
8.0,8,8,False,US.WDC,WDC,2025-12-31,-0.079754,172.18759
8.0,8,8,False,US.WDC,WDC,2026-01-02,0.0,187.610208
8.0,8,8,False,US.WDC,WDC,2026-01-05,0.0,187.790122
8.0,8,8,False,US.WDC,WDC,2026-01-06,0.0,219.275053
8.0,8,8,False,US.WDC,WDC,2026-01-07,-0.088887,199.784382
8.0,8,8,False,US.WDC,WDC,2026-01-08,-0.144498,187.590218
8.0,8,8,False,US.WDC,WDC,2026-01-09,-0.086243,200.364104
8.0,8,8,False,US.WDC,WDC,2026-01-12,-0.033002,212.038517
8.0,8,8,False,US.WDC,WDC,2026-01-13,-0.024524,213.897627
8.0,8,8,False,US.WDC,WDC,2026-01-14,-0.019965,214.897149
8.0,8,8,False,US.WDC,WDC,2026-01-15,0.0,221.993752
8.0,8,8,False,US.WDC,WDC,2026-01-16,-0.002656,221.404034
8.0,8,8,False,US.WDC,WDC,2026-01-20,0.0,222.863336
8.0,8,8,False,US.WDC,WDC,2026-01-21,0.0,241.78428
8.0,8,8,False,US.WDC,WDC,2026-01-22,0.0,243.173615
8.0,8,8,False,US.WDC,WDC,2026-01-23,-0.028361,236.276916
8.0,8,8,False,US.WDC,WDC,2026-01-26,-0.010029,240.734783
8.0,8,8,False,US.WDC,WDC,2026-01-27,0.0,252.539133
8.0,8,8,False,US.WDC,WDC,2026-01-28,0.0,279.566198
8.0,8,8,False,US.WDC,WDC,2026-01-29,-0.004612,278.276815
8.0,8,8,False,US.WDC,WDC,2026-01-30,-0.105363,250.110295
8.0,8,8,False,US.WDC,WDC,2026-02-02,-0.033858,270.100728
8.0,8,8,False,US.WDC,WDC,2026-02-03,0.0,290.101156
8.0,8,8,False,US.WDC,WDC,2026-02-04,-0.071768,269.28112
8.0,8,8,False,US.WDC,WDC,2026-02-05,-0.103535,260.065531
8.0,8,8,False,US.WDC,WDC,2026-02-06,-0.026392,282.44482
8.0,8,8,False,US.WDC,WDC,2026-02-09,-0.014643,285.853189
8.0,8,8,False,US.WDC,WDC,2026-02-10,-0.095369,262.434397
8.0,8,8,False,US.WDC,WDC,2026-02-11,-0.05685,273.609049
8.0,8,8,False,US.WDC,WDC,2026-02-12,-0.021155,283.964093
8.0,8,8,False,US.WDC,WDC,2026-02-13,-0.029837,281.445298
8.0,8,8,False,US.WDC,WDC,2026-02-17,-0.02112,283.974088
8.0,8,8,False,US.WDC,WDC,2026-02-18,0.0,296.418132
8.0,8,8,False,US.WDC,WDC,2026-02-19,-0.040093,284.53382
8.0,8,8,False,US.WDC,WDC,2026-02-20,-0.037227,285.383414
8.0,8,8,False,US.WDC,WDC,2026-02-23,-0.054424,280.285853
8.0,8,8,False,US.WDC,WDC,2026-02-24,-0.087638,270.440565
8.0,8,8,False,US.WDC,WDC,2026-02-25,-0.018917,290.810816
8.0,8,8,False,US.WDC,WDC,2026-02-26,-0.048253,282.114978
8.0,8,8,False,US.WDC,WDC,2026-02-27,-0.056852,279.566198
8.0,8,8,False,US.WDC,WDC,2026-03-02,-0.089291,269.9508
8.0,8,8,False,US.WDC,WDC,2026-03-03,-0.154943,250.490114
8.0,8,8,False,US.WDC,WDC,2026-03-04,-0.118897,261.175
8.0,8,8,False,US.WDC,WDC,2026-03-05,-0.126133,259.03
8.0,8,8,False,US.WDC,WDC,2026-03-06,-0.172621,245.25
8.0,8,8,False,US.WDC,WDC,2026-03-09,-0.115911,262.06
8.0,8,8,False,US.WDC,WDC,2026-03-10,-0.101877,266.22
8.0,8,8,False,US.WDC,WDC,2026-03-11,-0.093139,268.81
8.0,8,8,False,US.WDC,WDC,2026-03-12,-0.11888,261.18
8.0,8,8,False,US.WDC,WDC,2026-03-13,-0.081399,272.29
8.0,8,8,False,US.WDC,WDC,2026-03-16,-0.034438,286.21
8.0,8,8,False,US.WDC,WDC,2026-03-17,0.0,313.81
8.0,8,8,False,US.WDC,WDC,2026-03-18,-0.028393,304.9
8.0,8,8,False,US.WDC,WDC,2026-03-19,0.0,316.93
8.0,8,8,False,US.WDC,WDC,2026-03-20,-0.07519,293.1
8.0,8,8,False,US.WDC,WDC,2026-03-23,-0.069858,294.79
8.0,8,8,False,US.WDC,WDC,2026-03-24,-0.050106,301.05
8.0,8,8,False,US.WDC,WDC,2026-03-25,-0.065598,296.14
8.0,8,8,False,US.WDC,WDC,2026-03-26,-0.137507,273.35
8.0,8,8,False,US.WDC,WDC,2026-03-27,-0.131228,275.34
8.0,8,8,False,US.WDC,WDC,2026-03-30,-0.205913,251.67
8.0,8,8,False,US.WDC,WDC,2026-03-31,-0.146531,270.49
8.0,8,8,False,US.WDC,WDC,2026-04-01,-0.060581,297.73
8.0,8,8,False,US.WDC,WDC,2026-04-02,-0.06929,294.97
8.0,8,8,False,US.WDC,WDC,2026-04-06,-0.040324,304.15
8.0,8,8,False,US.WDC,WDC,2026-04-07,-0.015682,311.96
8.0,8,8,False,US.WDC,WDC,2026-04-08,0.0,338.78
8.0,8,8,False,US.WDC,WDC,2026-04-09,-0.002657,337.88
8.0,8,8,False,US.WDC,WDC,2026-04-10,0.0,343.43
8.0,8,8,False,US.WDC,WDC,2026-04-13,0.0,350.16
8.0,8,8,False,US.WDC,WDC,2026-04-14,0.0,366.22
8.0,8,8,False,US.WDC,WDC,2026-04-15,-0.003331,365.0
8.0,8,8,False,US.WDC,WDC,2026-04-16,-0.01237,361.69
8.0,8,8,False,US.WDC,WDC,2026-04-17,0.0,372.52
8.0,8,8,False,US.WDC,WDC,2026-04-20,0.0,374.11
8.0,8,8,False,US.WDC,WDC,2026-04-21,0.0,383.81
8.0,8,8,False,US.WDC,WDC,2026-04-22,0.0,389.1
8.0,8,8,False,US.WDC,WDC,2026-04-23,0.0,403.12
8.0,8,8,False,US.WDC,WDC,2026-04-24,0.0,404.0
8.0,8,8,False,US.WDC,WDC,2026-04-27,-0.008094,400.73
8.0,8,8,False,US.WDC,WDC,2026-04-28,-0.032203,390.99
8.0,8,8,False,US.WDC,WDC,2026-04-29,0.0,412.76
8.0,8,8,False,US.WDC,WDC,2026-04-30,0.0,434.52
8.0,8,8,False,US.WDC,WDC,2026-05-01,-0.006904,431.52
8.0,8,8,False,US.WDC,WDC,2026-05-04,0.0,442.36
8.0,8,8,False,US.WDC,WDC,2026-05-05,0.0,465.26
8.0,8,8,False,US.WDC,WDC,2026-05-06,0.0,483.15
8.0,8,8,False,US.WDC,WDC,2026-05-07,-0.039822,463.91
8.0,8,8,False,US.WDC,WDC,2026-05-08,-0.00652,480.0
8.0,8,8,False,US.WDC,WDC,2026-05-11,0.0,515.83
8.0,8,8,False,US.WDC,WDC,2026-05-12,-0.052517,488.74
8.0,8,8,False,US.WDC,WDC,2026-05-13,-0.042146,494.09
8.0,8,8,False,US.WDC,WDC,2026-05-14,-0.051722,489.15
8.0,8,8,False,US.WDC,WDC,2026-05-15,-0.065545,482.02
8.0,8,8,False,US.WDC,WDC,2026-05-18,-0.110792,458.68
8.0,8,8,False,US.WDC,WDC,2026-05-19,-0.116376,455.8
8.0,8,8,False,US.WDC,WDC,2026-05-20,-0.10897,459.62
8.0,8,8,False,US.WDC,WDC,2026-05-21,-0.056937,486.46
8.0,8,8,False,US.WDC,WDC,2026-05-22,-0.061164,484.28
8.0,8,8,False,US.WDC,WDC,2026-05-26,0.0,524.65
8.0,8,8,False,US.WDC,WDC,2026-05-27,0.0,530.6
8.0,8,8,False,US.WDC,WDC,2026-05-28,0.0,531.18
8.0,8,8,False,US.WDC,WDC,2026-05-29,0.0,531.21
8.0,8,8,False,US.WDC,WDC,2026-06-01,0.0,546.2
8.0,8,8,False,US.WDC,WDC,2026-06-02,0.0,563.1
8.0,8,8,False,US.WDC,WDC,2026-06-03,0.0,594.11
8.0,8,8,False,US.WDC,WDC,2026-06-04,-0.031324,575.5
8.0,8,8,False,US.WDC,WDC,2026-06-05,-0.138678,511.72
8.0,8,8,False,US.WDC,WDC,2026-06-08,-0.113077,526.93
8.0,8,8,False,US.WDC,WDC,2026-06-09,-0.128579,517.72
8.0,8,8,False,US.WDC,WDC,2026-06-10,-0.175085,490.09
8.0,8,8,False,US.WDC,WDC,2026-06-11,-0.109104,529.29
8.0,8,8,False,US.WDC,WDC,2026-06-12,-0.05249,562.925
8.0,8,8,False,US.WDC,WDC,2026-06-15,0.0,653.53
8.0,8,8,False,US.WDC,WDC,2026-06-16,0.0,681.08
8.0,8,8,False,US.WDC,WDC,2026-06-17,0.0,712.13
8.0,8,8,False,US.WDC,WDC,2026-06-18,0.0,746.23
8.0,8,8,False,US.WDC,WDC,2026-06-22,-0.018238,732.62
8.0,8,8,False,US.WDC,WDC,2026-06-23,-0.101148,670.75
8.0,8,8,False,US.WDC,WDC,2026-06-24,-0.137223,643.83
8.0,8,8,False,US.WDC,WDC,2026-06-25,-0.094931,675.39
8.0,8,8,False,US.WDC,WDC,2026-06-26,-0.214116,586.45
8.0,8,8,False,US.WDC,WDC,2026-06-29,-0.126436,651.88
8.0,8,8,False,US.WDC,WDC,2026-06-30,-0.144071,638.72
8.0,8,8,False,US.WDC,WDC,2026-07-01,-0.198143,598.37
8.0,8,8,False,US.WDC,WDC,2026-07-02,-0.277703,539.0
8.0,8,8,False,US.WDC,WDC,2026-07-06,-0.226164,577.46
8.0,8,8,False,US.WDC,WDC,2026-07-07,-0.286949,532.1
8.0,8,8,False,US.WDC,WDC,2026-07-08,-0.26256,550.3
8.0,8,8,False,US.WDC,WDC,2026-07-09,-0.225373,578.05
8.0,8,8,False,US.WDC,WDC,2026-07-10,-0.219296,582.585
8.0,8,8,False,US.WDC,WDC,2026-07-13,-0.255524,555.55
8.0,8,8,False,US.WDC,WDC,2026-07-14,-0.245112,563.32
8.0,8,8,False,US.WDC,WDC,2026-07-15,-0.311419,513.84
8.0,8,8,False,US.WDC,WDC,2026-07-16,-0.374442,466.81
8.0,8,8,False,US.WDC,WDC,2026-07-17,-0.360492,477.22
8.0,8,8,False,US.WDC,WDC,2026-07-20,-0.346823,487.42
8.0,8,8,False,US.WDC,WDC,2026-07-21,-0.265119,548.39
8.0,8,8,False,US.WDC,WDC,2026-07-22,-0.254024,556.67
8.0,8,8,False,US.WDC,WDC,2026-07-23,-0.251839,558.3
8.0,8,8,False,US.WDC,WDC,2026-07-24,-0.303432,519.8
8.0,8,8,False,US.WDC,WDC,2026-07-27,-0.332753,497.92
8.0,8,8,False,US.WDC,WDC,2026-07-28,-0.378864,463.51
8.0,8,8,False,US.WDC,WDC,2026-07-29,-0.380834,462.04
8.0,8,8,False,US.WDC,WDC,2026-07-30,-0.285689,533.04
8.0,8,8,False,US.WDC,WDC,2026-07-31,-0.269877,544.84
8.0,8,8,False,US.WDC,WDC,2026-08-03,-0.293489,527.22
8.0,8,8,False,US.WDC,WDC,2026-08-04,-0.264892,548.56
8.0,8,8,False,US.WDC,WDC,2026-08-05,-0.304276,519.17
8.0,8,8,False,US.WDC,WDC,2026-08-06,-0.394932,451.52
8.0,8,8,False,US.WDC,WDC,2026-08-07,-0.418008,434.3
8.0,8,8,False,US.WDC,WDC,2026-08-10,-0.412594,438.34
8.0,8,8,False,US.WDC,WDC,2026-08-11,-0.413143,437.93
8.0,8,8,False,US.WDC,WDC,2026-08-12,-0.391474,454.1
8.0,8,8,False,US.WDC,WDC,2026-08-13,-0.346998,487.29
8.0,8,8,False,US.WDC,WDC,2026-08-14,-0.318173,508.8
8.0,8,8,False,US.WDC,WDC,2026-08-17,-0.281709,536.01
8.0,8,8,False,US.WDC,WDC,2026-08-18,-0.335111,496.16
8.0,8,8,False,US.WDC,WDC,2026-08-19,-0.380767,462.09
8.0,8,8,False,US.WDC,WDC,2026-08-20,-0.37144,469.05
8.0,8,8,False,US.WDC,WDC,2026-08-21,-0.384319,459.44
8.0,8,8,False,US.WDC,WDC,2026-08-24,-0.416561,435.38
8.0,8,8,False,US.WDC,WDC,2026-08-25,-0.395964,450.75
8.0,8,8,False,US.WDC,WDC,2026-08-26,-0.371668,468.88
8.0,8,8,False,US.WDC,WDC,2026-08-27,-0.380888,462.0
8.0,8,8,False,US.WDC,WDC,2026-08-28,-0.384305,459.45
8.0,8,8,False,US.WDC,WDC,2026-08-31,-0.396232,450.55
8.0,8,8,False,US.WDC,WDC,2026-09-01,-0.396379,450.44
8.0,8,8,False,US.WDC,WDC,2026-09-02,-0.398443,448.9
8.0,8,8,False,US.WDC,WDC,2026-09-03,-0.408266,441.57
8.0,8,8,False,US.WDC,WDC,2026-09-04,-0.373571,467.46
8.0,8,8,False,US.WDC,WDC,2026-09-08,-0.364104,474.525
9.0,9,9,False,HK.06869,06869,2024-11-07,0.0,11.226
9.0,9,9,False,HK.06869,06869,2024-11-08,-0.001782,11.206
9.0,9,9,False,HK.06869,06869,2024-11-11,0.0,11.466
9.0,9,9,False,HK.06869,06869,2024-11-12,-0.02442,11.186
9.0,9,9,False,HK.06869,06869,2024-11-13,-0.026164,11.166
9.0,9,9,False,HK.06869,06869,2024-11-14,-0.054073,10.846
9.0,9,9,False,HK.06869,06869,2024-11-15,-0.055817,10.826
9.0,9,9,False,HK.06869,06869,2024-11-18,-0.064539,10.726
9.0,9,9,False,HK.06869,06869,2024-11-19,-0.045351,10.946
9.0,9,9,False,HK.06869,06869,2024-11-20,-0.03663,11.046
9.0,9,9,False,HK.06869,06869,2024-11-21,-0.054073,10.846
9.0,9,9,False,HK.06869,06869,2024-11-22,-0.094192,10.386
9.0,9,9,False,HK.06869,06869,2024-11-25,-0.066283,10.706
9.0,9,9,False,HK.06869,06869,2024-11-26,-0.069771,10.666
9.0,9,9,False,HK.06869,06869,2024-11-27,-0.033141,11.086
9.0,9,9,False,HK.06869,06869,2024-11-28,-0.034886,11.066
9.0,9,9,False,HK.06869,06869,2024-11-29,-0.01221,11.326
9.0,9,9,False,HK.06869,06869,2024-12-02,-0.001744,11.446
9.0,9,9,False,HK.06869,06869,2024-12-03,-0.01221,11.326
9.0,9,9,False,HK.06869,06869,2024-12-04,-0.022676,11.206
9.0,9,9,False,HK.06869,06869,2024-12-05,-0.034886,11.066
9.0,9,9,False,HK.06869,06869,2024-12-06,-0.038374,11.026
9.0,9,9,False,HK.06869,06869,2024-12-09,-0.006977,11.386
9.0,9,9,False,HK.06869,06869,2024-12-10,-0.026164,11.166
9.0,9,9,False,HK.06869,06869,2024-12-11,-0.027909,11.146
9.0,9,9,False,HK.06869,06869,2024-12-12,-0.02442,11.186
9.0,9,9,False,HK.06869,06869,2024-12-13,-0.033141,11.086
9.0,9,9,False,HK.06869,06869,2024-12-16,-0.052329,10.866
9.0,9,9,False,HK.06869,06869,2024-12-17,-0.050584,10.886
9.0,9,9,False,HK.06869,06869,2024-12-18,-0.045351,10.946
9.0,9,9,False,HK.06869,06869,2024-12-19,-0.006977,11.386
9.0,9,9,False,HK.06869,06869,2024-12-20,-0.03663,11.046
9.0,9,9,False,HK.06869,06869,2024-12-23,-0.064539,10.726
9.0,9,9,False,HK.06869,06869,2024-12-24,-0.043607,10.966
9.0,9,9,False,HK.06869,06869,2024-12-27,0.0,12.646
9.0,9,9,False,HK.06869,06869,2024-12-30,0.0,13.046
9.0,9,9,False,HK.06869,06869,2024-12-31,-0.08585,11.926
9.0,9,9,False,HK.06869,06869,2025-01-02,-0.090449,11.866
9.0,9,9,False,HK.06869,06869,2025-01-03,-0.102713,11.706
9.0,9,9,False,HK.06869,06869,2025-01-06,-0.081251,11.986
9.0,9,9,False,HK.06869,06869,2025-01-07,-0.019929,12.786
9.0,9,9,False,HK.06869,06869,2025-01-08,-0.041392,12.506
9.0,9,9,False,HK.06869,06869,2025-01-09,-0.062855,12.226
9.0,9,9,False,HK.06869,06869,2025-01-10,-0.081251,11.986
9.0,9,9,False,HK.06869,06869,2025-01-13,-0.110379,11.606
9.0,9,9,False,HK.06869,06869,2025-01-14,-0.044458,12.466
9.0,9,9,False,HK.06869,06869,2025-01-15,-0.021463,12.766
9.0,9,9,False,HK.06869,06869,2025-01-16,-0.018396,12.806
9.0,9,9,False,HK.06869,06869,2025-01-17,0.0,13.766
9.0,9,9,False,HK.06869,06869,2025-01-20,-0.026151,13.406
9.0,9,9,False,HK.06869,06869,2025-01-21,-0.018887,13.506
9.0,9,9,False,HK.06869,06869,2025-01-22,-0.004359,13.706
9.0,9,9,False,HK.06869,06869,2025-01-23,0.0,15.626
9.0,9,9,False,HK.06869,06869,2025-01-24,0.0,20.656
9.0,9,9,False,HK.06869,06869,2025-01-27,-0.16799,17.186
9.0,9,9,False,HK.06869,06869,2025-01-28,-0.222211,16.066
9.0,9,9,False,HK.06869,06869,2025-02-03,-0.189291,16.746
9.0,9,9,False,HK.06869,06869,2025-02-04,-0.168958,17.166
9.0,9,9,False,HK.06869,06869,2025-02-05,-0.283211,14.806
9.0,9,9,False,HK.06869,06869,2025-02-06,-0.191228,16.706
9.0,9,9,False,HK.06869,06869,2025-02-07,-0.133133,17.906
9.0,9,9,False,HK.06869,06869,2025-02-10,-0.099245,18.606
9.0,9,9,False,HK.06869,06869,2025-02-11,-0.110864,18.366
9.0,9,9,False,HK.06869,06869,2025-02-12,-0.097308,18.646
9.0,9,9,False,HK.06869,06869,2025-02-13,-0.155403,17.446
9.0,9,9,False,HK.06869,06869,2025-02-14,-0.150562,17.546
9.0,9,9,False,HK.06869,06869,2025-02-17,-0.161212,17.326
9.0,9,9,False,HK.06869,06869,2025-02-18,-0.164117,17.266
9.0,9,9,False,HK.06869,06869,2025-02-19,-0.122483,18.126
9.0,9,9,False,HK.06869,06869,2025-02-20,-0.155403,17.446
9.0,9,9,False,HK.06869,06869,2025-02-21,-0.048896,19.646
9.0,9,9,False,HK.06869,06869,2025-02-24,0.0,22.306
9.0,9,9,False,HK.06869,06869,2025-02-25,-0.002242,22.256
9.0,9,9,False,HK.06869,06869,2025-02-26,-0.002242,22.256
9.0,9,9,False,HK.06869,06869,2025-02-27,-0.069488,20.756
9.0,9,9,False,HK.06869,06869,2025-02-28,-0.147046,19.026
9.0,9,9,False,HK.06869,06869,2025-03-03,-0.219672,17.406
9.0,9,9,False,HK.06869,06869,2025-03-04,-0.18829,18.106
9.0,9,9,False,HK.06869,06869,2025-03-05,-0.170358,18.506
9.0,9,9,False,HK.06869,06869,2025-03-06,-0.141666,19.146
9.0,9,9,False,HK.06869,06869,2025-03-07,-0.186497,18.146
9.0,9,9,False,HK.06869,06869,2025-03-10,-0.160495,18.726
9.0,9,9,False,HK.06869,06869,2025-03-11,-0.179324,18.306
9.0,9,9,False,HK.06869,06869,2025-03-12,-0.162288,18.686
9.0,9,9,False,HK.06869,06869,2025-03-13,-0.195463,17.946
9.0,9,9,False,HK.06869,06869,2025-03-14,-0.175737,18.386
9.0,9,9,False,HK.06869,06869,2025-03-17,-0.144356,19.086
9.0,9,9,False,HK.06869,06869,2025-03-18,-0.155115,18.846
9.0,9,9,False,HK.06869,06869,2025-03-19,-0.175737,18.386
9.0,9,9,False,HK.06869,06869,2025-03-20,-0.177531,18.346
9.0,9,9,False,HK.06869,06869,2025-03-21,-0.215189,17.506
9.0,9,9,False,HK.06869,06869,2025-03-24,-0.228638,17.206
9.0,9,9,False,HK.06869,06869,2025-03-25,-0.26002,16.506
9.0,9,9,False,HK.06869,06869,2025-03-26,-0.264503,16.406
9.0,9,9,False,HK.06869,06869,2025-03-27,-0.277056,16.126
9.0,9,9,False,HK.06869,06869,2025-03-28,-0.291401,15.806
9.0,9,9,False,HK.06869,06869,2025-03-31,-0.304851,15.506
9.0,9,9,False,HK.06869,06869,2025-04-01,-0.272572,16.226
9.0,9,9,False,HK.06869,06869,2025-04-02,-0.258226,16.546
9.0,9,9,False,HK.06869,06869,2025-04-03,-0.296781,15.686
9.0,9,9,False,HK.06869,06869,2025-04-07,-0.438447,12.526
9.0,9,9,False,HK.06869,06869,2025-04-08,-0.429481,12.726
9.0,9,9,False,HK.06869,06869,2025-04-09,-0.414238,13.066
9.0,9,9,False,HK.06869,06869,2025-04-10,-0.39003,13.606
9.0,9,9,False,HK.06869,06869,2025-04-11,-0.38465,13.726
9.0,9,9,False,HK.06869,06869,2025-04-14,-0.374787,13.946
9.0,9,9,False,HK.06869,06869,2025-04-15,-0.400789,13.366
9.0,9,9,False,HK.06869,06869,2025-04-16,-0.435757,12.586
9.0,9,9,False,HK.06869,06869,2025-04-17,-0.430377,12.706
9.0,9,9,False,HK.06869,06869,2025-04-22,-0.430377,12.706
9.0,9,9,False,HK.06869,06869,2025-04-23,-0.416928,13.006
9.0,9,9,False,HK.06869,06869,2025-04-24,-0.422308,12.886
9.0,9,9,False,HK.06869,06869,2025-04-25,-0.416032,13.026
9.0,9,9,False,HK.06869,06869,2025-04-28,-0.423205,12.866
9.0,9,9,False,HK.06869,06869,2025-04-29,-0.396306,13.466
9.0,9,9,False,HK.06869,06869,2025-04-30,-0.403479,13.306
9.0,9,9,False,HK.06869,06869,2025-05-02,-0.336232,14.806
9.0,9,9,False,HK.06869,06869,2025-05-06,-0.338922,14.746
9.0,9,9,False,HK.06869,06869,2025-05-07,-0.351475,14.466
9.0,9,9,False,HK.06869,06869,2025-05-08,-0.299471,15.626
9.0,9,9,False,HK.06869,06869,2025-05-09,-0.319197,15.186
9.0,9,9,False,HK.06869,06869,2025-05-12,-0.286918,15.906
9.0,9,9,False,HK.06869,06869,2025-05-13,-0.289608,15.846
9.0,9,9,False,HK.06869,06869,2025-05-14,-0.289608,15.846
9.0,9,9,False,HK.06869,06869,2025-05-15,-0.305747,15.486
9.0,9,9,False,HK.06869,06869,2025-05-16,-0.287815,15.886
9.0,9,9,False,HK.06869,06869,2025-05-19,-0.317403,15.226
9.0,9,9,False,HK.06869,06869,2025-05-20,-0.32637,15.026
9.0,9,9,False,HK.06869,06869,2025-05-21,-0.31292,15.326
9.0,9,9,False,HK.06869,06869,2025-05-22,-0.331749,14.906
9.0,9,9,False,HK.06869,06869,2025-05-23,-0.340716,14.706
9.0,9,9,False,HK.06869,06869,2025-05-26,-0.329059,14.966
9.0,9,9,False,HK.06869,06869,2025-05-27,-0.31292,15.326
9.0,9,9,False,HK.06869,06869,2025-05-28,-0.319197,15.186
9.0,9,9,False,HK.06869,06869,2025-05-29,-0.302161,15.566
9.0,9,9,False,HK.06869,06869,2025-05-30,-0.332646,14.886
9.0,9,9,False,HK.06869,06869,2025-06-02,-0.336232,14.806
9.0,9,9,False,HK.06869,06869,2025-06-03,-0.290505,15.826
9.0,9,9,False,HK.06869,06869,2025-06-04,-0.275262,16.166
9.0,9,9,False,HK.06869,06869,2025-06-05,-0.218775,17.426
9.0,9,9,False,HK.06869,06869,2025-06-06,-0.237604,17.006
9.0,9,9,False,HK.06869,06869,2025-06-09,-0.240294,16.946
9.0,9,9,False,HK.06869,06869,2025-06-10,-0.272572,16.226
9.0,9,9,False,HK.06869,06869,2025-06-11,-0.281539,16.026
9.0,9,9,False,HK.06869,06869,2025-06-12,-0.301264,15.586
9.0,9,9,False,HK.06869,06869,2025-06-13,-0.325473,15.046
9.0,9,9,False,HK.06869,06869,2025-06-16,-0.256433,16.586
9.0,9,9,False,HK.06869,06869,2025-06-17,-0.260916,16.486
9.0,9,9,False,HK.06869,06869,2025-06-18,-0.251054,16.706
9.0,9,9,False,HK.06869,06869,2025-06-19,-0.225948,17.266
9.0,9,9,False,HK.06869,06869,2025-06-20,-0.212499,17.566
9.0,9,9,False,HK.06869,06869,2025-06-23,-0.251054,16.706
9.0,9,9,False,HK.06869,06869,2025-06-24,-0.227741,17.226
9.0,9,9,False,HK.06869,06869,2025-06-25,-0.162288,18.686
9.0,9,9,False,HK.06869,06869,2025-06-26,-0.121044,19.606
9.0,9,9,False,HK.06869,06869,2025-06-27,-0.07173,20.706
9.0,9,9,False,HK.06869,06869,2025-06-30,-0.05828,21.006
9.0,9,9,False,HK.06869,06869,2025-07-02,-0.107594,19.906
9.0,9,9,False,HK.06869,06869,2025-07-03,-0.107863,19.9
9.0,9,9,False,HK.06869,06869,2025-07-04,-0.104277,19.98
9.0,9,9,False,HK.06869,06869,2025-07-07,-0.138348,19.22
9.0,9,9,False,HK.06869,06869,2025-07-08,-0.098897,20.1
9.0,9,9,False,HK.06869,06869,2025-07-09,-0.139245,19.2
9.0,9,9,False,HK.06869,06869,2025-07-10,-0.141935,19.14
9.0,9,9,False,HK.06869,06869,2025-07-11,-0.149108,18.98
9.0,9,9,False,HK.06869,06869,2025-07-14,-0.133865,19.32
9.0,9,9,False,HK.06869,06869,2025-07-15,-0.094414,20.2
9.0,9,9,False,HK.06869,06869,2025-07-16,-0.085448,20.4
9.0,9,9,False,HK.06869,06869,2025-07-17,0.0,24.4
9.0,9,9,False,HK.06869,06869,2025-07-18,-0.067623,22.75
9.0,9,9,False,HK.06869,06869,2025-07-21,-0.096311,22.05
9.0,9,9,False,HK.06869,06869,2025-07-22,-0.137295,21.05
9.0,9,9,False,HK.06869,06869,2025-07-23,-0.129098,21.25
9.0,9,9,False,HK.06869,06869,2025-07-24,-0.131148,21.2
9.0,9,9,False,HK.06869,06869,2025-07-25,-0.178279,20.05
9.0,9,9,False,HK.06869,06869,2025-07-28,-0.193443,19.68
9.0,9,9,False,HK.06869,06869,2025-07-29,-0.092213,22.15
9.0,9,9,False,HK.06869,06869,2025-07-30,0.0,25.2
9.0,9,9,False,HK.06869,06869,2025-07-31,0.0,27.05
9.0,9,9,False,HK.06869,06869,2025-08-01,-0.007394,26.85
9.0,9,9,False,HK.06869,06869,2025-08-04,0.0,28.68
9.0,9,9,False,HK.06869,06869,2025-08-05,0.0,30.32
9.0,9,9,False,HK.06869,06869,2025-08-06,-0.05409,28.68
9.0,9,9,False,HK.06869,06869,2025-08-07,0.0,31.2
9.0,9,9,False,HK.06869,06869,2025-08-08,0.0,34.38
9.0,9,9,False,HK.06869,06869,2025-08-11,-0.008144,34.1
9.0,9,9,False,HK.06869,06869,2025-08-12,0.0,34.8
9.0,9,9,False,HK.06869,06869,2025-08-13,0.0,36.36
9.0,9,9,False,HK.06869,06869,2025-08-14,-0.058306,34.24
9.0,9,9,False,HK.06869,06869,2025-08-15,-0.054455,34.38
9.0,9,9,False,HK.06869,06869,2025-08-18,0.0,37.84
9.0,9,9,False,HK.06869,06869,2025-08-19,0.0,40.96
9.0,9,9,False,HK.06869,06869,2025-08-20,0.0,42.78
9.0,9,9,False,HK.06869,06869,2025-08-21,-0.152875,36.24
9.0,9,9,False,HK.06869,06869,2025-08-22,-0.13698,36.92
9.0,9,9,False,HK.06869,06869,2025-08-25,0.0,46.8
9.0,9,9,False,HK.06869,06869,2025-08-26,-0.030342,45.38
9.0,9,9,False,HK.06869,06869,2025-08-27,-0.046154,44.64
9.0,9,9,False,HK.06869,06869,2025-08-28,0.0,55.95
9.0,9,9,False,HK.06869,06869,2025-08-29,-0.052726,53.0
9.0,9,9,False,HK.06869,06869,2025-09-01,-0.084897,51.2
9.0,9,9,False,HK.06869,06869,2025-09-02,-0.196068,44.98
9.0,9,9,False,HK.06869,06869,2025-09-03,-0.094727,50.65
9.0,9,9,False,HK.06869,06869,2025-09-04,-0.194281,45.08
9.0,9,9,False,HK.06869,06869,2025-09-05,-0.142091,48.0
9.0,9,9,False,HK.06869,06869,2025-09-08,-0.196068,44.98
9.0,9,9,False,HK.06869,06869,2025-09-09,-0.179982,45.88
9.0,9,9,False,HK.06869,06869,2025-09-10,-0.143164,47.94
9.0,9,9,False,HK.06869,06869,2025-09-11,-0.042002,53.6
9.0,9,9,False,HK.06869,06869,2025-09-12,-0.09294,50.75
9.0,9,9,False,HK.06869,06869,2025-09-15,-0.118856,49.3
9.0,9,9,False,HK.06869,06869,2025-09-16,-0.031278,54.2
9.0,9,9,False,HK.06869,06869,2025-09-17,-0.032172,54.15
9.0,9,9,False,HK.06869,06869,2025-09-18,0.0,56.75
9.0,9,9,False,HK.06869,06869,2025-09-19,0.0,61.6
9.0,9,9,False,HK.06869,06869,2025-09-22,-0.024351,60.1
9.0,9,9,False,HK.06869,06869,2025-09-23,-0.00974,61.0
9.0,9,9,False,HK.06869,06869,2025-09-24,-0.068182,57.4
9.0,9,9,False,HK.06869,06869,2025-09-25,-0.105519,55.1
9.0,9,9,False,HK.06869,06869,2025-09-26,-0.18263,50.35
9.0,9,9,False,HK.06869,06869,2025-09-29,-0.184253,50.25
9.0,9,9,False,HK.06869,06869,2025-09-30,-0.231818,47.32
9.0,9,9,False,HK.06869,06869,2025-10-02,-0.150974,52.3
9.0,9,9,False,HK.06869,06869,2025-10-03,-0.188961,49.96
9.0,9,9,False,HK.06869,06869,2025-10-06,-0.190909,49.84
9.0,9,9,False,HK.06869,06869,2025-10-08,-0.17776,50.65
9.0,9,9,False,HK.06869,06869,2025-10-09,-0.238636,46.9
9.0,9,9,False,HK.06869,06869,2025-10-10,-0.267532,45.12
9.0,9,9,False,HK.06869,06869,2025-10-13,-0.290584,43.7
9.0,9,9,False,HK.06869,06869,2025-10-14,-0.317857,42.02
9.0,9,9,False,HK.06869,06869,2025-10-15,-0.334091,41.02
9.0,9,9,False,HK.06869,06869,2025-10-16,-0.34026,40.64
9.0,9,9,False,HK.06869,06869,2025-10-17,-0.404545,36.68
9.0,9,9,False,HK.06869,06869,2025-10-20,-0.403896,36.72
9.0,9,9,False,HK.06869,06869,2025-10-21,-0.36039,39.4
9.0,9,9,False,HK.06869,06869,2025-10-22,-0.355519,39.7
9.0,9,9,False,HK.06869,06869,2025-10-23,-0.388636,37.66
9.0,9,9,False,HK.06869,06869,2025-10-24,-0.332143,41.14
9.0,9,9,False,HK.06869,06869,2025-10-27,-0.308117,42.62
9.0,9,9,False,HK.06869,06869,2025-10-28,-0.35,40.04
9.0,9,9,False,HK.06869,06869,2025-10-30,-0.376623,38.4
9.0,9,9,False,HK.06869,06869,2025-10-31,-0.418506,35.82
9.0,9,9,False,HK.06869,06869,2025-11-03,-0.418182,35.84
9.0,9,9,False,HK.06869,06869,2025-11-04,-0.433766,34.88
9.0,9,9,False,HK.06869,06869,2025-11-05,-0.45,33.88
9.0,9,9,False,HK.06869,06869,2025-11-06,-0.430195,35.1
9.0,9,9,False,HK.06869,06869,2025-11-07,-0.449351,33.92
9.0,9,9,False,HK.06869,06869,2025-11-10,-0.461688,33.16
9.0,9,9,False,HK.06869,06869,2025-11-11,-0.45974,33.28
9.0,9,9,False,HK.06869,06869,2025-11-12,-0.46526,32.94
9.0,9,9,False,HK.06869,06869,2025-11-13,-0.460065,33.26
9.0,9,9,False,HK.06869,06869,2025-11-14,-0.465584,32.92
9.0,9,9,False,HK.06869,06869,2025-11-17,-0.454545,33.6
9.0,9,9,False,HK.06869,06869,2025-11-18,-0.452597,33.72
9.0,9,9,False,HK.06869,06869,2025-11-19,-0.427273,35.28
9.0,9,9,False,HK.06869,06869,2025-11-20,-0.453571,33.66
9.0,9,9,False,HK.06869,06869,2025-11-21,-0.488961,31.48
9.0,9,9,False,HK.06869,06869,2025-11-24,-0.475,32.34
9.0,9,9,False,HK.06869,06869,2025-11-25,-0.408117,36.46
9.0,9,9,False,HK.06869,06869,2025-11-26,-0.37987,38.2
9.0,9,9,False,HK.06869,06869,2025-11-27,-0.393506,37.36
9.0,9,9,False,HK.06869,06869,2025-11-28,-0.389935,37.58
9.0,9,9,False,HK.06869,06869,2025-12-01,-0.403247,36.76
9.0,9,9,False,HK.06869,06869,2025-12-02,-0.411039,36.28
9.0,9,9,False,HK.06869,06869,2025-12-03,-0.411039,36.28
9.0,9,9,False,HK.06869,06869,2025-12-04,-0.43474,34.82
9.0,9,9,False,HK.06869,06869,2025-12-05,-0.430519,35.08
9.0,9,9,False,HK.06869,06869,2025-12-08,-0.410065,36.34
9.0,9,9,False,HK.06869,06869,2025-12-09,-0.384416,37.92
9.0,9,9,False,HK.06869,06869,2025-12-10,-0.316883,42.08
9.0,9,9,False,HK.06869,06869,2025-12-11,-0.287662,43.88
9.0,9,9,False,HK.06869,06869,2025-12-12,-0.232143,47.3
9.0,9,9,False,HK.06869,06869,2025-12-15,-0.313636,42.28
9.0,9,9,False,HK.06869,06869,2025-12-16,-0.376948,38.38
9.0,9,9,False,HK.06869,06869,2025-12-17,-0.244805,46.52
9.0,9,9,False,HK.06869,06869,2025-12-18,-0.25,46.2
9.0,9,9,False,HK.06869,06869,2025-12-19,-0.159903,51.75
9.0,9,9,False,HK.06869,06869,2025-12-22,-0.065747,57.55
9.0,9,9,False,HK.06869,06869,2025-12-23,-0.113636,54.6
9.0,9,9,False,HK.06869,06869,2025-12-24,-0.086039,56.3
9.0,9,9,False,HK.06869,06869,2025-12-29,-0.155844,52.0
9.0,9,9,False,HK.06869,06869,2025-12-30,-0.156656,51.95
9.0,9,9,False,HK.06869,06869,2025-12-31,-0.160714,51.7
9.0,9,9,False,HK.06869,06869,2026-01-02,-0.149351,52.4
9.0,9,9,False,HK.06869,06869,2026-01-05,-0.171266,51.05
9.0,9,9,False,HK.06869,06869,2026-01-06,-0.203896,49.04
9.0,9,9,False,HK.06869,06869,2026-01-07,-0.150162,52.35
9.0,9,9,False,HK.06869,06869,2026-01-08,-0.181818,50.4
9.0,9,9,False,HK.06869,06869,2026-01-09,-0.200649,49.24
9.0,9,9,False,HK.06869,06869,2026-01-12,-0.21461,48.38
9.0,9,9,False,HK.06869,06869,2026-01-13,-0.230195,47.42
9.0,9,9,False,HK.06869,06869,2026-01-14,-0.234416,47.16
9.0,9,9,False,HK.06869,06869,2026-01-15,-0.225649,47.7
9.0,9,9,False,HK.06869,06869,2026-01-16,-0.180195,50.5
9.0,9,9,False,HK.06869,06869,2026-01-19,-0.106331,55.05
9.0,9,9,False,HK.06869,06869,2026-01-20,-0.112825,54.65
9.0,9,9,False,HK.06869,06869,2026-01-21,-0.144481,52.7
9.0,9,9,False,HK.06869,06869,2026-01-22,-0.155032,52.05
9.0,9,9,False,HK.06869,06869,2026-01-23,-0.13474,53.3
9.0,9,9,False,HK.06869,06869,2026-01-26,0.0,62.8
9.0,9,9,False,HK.06869,06869,2026-01-27,0.0,65.15
9.0,9,9,False,HK.06869,06869,2026-01-28,0.0,75.2
9.0,9,9,False,HK.06869,06869,2026-01-29,0.0,78.4
9.0,9,9,False,HK.06869,06869,2026-01-30,0.0,83.7
9.0,9,9,False,HK.06869,06869,2026-02-02,0.0,84.6
9.0,9,9,False,HK.06869,06869,2026-02-03,0.0,94.95
9.0,9,9,False,HK.06869,06869,2026-02-04,-0.02475,92.6
9.0,9,9,False,HK.06869,06869,2026-02-05,-0.088994,86.5
9.0,9,9,False,HK.06869,06869,2026-02-06,-0.043707,90.8
9.0,9,9,False,HK.06869,06869,2026-02-09,0.0,104.7
9.0,9,9,False,HK.06869,06869,2026-02-10,0.0,114.0
9.0,9,9,False,HK.06869,06869,2026-02-11,-0.057018,107.5
9.0,9,9,False,HK.06869,06869,2026-02-12,0.0,120.5
9.0,9,9,False,HK.06869,06869,2026-02-13,-0.084647,110.3
9.0,9,9,False,HK.06869,06869,2026-02-16,-0.045643,115.0
9.0,9,9,False,HK.06869,06869,2026-02-20,-0.073859,111.6
9.0,9,9,False,HK.06869,06869,2026-02-23,0.0,127.7
9.0,9,9,False,HK.06869,06869,2026-02-24,0.0,129.2
9.0,9,9,False,HK.06869,06869,2026-02-25,0.0,131.3
9.0,9,9,False,HK.06869,06869,2026-02-26,0.0,135.2
9.0,9,9,False,HK.06869,06869,2026-02-27,0.0,148.8
9.0,9,9,False,HK.06869,06869,2026-03-02,0.0,166.0
9.0,9,9,False,HK.06869,06869,2026-03-03,-0.066265,155.0
9.0,9,9,False,HK.06869,06869,2026-03-04,-0.10241,149.0
9.0,9,9,False,HK.06869,06869,2026-03-05,-0.095181,150.2
9.0,9,9,False,HK.06869,06869,2026-03-06,-0.165663,138.5
9.0,9,9,False,HK.06869,06869,2026-03-09,-0.143373,142.2
9.0,9,9,False,HK.06869,06869,2026-03-10,0.0,176.8
9.0,9,9,False,HK.06869,06869,2026-03-11,-0.072398,164.0
9.0,9,9,False,HK.06869,06869,2026-03-12,-0.105204,158.2
9.0,9,9,False,HK.06869,06869,2026-03-13,-0.100679,159.0
9.0,9,9,False,HK.06869,06869,2026-03-16,-0.096154,159.8
9.0,9,9,False,HK.06869,06869,2026-03-17,-0.208145,140.0
9.0,9,9,False,HK.06869,06869,2026-03-18,-0.11595,156.3
9.0,9,9,False,HK.06869,06869,2026-03-19,-0.175339,145.8
9.0,9,9,False,HK.06869,06869,2026-03-20,-0.13009,153.8
9.0,9,9,False,HK.06869,06869,2026-03-23,-0.174774,145.9
9.0,9,9,False,HK.06869,06869,2026-03-24,-0.066742,165.0
9.0,9,9,False,HK.06869,06869,2026-03-25,0.0,185.0
9.0,9,9,False,HK.06869,06869,2026-03-26,-0.023784,180.6
9.0,9,9,False,HK.06869,06869,2026-03-27,-0.068649,172.3
9.0,9,9,False,HK.06869,06869,2026-03-30,0.0,197.0
9.0,9,9,False,HK.06869,06869,2026-03-31,-0.071066,183.0
9.0,9,9,False,HK.06869,06869,2026-04-01,-0.056345,185.9
9.0,9,9,False,HK.06869,06869,2026-04-02,-0.040609,189.0
9.0,9,9,False,HK.06869,06869,2026-04-08,0.0,224.8
9.0,9,9,False,HK.06869,06869,2026-04-09,0.0,240.4
9.0,9,9,False,HK.06869,06869,2026-04-10,-0.074875,222.4
9.0,9,9,False,HK.06869,06869,2026-04-13,-0.106489,214.8
9.0,9,9,False,HK.06869,06869,2026-04-14,-0.099834,216.4
9.0,9,9,False,HK.06869,06869,2026-04-15,-0.144759,205.6
9.0,9,9,False,HK.06869,06869,2026-04-16,-0.093178,218.0
9.0,9,9,False,HK.06869,06869,2026-04-17,-0.143095,206.0
9.0,9,9,False,HK.06869,06869,2026-04-20,-0.122296,211.0
9.0,9,9,False,HK.06869,06869,2026-04-21,-0.122296,211.0
9.0,9,9,False,HK.06869,06869,2026-04-22,0.0,247.2
9.0,9,9,False,HK.06869,06869,2026-04-23,-0.057443,233.0
9.0,9,9,False,HK.06869,06869,2026-04-24,-0.108414,220.4
9.0,9,9,False,HK.06869,06869,2026-04-27,-0.044498,236.2
9.0,9,9,False,HK.06869,06869,2026-04-28,-0.083333,226.6
9.0,9,9,False,HK.06869,06869,2026-04-29,-0.066343,230.8
9.0,9,9,False,HK.06869,06869,2026-04-30,-0.194984,199.0
9.0,9,9,False,HK.06869,06869,2026-05-04,-0.09466,223.8
9.0,9,9,False,HK.06869,06869,2026-05-05,-0.08657,225.8
9.0,9,9,False,HK.06869,06869,2026-05-06,-0.123786,216.6
9.0,9,9,False,HK.06869,06869,2026-05-07,-0.058252,232.8
9.0,9,9,False,HK.06869,06869,2026-05-08,-0.004854,246.0
9.0,9,9,False,HK.06869,06869,2026-05-11,0.0,259.4
9.0,9,9,False,HK.06869,06869,2026-05-12,0.0,271.2
9.0,9,9,False,HK.06869,06869,2026-05-13,-0.026549,264.0
9.0,9,9,False,HK.06869,06869,2026-05-14,-0.064159,253.8
9.0,9,9,False,HK.06869,06869,2026-05-15,-0.177729,223.0
9.0,9,9,False,HK.06869,06869,2026-05-18,-0.112832,240.6
9.0,9,9,False,HK.06869,06869,2026-05-19,-0.134218,234.8
9.0,9,9,False,HK.06869,06869,2026-05-20,-0.14823,231.0
9.0,9,9,False,HK.06869,06869,2026-05-21,-0.20649,215.2
9.0,9,9,False,HK.06869,06869,2026-05-22,-0.160767,227.6
9.0,9,9,False,HK.06869,06869,2026-05-26,-0.212389,213.6
9.0,9,9,False,HK.06869,06869,2026-05-27,-0.239676,206.2
9.0,9,9,False,HK.06869,06869,2026-05-28,-0.226401,209.8
9.0,9,9,False,HK.06869,06869,2026-05-29,-0.162242,227.2
9.0,9,9,False,HK.06869,06869,2026-06-01,-0.224926,210.2
9.0,9,9,False,HK.06869,06869,2026-06-02,-0.141593,232.8
9.0,9,9,False,HK.06869,06869,2026-06-03,-0.050147,257.6
9.0,9,9,False,HK.06869,06869,2026-06-04,-0.075221,250.8
9.0,9,9,False,HK.06869,06869,2026-06-05,-0.117994,239.2
9.0,9,9,False,HK.06869,06869,2026-06-08,-0.136431,234.2
9.0,9,9,False,HK.06869,06869,2026-06-09,-0.05826,255.4
9.0,9,9,False,HK.06869,06869,2026-06-10,-0.146755,231.4
9.0,9,9,False,HK.06869,06869,2026-06-11,-0.149705,230.6
9.0,9,9,False,HK.06869,06869,2026-06-12,-0.164454,226.6
9.0,9,9,False,HK.06869,06869,2026-06-15,-0.117994,239.2
9.0,9,9,False,HK.06869,06869,2026-06-16,-0.122419,238.0
9.0,9,9,False,HK.06869,06869,2026-06-17,-0.162242,227.2
9.0,9,9,False,HK.06869,06869,2026-06-18,-0.196903,217.8
9.0,9,9,False,HK.06869,06869,2026-06-22,0.0,286.0
9.0,9,9,False,HK.06869,06869,2026-06-23,-0.074825,264.6
9.0,9,9,False,HK.06869,06869,2026-06-24,-0.086713,261.2
9.0,9,9,False,HK.06869,06869,2026-06-25,0.0,287.6
9.0,9,9,False,HK.06869,06869,2026-06-26,-0.128651,250.6
9.0,9,9,False,HK.06869,06869,2026-06-29,-0.167594,239.4
9.0,9,9,False,HK.06869,06869,2026-06-30,-0.11314,255.061
9.0,9,9,False,HK.06869,06869,2026-07-02,-0.311679,197.961
9.0,9,9,False,HK.06869,06869,2026-07-03,-0.300417,201.2
9.0,9,9,False,HK.06869,06869,2026-07-06,-0.403686,171.5
9.0,9,9,False,HK.06869,06869,2026-07-07,-0.44993,158.2
9.0,9,9,False,HK.06869,06869,2026-07-08,-0.471836,151.9
9.0,9,9,False,HK.06869,06869,2026-07-09,-0.442976,160.2
9.0,9,9,False,HK.06869,06869,2026-07-10,-0.444367,159.8
9.0,9,9,False,HK.06869,06869,2026-07-13,-0.514256,139.7
9.0,9,9,False,HK.06869,06869,2026-07-14,-0.464882,153.9
9.0,9,9,False,HK.06869,06869,2026-07-15,-0.456189,156.4
9.0,9,9,False,HK.06869,06869,2026-07-16,-0.489569,146.8
9.0,9,9,False,HK.06869,06869,2026-07-17,-0.546592,130.4
9.0,9,9,False,HK.06869,06869,2026-07-20,-0.509736,141.0
9.0,9,9,False,HK.06869,06869,2026-07-21,-0.506259,142.0
9.0,9,9,False,HK.06869,06869,2026-07-22,-0.557024,127.4
9.0,9,9,False,HK.06869,06869,2026-07-23,-0.562587,125.8
9.0,9,9,False,HK.06869,06869,2026-07-24,-0.578929,121.1
9.0,9,9,False,HK.06869,06869,2026-07-27,-0.562935,125.7
9.0,9,9,False,HK.06869,06869,2026-07-28,-0.619958,109.3
9.0,9,9,False,HK.06869,06869,2026-07-29,-0.642559,102.8
9.0,9,9,False,HK.06869,06869,2026-07-30,-0.680111,92.0
9.0,9,9,False,HK.06869,06869,2026-07-31,-0.663595,96.75
9.0,9,9,False,HK.06869,06869,2026-08-03,-0.667246,95.7
9.0,9,9,False,HK.06869,06869,2026-08-04,-0.632823,105.6
9.0,9,9,False,HK.06869,06869,2026-08-05,-0.579277,121.0
9.0,9,9,False,HK.06869,06869,2026-08-06,-0.592142,117.3
9.0,9,9,False,HK.06869,06869,2026-08-07,-0.568498,124.1
9.0,9,9,False,HK.06869,06869,2026-08-10,-0.566759,124.6
9.0,9,9,False,HK.06869,06869,2026-08-11,-0.575104,122.2
9.0,9,9,False,HK.06869,06869,2026-08-12,-0.543115,131.4
9.0,9,9,False,HK.06869,06869,2026-08-13,-0.549374,129.6
9.0,9,9,False,HK.06869,06869,2026-08-14,-0.540334,132.2
9.0,9,9,False,HK.06869,06869,2026-08-17,-0.484701,148.2
9.0,9,9,False,HK.06869,06869,2026-08-18,-0.491655,146.2
9.0,9,9,False,HK.06869,06869,2026-08-19,-0.543463,131.3
9.0,9,9,False,HK.06869,06869,2026-08-20,-0.538595,132.7
9.0,9,9,False,HK.06869,06869,2026-08-21,-0.513213,140.0
9.0,9,9,False,HK.06869,06869,2026-08-24,-0.510431,140.8
9.0,9,9,False,HK.06869,06869,2026-08-25,-0.434979,162.5
9.0,9,9,False,HK.06869,06869,2026-08-26,-0.433241,163.0
9.0,9,9,False,HK.06869,06869,2026-08-27,-0.374826,179.8
9.0,9,9,False,HK.06869,06869,2026-08-28,-0.407858,170.3
9.0,9,9,False,HK.06869,06869,2026-08-31,-0.420376,166.7
9.0,9,9,False,HK.06869,06869,2026-09-01,-0.429416,164.1
9.0,9,9,False,HK.06869,06869,2026-09-02,-0.410987,169.4
9.0,9,9,False,HK.06869,06869,2026-09-03,-0.429764,164.0
9.0,9,9,False,HK.06869,06869,2026-09-04,-0.445758,159.4
9.0,9,9,False,HK.06869,06869,2026-09-07,-0.390821,175.2
9.0,9,9,False,HK.06869,06869,2026-09-08,-0.404729,171.2
10.0,10,10,False,HK.00992,00992,2024-11-07,0.0,9.265
10.0,10,10,False,HK.00992,00992,2024-11-08,0.0,9.355
10.0,10,10,False,HK.00992,00992,2024-11-11,0.0,9.545
10.0,10,10,False,HK.00992,00992,2024-11-12,-0.057622,8.995
10.0,10,10,False,HK.00992,00992,2024-11-13,-0.033525,9.225
10.0,10,10,False,HK.00992,00992,2024-11-14,-0.071241,8.865
10.0,10,10,False,HK.00992,00992,2024-11-15,-0.089052,8.695
10.0,10,10,False,HK.00992,00992,2024-11-18,-0.108958,8.505
10.0,10,10,False,HK.00992,00992,2024-11-19,-0.103719,8.555
10.0,10,10,False,HK.00992,00992,2024-11-20,-0.104767,8.545
10.0,10,10,False,HK.00992,00992,2024-11-21,-0.085909,8.725
10.0,10,10,False,HK.00992,00992,2024-11-22,-0.099529,8.595
10.0,10,10,False,HK.00992,00992,2024-11-25,-0.095338,8.635
10.0,10,10,False,HK.00992,00992,2024-11-26,-0.097433,8.615
10.0,10,10,False,HK.00992,00992,2024-11-27,-0.065479,8.92
10.0,10,10,False,HK.00992,00992,2024-11-28,-0.089576,8.69
10.0,10,10,False,HK.00992,00992,2024-11-29,-0.086433,8.72
10.0,10,10,False,HK.00992,00992,2024-12-02,-0.086433,8.72
10.0,10,10,False,HK.00992,00992,2024-12-03,-0.047669,9.09
10.0,10,10,False,HK.00992,00992,2024-12-04,-0.062336,8.95
10.0,10,10,False,HK.00992,00992,2024-12-05,-0.079099,8.79
10.0,10,10,False,HK.00992,00992,2024-12-06,-0.070718,8.87
10.0,10,10,False,HK.00992,00992,2024-12-09,-0.05186,9.05
10.0,10,10,False,HK.00992,00992,2024-12-10,-0.043478,9.13
10.0,10,10,False,HK.00992,00992,2024-12-11,-0.061289,8.96
10.0,10,10,False,HK.00992,00992,2024-12-12,-0.046621,9.1
10.0,10,10,False,HK.00992,00992,2024-12-13,-0.08329,8.75
10.0,10,10,False,HK.00992,00992,2024-12-16,-0.077004,8.81
10.0,10,10,False,HK.00992,00992,2024-12-17,-0.08329,8.75
10.0,10,10,False,HK.00992,00992,2024-12-18,-0.053955,9.03
10.0,10,10,False,HK.00992,00992,2024-12-19,-0.060241,8.97
10.0,10,10,False,HK.00992,00992,2024-12-20,-0.048717,9.08
10.0,10,10,False,HK.00992,00992,2024-12-23,-0.046621,9.1
10.0,10,10,False,HK.00992,00992,2024-12-24,-0.027763,9.28
10.0,10,10,False,HK.00992,00992,2024-12-27,0.0,10.17
10.0,10,10,False,HK.00992,00992,2024-12-30,-0.035398,9.81
10.0,10,10,False,HK.00992,00992,2024-12-31,-0.047198,9.69
10.0,10,10,False,HK.00992,00992,2025-01-02,-0.075713,9.4
10.0,10,10,False,HK.00992,00992,2025-01-03,-0.07178,9.44
10.0,10,10,False,HK.00992,00992,2025-01-06,-0.06883,9.47
10.0,10,10,False,HK.00992,00992,2025-01-07,-0.082596,9.33
10.0,10,10,False,HK.00992,00992,2025-01-08,-0.101278,9.14
10.0,10,10,False,HK.00992,00992,2025-01-09,-0.072763,9.43
10.0,10,10,False,HK.00992,00992,2025-01-10,-0.119961,8.95
10.0,10,10,False,HK.00992,00992,2025-01-13,-0.126844,8.88
10.0,10,10,False,HK.00992,00992,2025-01-14,-0.12586,8.89
10.0,10,10,False,HK.00992,00992,2025-01-15,-0.135693,8.79
10.0,10,10,False,HK.00992,00992,2025-01-16,-0.124877,8.9
10.0,10,10,False,HK.00992,00992,2025-01-17,-0.130777,8.84
10.0,10,10,False,HK.00992,00992,2025-01-20,-0.114061,9.01
10.0,10,10,False,HK.00992,00992,2025-01-21,-0.113078,9.02
10.0,10,10,False,HK.00992,00992,2025-01-22,-0.138643,8.76
10.0,10,10,False,HK.00992,00992,2025-01-23,-0.133727,8.81
10.0,10,10,False,HK.00992,00992,2025-01-24,-0.107178,9.08
10.0,10,10,False,HK.00992,00992,2025-01-27,-0.105211,9.1
10.0,10,10,False,HK.00992,00992,2025-01-28,-0.124877,8.9
10.0,10,10,False,HK.00992,00992,2025-02-03,-0.070796,9.45
10.0,10,10,False,HK.00992,00992,2025-02-04,-0.003933,10.13
10.0,10,10,False,HK.00992,00992,2025-02-05,0.0,10.55
10.0,10,10,False,HK.00992,00992,2025-02-06,0.0,11.11
10.0,10,10,False,HK.00992,00992,2025-02-07,0.0,11.83
10.0,10,10,False,HK.00992,00992,2025-02-10,-0.003381,11.79
10.0,10,10,False,HK.00992,00992,2025-02-11,-0.005072,11.77
10.0,10,10,False,HK.00992,00992,2025-02-12,0.0,12.41
10.0,10,10,False,HK.00992,00992,2025-02-13,-0.051571,11.77
10.0,10,10,False,HK.00992,00992,2025-02-14,-0.014504,12.23
10.0,10,10,False,HK.00992,00992,2025-02-17,-0.014504,12.23
10.0,10,10,False,HK.00992,00992,2025-02-18,-0.019339,12.17
10.0,10,10,False,HK.00992,00992,2025-02-19,-0.017728,12.19
10.0,10,10,False,HK.00992,00992,2025-02-20,-0.082192,11.39
10.0,10,10,False,HK.00992,00992,2025-02-21,0.0,13.21
10.0,10,10,False,HK.00992,00992,2025-02-24,-0.046934,12.59
10.0,10,10,False,HK.00992,00992,2025-02-25,-0.06056,12.41
10.0,10,10,False,HK.00992,00992,2025-02-26,-0.071158,12.27
10.0,10,10,False,HK.00992,00992,2025-02-27,-0.096896,11.93
10.0,10,10,False,HK.00992,00992,2025-02-28,-0.152914,11.19
10.0,10,10,False,HK.00992,00992,2025-03-03,-0.165026,11.03
10.0,10,10,False,HK.00992,00992,2025-03-04,-0.16654,11.01
10.0,10,10,False,HK.00992,00992,2025-03-05,-0.125662,11.55
10.0,10,10,False,HK.00992,00992,2025-03-06,-0.08327,12.11
10.0,10,10,False,HK.00992,00992,2025-03-07,-0.074186,12.23
10.0,10,10,False,HK.00992,00992,2025-03-10,-0.089326,12.03
10.0,10,10,False,HK.00992,00992,2025-03-11,-0.081756,12.13
10.0,10,10,False,HK.00992,00992,2025-03-12,-0.148372,11.25
10.0,10,10,False,HK.00992,00992,2025-03-13,-0.163512,11.05
10.0,10,10,False,HK.00992,00992,2025-03-14,-0.1514,11.21
10.0,10,10,False,HK.00992,00992,2025-03-17,-0.14383,11.31
10.0,10,10,False,HK.00992,00992,2025-03-18,-0.131718,11.47
10.0,10,10,False,HK.00992,00992,2025-03-19,-0.125662,11.55
10.0,10,10,False,HK.00992,00992,2025-03-20,-0.145344,11.29
10.0,10,10,False,HK.00992,00992,2025-03-21,-0.174111,10.91
10.0,10,10,False,HK.00992,00992,2025-03-24,-0.160484,11.09
10.0,10,10,False,HK.00992,00992,2025-03-25,-0.177139,10.87
10.0,10,10,False,HK.00992,00992,2025-03-26,-0.160484,11.09
10.0,10,10,False,HK.00992,00992,2025-03-27,-0.169569,10.97
10.0,10,10,False,HK.00992,00992,2025-03-28,-0.207419,10.47
10.0,10,10,False,HK.00992,00992,2025-03-31,-0.236185,10.09
10.0,10,10,False,HK.00992,00992,2025-04-01,-0.225587,10.23
10.0,10,10,False,HK.00992,00992,2025-04-02,-0.222559,10.27
10.0,10,10,False,HK.00992,00992,2025-04-03,-0.28539,9.44
10.0,10,10,False,HK.00992,00992,2025-04-07,-0.455715,7.19
10.0,10,10,False,HK.00992,00992,2025-04-08,-0.461771,7.11
10.0,10,10,False,HK.00992,00992,2025-04-09,-0.461771,7.11
10.0,10,10,False,HK.00992,00992,2025-04-10,-0.42165,7.64
10.0,10,10,False,HK.00992,00992,2025-04-11,-0.42165,7.64
10.0,10,10,False,HK.00992,00992,2025-04-14,-0.403482,7.88
10.0,10,10,False,HK.00992,00992,2025-04-15,-0.402725,7.89
10.0,10,10,False,HK.00992,00992,2025-04-16,-0.432248,7.5
10.0,10,10,False,HK.00992,00992,2025-04-17,-0.417865,7.69
10.0,10,10,False,HK.00992,00992,2025-04-22,-0.405753,7.85
10.0,10,10,False,HK.00992,00992,2025-04-23,-0.380015,8.19
10.0,10,10,False,HK.00992,00992,2025-04-24,-0.382286,8.16
10.0,10,10,False,HK.00992,00992,2025-04-25,-0.360333,8.45
10.0,10,10,False,HK.00992,00992,2025-04-28,-0.367146,8.36
10.0,10,10,False,HK.00992,00992,2025-04-29,-0.362604,8.42
10.0,10,10,False,HK.00992,00992,2025-04-30,-0.348978,8.6
10.0,10,10,False,HK.00992,00992,2025-05-02,-0.329296,8.86
10.0,10,10,False,HK.00992,00992,2025-05-06,-0.328539,8.87
10.0,10,10,False,HK.00992,00992,2025-05-07,-0.336109,8.77
10.0,10,10,False,HK.00992,00992,2025-05-08,-0.340651,8.71
10.0,10,10,False,HK.00992,00992,2025-05-09,-0.326268,8.9
10.0,10,10,False,HK.00992,00992,2025-05-12,-0.258895,9.79
10.0,10,10,False,HK.00992,00992,2025-05-13,-0.274035,9.59
10.0,10,10,False,HK.00992,00992,2025-05-14,-0.269493,9.65
10.0,10,10,False,HK.00992,00992,2025-05-15,-0.289932,9.38
10.0,10,10,False,HK.00992,00992,2025-05-16,-0.289932,9.38
10.0,10,10,False,HK.00992,00992,2025-05-19,-0.275549,9.57
10.0,10,10,False,HK.00992,00992,2025-05-20,-0.272521,9.61
10.0,10,10,False,HK.00992,00992,2025-05-21,-0.263437,9.73
10.0,10,10,False,HK.00992,00992,2025-05-22,-0.305072,9.18
10.0,10,10,False,HK.00992,00992,2025-05-23,-0.310371,9.11
10.0,10,10,False,HK.00992,00992,2025-05-26,-0.326268,8.9
10.0,10,10,False,HK.00992,00992,2025-05-27,-0.32324,8.94
10.0,10,10,False,HK.00992,00992,2025-05-28,-0.336109,8.77
10.0,10,10,False,HK.00992,00992,2025-05-29,-0.314156,9.06
10.0,10,10,False,HK.00992,00992,2025-05-30,-0.345193,8.65
10.0,10,10,False,HK.00992,00992,2025-06-02,-0.35352,8.54
10.0,10,10,False,HK.00992,00992,2025-06-03,-0.352763,8.55
10.0,10,10,False,HK.00992,00992,2025-06-04,-0.355034,8.52
10.0,10,10,False,HK.00992,00992,2025-06-05,-0.340651,8.71
10.0,10,10,False,HK.00992,00992,2025-06-06,-0.33838,8.74
10.0,10,10,False,HK.00992,00992,2025-06-09,-0.330053,8.85
10.0,10,10,False,HK.00992,00992,2025-06-10,-0.333081,8.81
10.0,10,10,False,HK.00992,00992,2025-06-11,-0.321726,8.96
10.0,10,10,False,HK.00992,00992,2025-06-12,-0.323997,8.93
10.0,10,10,False,HK.00992,00992,2025-06-13,-0.336866,8.76
10.0,10,10,False,HK.00992,00992,2025-06-16,-0.329296,8.86
10.0,10,10,False,HK.00992,00992,2025-06-17,-0.334595,8.79
10.0,10,10,False,HK.00992,00992,2025-06-18,-0.33838,8.74
10.0,10,10,False,HK.00992,00992,2025-06-19,-0.350492,8.58
10.0,10,10,False,HK.00992,00992,2025-06-20,-0.344436,8.66
10.0,10,10,False,HK.00992,00992,2025-06-23,-0.342922,8.68
10.0,10,10,False,HK.00992,00992,2025-06-24,-0.327782,8.88
10.0,10,10,False,HK.00992,00992,2025-06-25,-0.327025,8.89
10.0,10,10,False,HK.00992,00992,2025-06-26,-0.317941,9.01
10.0,10,10,False,HK.00992,00992,2025-06-27,-0.31567,9.04
10.0,10,10,False,HK.00992,00992,2025-06-30,-0.316427,9.03
10.0,10,10,False,HK.00992,00992,2025-07-02,-0.314913,9.05
10.0,10,10,False,HK.00992,00992,2025-07-03,-0.29296,9.34
10.0,10,10,False,HK.00992,00992,2025-07-04,-0.298259,9.27
10.0,10,10,False,HK.00992,00992,2025-07-07,-0.3081,9.14
10.0,10,10,False,HK.00992,00992,2025-07-08,-0.293717,9.33
10.0,10,10,False,HK.00992,00992,2025-07-09,-0.302801,9.21
10.0,10,10,False,HK.00992,00992,2025-07-10,-0.305072,9.18
10.0,10,10,False,HK.00992,00992,2025-07-11,-0.289932,9.38
10.0,10,10,False,HK.00992,00992,2025-07-14,-0.28539,9.44
10.0,10,10,False,HK.00992,00992,2025-07-15,-0.264951,9.71
10.0,10,10,False,HK.00992,00992,2025-07-16,-0.272521,9.61
10.0,10,10,False,HK.00992,00992,2025-07-17,-0.260409,9.77
10.0,10,10,False,HK.00992,00992,2025-07-18,-0.261923,9.75
10.0,10,10,False,HK.00992,00992,2025-07-21,-0.257381,9.81
10.0,10,10,False,HK.00992,00992,2025-07-22,-0.266465,9.69
10.0,10,10,False,HK.00992,00992,2025-07-23,-0.255867,9.83
10.0,10,10,False,HK.00992,00992,2025-07-24,-0.242241,10.01
10.0,10,10,False,HK.00992,00992,2025-07-25,-0.239213,10.05
10.0,10,10,False,HK.00992,00992,2025-07-28,-0.233157,10.13
10.0,10,10,False,HK.00992,00992,2025-07-29,-0.233157,10.13
10.0,10,10,False,HK.00992,00992,2025-07-30,-0.238834,10.055
10.0,10,10,False,HK.00992,00992,2025-07-31,-0.240348,10.035
10.0,10,10,False,HK.00992,00992,2025-08-01,-0.241862,10.015
10.0,10,10,False,HK.00992,00992,2025-08-04,-0.204012,10.515
10.0,10,10,False,HK.00992,00992,2025-08-05,-0.163134,11.055
10.0,10,10,False,HK.00992,00992,2025-08-06,-0.170704,10.955
10.0,10,10,False,HK.00992,00992,2025-08-07,-0.162377,11.065
10.0,10,10,False,HK.00992,00992,2025-08-08,-0.171461,10.945
10.0,10,10,False,HK.00992,00992,2025-08-11,-0.170704,10.955
10.0,10,10,False,HK.00992,00992,2025-08-12,-0.157078,11.135
10.0,10,10,False,HK.00992,00992,2025-08-13,-0.134368,11.435
10.0,10,10,False,HK.00992,00992,2025-08-14,-0.186601,10.745
10.0,10,10,False,HK.00992,00992,2025-08-15,-0.187358,10.735
10.0,10,10,False,HK.00992,00992,2025-08-18,-0.162377,11.065
10.0,10,10,False,HK.00992,00992,2025-08-19,-0.175246,10.895
10.0,10,10,False,HK.00992,00992,2025-08-20,-0.173732,10.915
10.0,10,10,False,HK.00992,00992,2025-08-21,-0.176003,10.885
10.0,10,10,False,HK.00992,00992,2025-08-22,-0.194171,10.645
10.0,10,10,False,HK.00992,00992,2025-08-25,-0.160863,11.085
10.0,10,10,False,HK.00992,00992,2025-08-26,-0.165405,11.025
10.0,10,10,False,HK.00992,00992,2025-08-27,-0.170704,10.955
10.0,10,10,False,HK.00992,00992,2025-08-28,-0.150265,11.225
10.0,10,10,False,HK.00992,00992,2025-08-29,-0.167676,10.995
10.0,10,10,False,HK.00992,00992,2025-09-01,-0.16919,10.975
10.0,10,10,False,HK.00992,00992,2025-09-02,-0.177517,10.865
10.0,10,10,False,HK.00992,00992,2025-09-03,-0.187358,10.735
10.0,10,10,False,HK.00992,00992,2025-09-04,-0.200984,10.555
10.0,10,10,False,HK.00992,00992,2025-09-05,-0.173732,10.915
10.0,10,10,False,HK.00992,00992,2025-09-08,-0.198713,10.585
10.0,10,10,False,HK.00992,00992,2025-09-09,-0.188115,10.725
10.0,10,10,False,HK.00992,00992,2025-09-10,-0.150265,11.225
10.0,10,10,False,HK.00992,00992,2025-09-11,-0.130583,11.485
10.0,10,10,False,HK.00992,00992,2025-09-12,-0.110901,11.745
10.0,10,10,False,HK.00992,00992,2025-09-15,-0.130583,11.485
10.0,10,10,False,HK.00992,00992,2025-09-16,-0.120742,11.615
10.0,10,10,False,HK.00992,00992,2025-09-17,-0.101817,11.865
10.0,10,10,False,HK.00992,00992,2025-09-18,-0.104845,11.825
10.0,10,10,False,HK.00992,00992,2025-09-19,-0.096518,11.935
10.0,10,10,False,HK.00992,00992,2025-09-22,-0.082892,12.115
10.0,10,10,False,HK.00992,00992,2025-09-23,-0.107873,11.785
10.0,10,10,False,HK.00992,00992,2025-09-24,-0.095004,11.955
10.0,10,10,False,HK.00992,00992,2025-09-25,-0.127555,11.525
10.0,10,10,False,HK.00992,00992,2025-09-26,-0.135125,11.425
10.0,10,10,False,HK.00992,00992,2025-09-29,-0.132854,11.455
10.0,10,10,False,HK.00992,00992,2025-09-30,-0.132097,11.465
10.0,10,10,False,HK.00992,00992,2025-10-02,-0.113172,11.715
10.0,10,10,False,HK.00992,00992,2025-10-03,-0.115443,11.685
10.0,10,10,False,HK.00992,00992,2025-10-06,-0.135125,11.425
10.0,10,10,False,HK.00992,00992,2025-10-08,-0.119985,11.625
10.0,10,10,False,HK.00992,00992,2025-10-09,-0.05564,12.475
10.0,10,10,False,HK.00992,00992,2025-10-10,-0.079864,12.155
10.0,10,10,False,HK.00992,00992,2025-10-13,-0.115443,11.685
10.0,10,10,False,HK.00992,00992,2025-10-14,-0.151022,11.215
10.0,10,10,False,HK.00992,00992,2025-10-15,-0.126798,11.535
10.0,10,10,False,HK.00992,00992,2025-10-16,-0.135125,11.425
10.0,10,10,False,HK.00992,00992,2025-10-17,-0.16162,11.075
10.0,10,10,False,HK.00992,00992,2025-10-20,-0.147994,11.255
10.0,10,10,False,HK.00992,00992,2025-10-21,-0.135125,11.425
10.0,10,10,False,HK.00992,00992,2025-10-22,-0.160863,11.085
10.0,10,10,False,HK.00992,00992,2025-10-23,-0.15405,11.175
10.0,10,10,False,HK.00992,00992,2025-10-24,-0.134368,11.435
10.0,10,10,False,HK.00992,00992,2025-10-27,-0.120742,11.615
10.0,10,10,False,HK.00992,00992,2025-10-28,-0.132097,11.465
10.0,10,10,False,HK.00992,00992,2025-10-30,-0.134368,11.435
10.0,10,10,False,HK.00992,00992,2025-10-31,-0.14648,11.275
10.0,10,10,False,HK.00992,00992,2025-11-03,-0.137396,11.395
10.0,10,10,False,HK.00992,00992,2025-11-04,-0.147994,11.255
10.0,10,10,False,HK.00992,00992,2025-11-05,-0.16162,11.075
10.0,10,10,False,HK.00992,00992,2025-11-06,-0.153293,11.185
10.0,10,10,False,HK.00992,00992,2025-11-07,-0.164648,11.035
10.0,10,10,False,HK.00992,00992,2025-11-10,-0.174489,10.905
10.0,10,10,False,HK.00992,00992,2025-11-11,-0.185087,10.765
10.0,10,10,False,HK.00992,00992,2025-11-12,-0.174489,10.905
10.0,10,10,False,HK.00992,00992,2025-11-13,-0.18433,10.775
10.0,10,10,False,HK.00992,00992,2025-11-14,-0.211582,10.415
10.0,10,10,False,HK.00992,00992,2025-11-17,-0.242619,10.005
10.0,10,10,False,HK.00992,00992,2025-11-18,-0.274413,9.585
10.0,10,10,False,HK.00992,00992,2025-11-19,-0.277441,9.545
10.0,10,10,False,HK.00992,00992,2025-11-20,-0.270628,9.635
10.0,10,10,False,HK.00992,00992,2025-11-21,-0.273656,9.595
10.0,10,10,False,HK.00992,00992,2025-11-24,-0.269114,9.655
10.0,10,10,False,HK.00992,00992,2025-11-25,-0.266843,9.685
10.0,10,10,False,HK.00992,00992,2025-11-26,-0.272899,9.605
10.0,10,10,False,HK.00992,00992,2025-11-27,-0.266843,9.685
10.0,10,10,False,HK.00992,00992,2025-11-28,-0.273656,9.595
10.0,10,10,False,HK.00992,00992,2025-12-01,-0.269114,9.655
10.0,10,10,False,HK.00992,00992,2025-12-02,-0.253217,9.865
10.0,10,10,False,HK.00992,00992,2025-12-03,-0.260787,9.765
10.0,10,10,False,HK.00992,00992,2025-12-04,-0.256245,9.825
10.0,10,10,False,HK.00992,00992,2025-12-05,-0.247161,9.945
10.0,10,10,False,HK.00992,00992,2025-12-08,-0.253217,9.865
10.0,10,10,False,HK.00992,00992,2025-12-09,-0.264572,9.715
10.0,10,10,False,HK.00992,00992,2025-12-10,-0.264194,9.72
10.0,10,10,False,HK.00992,00992,2025-12-11,-0.283876,9.46
10.0,10,10,False,HK.00992,00992,2025-12-12,-0.265708,9.7
10.0,10,10,False,HK.00992,00992,2025-12-15,-0.276306,9.56
10.0,10,10,False,HK.00992,00992,2025-12-16,-0.268736,9.66
10.0,10,10,False,HK.00992,00992,2025-12-17,-0.274792,9.58
10.0,10,10,False,HK.00992,00992,2025-12-18,-0.288418,9.4
10.0,10,10,False,HK.00992,00992,2025-12-19,-0.297502,9.28
10.0,10,10,False,HK.00992,00992,2025-12-22,-0.298259,9.27
10.0,10,10,False,HK.00992,00992,2025-12-23,-0.292203,9.35
10.0,10,10,False,HK.00992,00992,2025-12-24,-0.294474,9.32
10.0,10,10,False,HK.00992,00992,2025-12-29,-0.30053,9.24
10.0,10,10,False,HK.00992,00992,2025-12-30,-0.295231,9.31
10.0,10,10,False,HK.00992,00992,2025-12-31,-0.299016,9.26
10.0,10,10,False,HK.00992,00992,2026-01-02,-0.277063,9.55
10.0,10,10,False,HK.00992,00992,2026-01-05,-0.277063,9.55
10.0,10,10,False,HK.00992,00992,2026-01-06,-0.287661,9.41
10.0,10,10,False,HK.00992,00992,2026-01-07,-0.295988,9.3
10.0,10,10,False,HK.00992,00992,2026-01-08,-0.335352,8.78
10.0,10,10,False,HK.00992,00992,2026-01-09,-0.319455,8.99
10.0,10,10,False,HK.00992,00992,2026-01-12,-0.319455,8.99
10.0,10,10,False,HK.00992,00992,2026-01-13,-0.322483,8.95
10.0,10,10,False,HK.00992,00992,2026-01-14,-0.318698,9.0
10.0,10,10,False,HK.00992,00992,2026-01-15,-0.317184,9.02
10.0,10,10,False,HK.00992,00992,2026-01-16,-0.327782,8.88
10.0,10,10,False,HK.00992,00992,2026-01-19,-0.324754,8.92
10.0,10,10,False,HK.00992,00992,2026-01-20,-0.329296,8.86
10.0,10,10,False,HK.00992,00992,2026-01-21,-0.345193,8.65
10.0,10,10,False,HK.00992,00992,2026-01-22,-0.34595,8.64
10.0,10,10,False,HK.00992,00992,2026-01-23,-0.33081,8.84
10.0,10,10,False,HK.00992,00992,2026-01-26,-0.339894,8.72
10.0,10,10,False,HK.00992,00992,2026-01-27,-0.327782,8.88
10.0,10,10,False,HK.00992,00992,2026-01-28,-0.313399,9.07
10.0,10,10,False,HK.00992,00992,2026-01-29,-0.314913,9.05
10.0,10,10,False,HK.00992,00992,2026-01-30,-0.327782,8.88
10.0,10,10,False,HK.00992,00992,2026-02-02,-0.31567,9.04
10.0,10,10,False,HK.00992,00992,2026-02-03,-0.305072,9.18
10.0,10,10,False,HK.00992,00992,2026-02-04,-0.320212,8.98
10.0,10,10,False,HK.00992,00992,2026-02-05,-0.295231,9.31
10.0,10,10,False,HK.00992,00992,2026-02-06,-0.299773,9.25
10.0,10,10,False,HK.00992,00992,2026-02-09,-0.304315,9.19
10.0,10,10,False,HK.00992,00992,2026-02-10,-0.292203,9.35
10.0,10,10,False,HK.00992,00992,2026-02-11,-0.286147,9.43
10.0,10,10,False,HK.00992,00992,2026-02-12,-0.318698,9.0
10.0,10,10,False,HK.00992,00992,2026-02-13,-0.299016,9.26
10.0,10,10,False,HK.00992,00992,2026-02-16,-0.295988,9.3
10.0,10,10,False,HK.00992,00992,2026-02-20,-0.302044,9.22
10.0,10,10,False,HK.00992,00992,2026-02-23,-0.290689,9.37
10.0,10,10,False,HK.00992,00992,2026-02-24,-0.278577,9.53
10.0,10,10,False,HK.00992,00992,2026-02-25,-0.274792,9.58
10.0,10,10,False,HK.00992,00992,2026-02-26,-0.272521,9.61
10.0,10,10,False,HK.00992,00992,2026-02-27,-0.263437,9.73
10.0,10,10,False,HK.00992,00992,2026-03-02,-0.283119,9.47
10.0,10,10,False,HK.00992,00992,2026-03-03,-0.290689,9.37
10.0,10,10,False,HK.00992,00992,2026-03-04,-0.30053,9.24
10.0,10,10,False,HK.00992,00992,2026-03-05,-0.302044,9.22
10.0,10,10,False,HK.00992,00992,2026-03-06,-0.287661,9.41
10.0,10,10,False,HK.00992,00992,2026-03-09,-0.309614,9.12
10.0,10,10,False,HK.00992,00992,2026-03-10,-0.283876,9.46
10.0,10,10,False,HK.00992,00992,2026-03-11,-0.269493,9.65
10.0,10,10,False,HK.00992,00992,2026-03-12,-0.276306,9.56
10.0,10,10,False,HK.00992,00992,2026-03-13,-0.290689,9.37
10.0,10,10,False,HK.00992,00992,2026-03-16,-0.27782,9.54
10.0,10,10,False,HK.00992,00992,2026-03-17,-0.281605,9.49
10.0,10,10,False,HK.00992,00992,2026-03-18,-0.272521,9.61
10.0,10,10,False,HK.00992,00992,2026-03-19,-0.290689,9.37
10.0,10,10,False,HK.00992,00992,2026-03-20,-0.30053,9.24
10.0,10,10,False,HK.00992,00992,2026-03-23,-0.329296,8.86
10.0,10,10,False,HK.00992,00992,2026-03-24,-0.30053,9.24
10.0,10,10,False,HK.00992,00992,2026-03-25,-0.289175,9.39
10.0,10,10,False,HK.00992,00992,2026-03-26,-0.290689,9.37
10.0,10,10,False,HK.00992,00992,2026-03-27,-0.288418,9.4
10.0,10,10,False,HK.00992,00992,2026-03-30,-0.301287,9.23
10.0,10,10,False,HK.00992,00992,2026-03-31,-0.307343,9.15
10.0,10,10,False,HK.00992,00992,2026-04-01,-0.280848,9.5
10.0,10,10,False,HK.00992,00992,2026-04-02,-0.266465,9.69
10.0,10,10,False,HK.00992,00992,2026-04-08,-0.233914,10.12
10.0,10,10,False,HK.00992,00992,2026-04-09,-0.252082,9.88
10.0,10,10,False,HK.00992,00992,2026-04-10,-0.234671,10.11
10.0,10,10,False,HK.00992,00992,2026-04-13,-0.237699,10.07
10.0,10,10,False,HK.00992,00992,2026-04-14,-0.210447,10.43
10.0,10,10,False,HK.00992,00992,2026-04-15,-0.199092,10.58
10.0,10,10,False,HK.00992,00992,2026-04-16,-0.159727,11.1
10.0,10,10,False,HK.00992,00992,2026-04-17,-0.144587,11.3
10.0,10,10,False,HK.00992,00992,2026-04-20,-0.1514,11.21
10.0,10,10,False,HK.00992,00992,2026-04-21,-0.167298,11.0
10.0,10,10,False,HK.00992,00992,2026-04-22,-0.119606,11.63
10.0,10,10,False,HK.00992,00992,2026-04-23,-0.118849,11.64
10.0,10,10,False,HK.00992,00992,2026-04-24,-0.091597,12.0
10.0,10,10,False,HK.00992,00992,2026-04-27,-0.082513,12.12
10.0,10,10,False,HK.00992,00992,2026-04-28,-0.104466,11.83
10.0,10,10,False,HK.00992,00992,2026-04-29,-0.102195,11.86
10.0,10,10,False,HK.00992,00992,2026-04-30,-0.115821,11.68
10.0,10,10,False,HK.00992,00992,2026-05-04,-0.119606,11.63
10.0,10,10,False,HK.00992,00992,2026-05-05,-0.118849,11.64
10.0,10,10,False,HK.00992,00992,2026-05-06,-0.080242,12.15
10.0,10,10,False,HK.00992,00992,2026-05-07,-0.049205,12.56
10.0,10,10,False,HK.00992,00992,2026-05-08,-0.050719,12.54
10.0,10,10,False,HK.00992,00992,2026-05-11,0.0,13.41
10.0,10,10,False,HK.00992,00992,2026-05-12,-0.034303,12.95
10.0,10,10,False,HK.00992,00992,2026-05-13,-0.035048,12.94
10.0,10,10,False,HK.00992,00992,2026-05-14,-0.0261,13.06
10.0,10,10,False,HK.00992,00992,2026-05-15,-0.073826,12.42
10.0,10,10,False,HK.00992,00992,2026-05-18,-0.058166,12.63
10.0,10,10,False,HK.00992,00992,2026-05-19,-0.0522,12.71
10.0,10,10,False,HK.00992,00992,2026-05-20,-0.01566,13.2
10.0,10,10,False,HK.00992,00992,2026-05-21,-0.019389,13.15
10.0,10,10,False,HK.00992,00992,2026-05-22,0.0,15.75
10.0,10,10,False,HK.00992,00992,2026-05-26,0.0,18.19
10.0,10,10,False,HK.00992,00992,2026-05-27,0.0,19.0
10.0,10,10,False,HK.00992,00992,2026-05-28,0.0,19.68
10.0,10,10,False,HK.00992,00992,2026-05-29,0.0,24.0
10.0,10,10,False,HK.00992,00992,2026-06-01,0.0,25.24
10.0,10,10,False,HK.00992,00992,2026-06-02,0.0,26.58
10.0,10,10,False,HK.00992,00992,2026-06-03,-0.016554,26.14
10.0,10,10,False,HK.00992,00992,2026-06-04,-0.059443,25.0
10.0,10,10,False,HK.00992,00992,2026-06-05,-0.063958,24.88
10.0,10,10,False,HK.00992,00992,2026-06-08,-0.075997,24.56
10.0,10,10,False,HK.00992,00992,2026-06-09,-0.045147,25.38
10.0,10,10,False,HK.00992,00992,2026-06-10,-0.134688,23.0
10.0,10,10,False,HK.00992,00992,2026-06-11,-0.139202,22.88
10.0,10,10,False,HK.00992,00992,2026-06-12,-0.159518,22.34
10.0,10,10,False,HK.00992,00992,2026-06-15,-0.081264,24.42
10.0,10,10,False,HK.00992,00992,2026-06-16,-0.042137,25.46
10.0,10,10,False,HK.00992,00992,2026-06-17,-0.063958,24.88
10.0,10,10,False,HK.00992,00992,2026-06-18,-0.105342,23.78
10.0,10,10,False,HK.00992,00992,2026-06-22,-0.123401,23.3
10.0,10,10,False,HK.00992,00992,2026-06-23,-0.161776,22.28
10.0,10,10,False,HK.00992,00992,2026-06-24,-0.137698,22.92
10.0,10,10,False,HK.00992,00992,2026-06-25,-0.097818,23.98
10.0,10,10,False,HK.00992,00992,2026-06-26,-0.118134,23.44
10.0,10,10,False,HK.00992,00992,2026-06-29,-0.199398,21.28
10.0,10,10,False,HK.00992,00992,2026-06-30,-0.133935,23.02
10.0,10,10,False,HK.00992,00992,2026-07-02,-0.171558,22.02
10.0,10,10,False,HK.00992,00992,2026-07-03,-0.198646,21.3
10.0,10,10,False,HK.00992,00992,2026-07-06,-0.230248,20.46
10.0,10,10,False,HK.00992,00992,2026-07-07,-0.214447,20.88
10.0,10,10,False,HK.00992,00992,2026-07-08,-0.160271,22.32
10.0,10,10,False,HK.00992,00992,2026-07-09,-0.095561,24.04
10.0,10,10,False,HK.00992,00992,2026-07-10,-0.079007,24.48
10.0,10,10,False,HK.00992,00992,2026-07-13,-0.123401,23.3
10.0,10,10,False,HK.00992,00992,2026-07-14,-0.128668,23.16
10.0,10,10,False,HK.00992,00992,2026-07-15,-0.102333,23.86
10.0,10,10,False,HK.00992,00992,2026-07-16,-0.162528,22.26
10.0,10,10,False,HK.00992,00992,2026-07-17,-0.194131,21.42
10.0,10,10,False,HK.00992,00992,2026-07-20,-0.194131,21.42
10.0,10,10,False,HK.00992,00992,2026-07-21,-0.125658,23.24
10.0,10,10,False,HK.00992,00992,2026-07-22,-0.093303,24.1
10.0,10,10,False,HK.00992,00992,2026-07-23,-0.07374,24.62
10.0,10,10,False,HK.00992,00992,2026-07-24,-0.084274,24.34
10.0,10,10,False,HK.00992,00992,2026-07-27,-0.085026,24.32
10.0,10,10,False,HK.00992,00992,2026-07-28,-0.118886,23.42
10.0,10,10,False,HK.00992,00992,2026-07-29,-0.13544,22.98
10.0,10,10,False,HK.00992,00992,2026-07-30,-0.182092,21.74
10.0,10,10,False,HK.00992,00992,2026-07-31,-0.102333,23.86
10.0,10,10,False,HK.00992,00992,2026-08-03,-0.069225,24.74
10.0,10,10,False,HK.00992,00992,2026-08-04,-0.066102,24.823
10.0,10,10,False,HK.00992,00992,2026-08-05,-0.011287,26.28
10.0,10,10,False,HK.00992,00992,2026-08-06,-0.024078,25.94
10.0,10,10,False,HK.00992,00992,2026-08-07,0.0,28.1
10.0,10,10,False,HK.00992,00992,2026-08-10,0.0,29.0
10.0,10,10,False,HK.00992,00992,2026-08-11,-0.015862,28.54
10.0,10,10,False,HK.00992,00992,2026-08-12,0.0,29.04
10.0,10,10,False,HK.00992,00992,2026-08-13,0.0,34.9
10.0,10,10,False,HK.00992,00992,2026-08-14,-0.037249,33.6
10.0,10,10,False,HK.00992,00992,2026-08-17,-0.053868,33.02
10.0,10,10,False,HK.00992,00992,2026-08-18,-0.102006,31.34
10.0,10,10,False,HK.00992,00992,2026-08-19,-0.136963,30.12
10.0,10,10,False,HK.00992,00992,2026-08-20,-0.148424,29.72
10.0,10,10,False,HK.00992,00992,2026-08-21,-0.146705,29.78
10.0,10,10,False,HK.00992,00992,2026-08-24,-0.150716,29.64
10.0,10,10,False,HK.00992,00992,2026-08-25,-0.117479,30.8
10.0,10,10,False,HK.00992,00992,2026-08-26,-0.124355,30.56
10.0,10,10,False,HK.00992,00992,2026-08-27,-0.119771,30.72
10.0,10,10,False,HK.00992,00992,2026-08-28,-0.141547,29.96
10.0,10,10,False,HK.00992,00992,2026-08-31,-0.139255,30.04
10.0,10,10,False,HK.00992,00992,2026-09-01,-0.123782,30.58
10.0,10,10,False,HK.00992,00992,2026-09-02,-0.123209,30.6
10.0,10,10,False,HK.00992,00992,2026-09-03,-0.124928,30.54
10.0,10,10,False,HK.00992,00992,2026-09-04,-0.071633,32.4
10.0,10,10,False,HK.00992,00992,2026-09-07,-0.072779,32.36
10.0,10,10,False,HK.00992,00992,2026-09-08,-0.130086,30.36
11.0,11,11,False,HK.01888,01888,2024-11-07,0.0,5.88
11.0,11,11,False,HK.01888,01888,2024-11-08,0.0,5.9
11.0,11,11,False,HK.01888,01888,2024-11-11,0.0,6.07
11.0,11,11,False,HK.01888,01888,2024-11-12,0.0,6.15
11.0,11,11,False,HK.01888,01888,2024-11-13,0.0,6.22
11.0,11,11,False,HK.01888,01888,2024-11-14,-0.051447,5.9
11.0,11,11,False,HK.01888,01888,2024-11-15,-0.033762,6.01
11.0,11,11,False,HK.01888,01888,2024-11-18,-0.043408,5.95
11.0,11,11,False,HK.01888,01888,2024-11-19,-0.014469,6.13
11.0,11,11,False,HK.01888,01888,2024-11-20,-0.014469,6.13
11.0,11,11,False,HK.01888,01888,2024-11-21,-0.012862,6.14
11.0,11,11,False,HK.01888,01888,2024-11-22,-0.049839,5.91
11.0,11,11,False,HK.01888,01888,2024-11-25,-0.051447,5.9
11.0,11,11,False,HK.01888,01888,2024-11-26,-0.062701,5.83
11.0,11,11,False,HK.01888,01888,2024-11-27,-0.046624,5.93
11.0,11,11,False,HK.01888,01888,2024-11-28,-0.036977,5.99
11.0,11,11,False,HK.01888,01888,2024-11-29,-0.0209,6.09
11.0,11,11,False,HK.01888,01888,2024-12-02,-0.033762,6.01
11.0,11,11,False,HK.01888,01888,2024-12-03,-0.025723,6.06
11.0,11,11,False,HK.01888,01888,2024-12-04,-0.03537,6.0
11.0,11,11,False,HK.01888,01888,2024-12-05,-0.05627,5.87
11.0,11,11,False,HK.01888,01888,2024-12-06,-0.036977,5.99
11.0,11,11,False,HK.01888,01888,2024-12-09,-0.003215,6.2
11.0,11,11,False,HK.01888,01888,2024-12-10,0.0,6.27
11.0,11,11,False,HK.01888,01888,2024-12-11,-0.059011,5.9
11.0,11,11,False,HK.01888,01888,2024-12-12,-0.033493,6.06
11.0,11,11,False,HK.01888,01888,2024-12-13,-0.070175,5.83
11.0,11,11,False,HK.01888,01888,2024-12-16,-0.114833,5.55
11.0,11,11,False,HK.01888,01888,2024-12-17,-0.094099,5.68
11.0,11,11,False,HK.01888,01888,2024-12-18,-0.116427,5.54
11.0,11,11,False,HK.01888,01888,2024-12-19,-0.129187,5.46
11.0,11,11,False,HK.01888,01888,2024-12-20,-0.097289,5.66
11.0,11,11,False,HK.01888,01888,2024-12-23,-0.111643,5.57
11.0,11,11,False,HK.01888,01888,2024-12-24,-0.102073,5.63
11.0,11,11,False,HK.01888,01888,2024-12-27,-0.035088,6.05
11.0,11,11,False,HK.01888,01888,2024-12-30,-0.062201,5.88
11.0,11,11,False,HK.01888,01888,2024-12-31,-0.038278,6.03
11.0,11,11,False,HK.01888,01888,2025-01-02,-0.100478,5.64
11.0,11,11,False,HK.01888,01888,2025-01-03,-0.089314,5.71
11.0,11,11,False,HK.01888,01888,2025-01-06,-0.086124,5.73
11.0,11,11,False,HK.01888,01888,2025-01-07,-0.092504,5.69
11.0,11,11,False,HK.01888,01888,2025-01-08,-0.122807,5.5
11.0,11,11,False,HK.01888,01888,2025-01-09,-0.052632,5.94
11.0,11,11,False,HK.01888,01888,2025-01-10,0.0,6.48
11.0,11,11,False,HK.01888,01888,2025-01-13,-0.033951,6.26
11.0,11,11,False,HK.01888,01888,2025-01-14,-0.030864,6.28
11.0,11,11,False,HK.01888,01888,2025-01-15,-0.006173,6.44
11.0,11,11,False,HK.01888,01888,2025-01-16,-0.007716,6.43
11.0,11,11,False,HK.01888,01888,2025-01-17,0.0,6.55
11.0,11,11,False,HK.01888,01888,2025-01-20,0.0,6.82
11.0,11,11,False,HK.01888,01888,2025-01-21,0.0,6.97
11.0,11,11,False,HK.01888,01888,2025-01-22,0.0,7.02
11.0,11,11,False,HK.01888,01888,2025-01-23,-0.024217,6.85
11.0,11,11,False,HK.01888,01888,2025-01-24,-0.027066,6.83
11.0,11,11,False,HK.01888,01888,2025-01-27,-0.065527,6.56
11.0,11,11,False,HK.01888,01888,2025-01-28,-0.055556,6.63
11.0,11,11,False,HK.01888,01888,2025-02-03,-0.052707,6.65
11.0,11,11,False,HK.01888,01888,2025-02-04,-0.049858,6.67
11.0,11,11,False,HK.01888,01888,2025-02-05,-0.061254,6.59
11.0,11,11,False,HK.01888,01888,2025-02-06,-0.048433,6.68
11.0,11,11,False,HK.01888,01888,2025-02-07,0.0,7.12
11.0,11,11,False,HK.01888,01888,2025-02-10,-0.030899,6.9
11.0,11,11,False,HK.01888,01888,2025-02-11,-0.049157,6.77
11.0,11,11,False,HK.01888,01888,2025-02-12,-0.033708,6.88
11.0,11,11,False,HK.01888,01888,2025-02-13,-0.051966,6.75
11.0,11,11,False,HK.01888,01888,2025-02-14,-0.033708,6.88
11.0,11,11,False,HK.01888,01888,2025-02-17,0.0,7.38
11.0,11,11,False,HK.01888,01888,2025-02-18,0.0,7.48
11.0,11,11,False,HK.01888,01888,2025-02-19,0.0,7.58
11.0,11,11,False,HK.01888,01888,2025-02-20,-0.013193,7.48
11.0,11,11,False,HK.01888,01888,2025-02-21,0.0,8.01
11.0,11,11,False,HK.01888,01888,2025-02-24,-0.076155,7.4
11.0,11,11,False,HK.01888,01888,2025-02-25,-0.074906,7.41
11.0,11,11,False,HK.01888,01888,2025-02-26,0.0,8.55
11.0,11,11,False,HK.01888,01888,2025-02-27,0.0,8.67
11.0,11,11,False,HK.01888,01888,2025-02-28,-0.072664,8.04
11.0,11,11,False,HK.01888,01888,2025-03-03,-0.141869,7.44
11.0,11,11,False,HK.01888,01888,2025-03-04,-0.174164,7.16
11.0,11,11,False,HK.01888,01888,2025-03-05,-0.130334,7.54
11.0,11,11,False,HK.01888,01888,2025-03-06,-0.11188,7.7
11.0,11,11,False,HK.01888,01888,2025-03-07,-0.124567,7.59
11.0,11,11,False,HK.01888,01888,2025-03-10,-0.098039,7.82
11.0,11,11,False,HK.01888,01888,2025-03-11,-0.11534,7.67
11.0,11,11,False,HK.01888,01888,2025-03-12,-0.10496,7.76
11.0,11,11,False,HK.01888,01888,2025-03-13,-0.138408,7.47
11.0,11,11,False,HK.01888,01888,2025-03-14,-0.065744,8.1
11.0,11,11,False,HK.01888,01888,2025-03-17,-0.018454,8.51
11.0,11,11,False,HK.01888,01888,2025-03-18,-0.002307,8.65
11.0,11,11,False,HK.01888,01888,2025-03-19,-0.033449,8.38
11.0,11,11,False,HK.01888,01888,2025-03-20,-0.023068,8.47
11.0,11,11,False,HK.01888,01888,2025-03-21,-0.072664,8.04
11.0,11,11,False,HK.01888,01888,2025-03-24,-0.033449,8.38
11.0,11,11,False,HK.01888,01888,2025-03-25,-0.100346,7.8
11.0,11,11,False,HK.01888,01888,2025-03-26,-0.056517,8.18
11.0,11,11,False,HK.01888,01888,2025-03-27,-0.044983,8.28
11.0,11,11,False,HK.01888,01888,2025-03-28,-0.068051,8.08
11.0,11,11,False,HK.01888,01888,2025-03-31,-0.102653,7.78
11.0,11,11,False,HK.01888,01888,2025-04-01,-0.102653,7.78
11.0,11,11,False,HK.01888,01888,2025-04-02,-0.027682,8.43
11.0,11,11,False,HK.01888,01888,2025-04-03,-0.122261,7.61
11.0,11,11,False,HK.01888,01888,2025-04-07,-0.297578,6.09
11.0,11,11,False,HK.01888,01888,2025-04-08,-0.306805,6.01
11.0,11,11,False,HK.01888,01888,2025-04-09,-0.295271,6.11
11.0,11,11,False,HK.01888,01888,2025-04-10,-0.282584,6.22
11.0,11,11,False,HK.01888,01888,2025-04-11,-0.273356,6.3
11.0,11,11,False,HK.01888,01888,2025-04-14,-0.249135,6.51
11.0,11,11,False,HK.01888,01888,2025-04-15,-0.257209,6.44
11.0,11,11,False,HK.01888,01888,2025-04-16,-0.27451,6.29
11.0,11,11,False,HK.01888,01888,2025-04-17,-0.266436,6.36
11.0,11,11,False,HK.01888,01888,2025-04-22,-0.250288,6.5
11.0,11,11,False,HK.01888,01888,2025-04-23,-0.202999,6.91
11.0,11,11,False,HK.01888,01888,2025-04-24,-0.207612,6.87
11.0,11,11,False,HK.01888,01888,2025-04-25,-0.191465,7.01
11.0,11,11,False,HK.01888,01888,2025-04-28,-0.214533,6.81
11.0,11,11,False,HK.01888,01888,2025-04-29,-0.197232,6.96
11.0,11,11,False,HK.01888,01888,2025-04-30,-0.200692,6.93
11.0,11,11,False,HK.01888,01888,2025-05-02,-0.170704,7.19
11.0,11,11,False,HK.01888,01888,2025-05-06,-0.175317,7.15
11.0,11,11,False,HK.01888,01888,2025-05-07,-0.174164,7.16
11.0,11,11,False,HK.01888,01888,2025-05-08,-0.152249,7.35
11.0,11,11,False,HK.01888,01888,2025-05-09,-0.154556,7.33
11.0,11,11,False,HK.01888,01888,2025-05-12,-0.107266,7.74
11.0,11,11,False,HK.01888,01888,2025-05-13,-0.11534,7.67
11.0,11,11,False,HK.01888,01888,2025-05-14,-0.073818,8.03
11.0,11,11,False,HK.01888,01888,2025-05-15,-0.069204,8.07
11.0,11,11,False,HK.01888,01888,2025-05-16,-0.065744,8.1
11.0,11,11,False,HK.01888,01888,2025-05-19,-0.101499,7.79
11.0,11,11,False,HK.01888,01888,2025-05-20,-0.102653,7.78
11.0,11,11,False,HK.01888,01888,2025-05-21,-0.081892,7.96
11.0,11,11,False,HK.01888,01888,2025-05-22,-0.091119,7.88
11.0,11,11,False,HK.01888,01888,2025-05-23,-0.116494,7.66
11.0,11,11,False,HK.01888,01888,2025-05-26,-0.15917,7.29
11.0,11,11,False,HK.01888,01888,2025-05-27,-0.151096,7.36
11.0,11,11,False,HK.01888,01888,2025-05-28,-0.15917,7.29
11.0,11,11,False,HK.01888,01888,2025-05-29,-0.113033,7.69
11.0,11,11,False,HK.01888,01888,2025-05-30,-0.124567,7.59
11.0,11,11,False,HK.01888,01888,2025-06-02,-0.129181,7.55
11.0,11,11,False,HK.01888,01888,2025-06-03,-0.094579,7.85
11.0,11,11,False,HK.01888,01888,2025-06-04,-0.064591,8.11
11.0,11,11,False,HK.01888,01888,2025-06-05,-0.05767,8.17
11.0,11,11,False,HK.01888,01888,2025-06-06,-0.005767,8.62
11.0,11,11,False,HK.01888,01888,2025-06-09,0.0,8.75
11.0,11,11,False,HK.01888,01888,2025-06-10,0.0,8.81
11.0,11,11,False,HK.01888,01888,2025-06-11,-0.009081,8.73
11.0,11,11,False,HK.01888,01888,2025-06-12,0.0,8.92
11.0,11,11,False,HK.01888,01888,2025-06-13,-0.022422,8.72
11.0,11,11,False,HK.01888,01888,2025-06-16,-0.033632,8.62
11.0,11,11,False,HK.01888,01888,2025-06-17,-0.048206,8.49
11.0,11,11,False,HK.01888,01888,2025-06-18,-0.048206,8.49
11.0,11,11,False,HK.01888,01888,2025-06-19,-0.075112,8.25
11.0,11,11,False,HK.01888,01888,2025-06-20,-0.078475,8.22
11.0,11,11,False,HK.01888,01888,2025-06-23,-0.059417,8.39
11.0,11,11,False,HK.01888,01888,2025-06-24,-0.044843,8.52
11.0,11,11,False,HK.01888,01888,2025-06-25,-0.044843,8.52
11.0,11,11,False,HK.01888,01888,2025-06-26,-0.048206,8.49
11.0,11,11,False,HK.01888,01888,2025-06-27,-0.029148,8.66
11.0,11,11,False,HK.01888,01888,2025-06-30,-0.004484,8.88
11.0,11,11,False,HK.01888,01888,2025-07-02,0.0,8.97
11.0,11,11,False,HK.01888,01888,2025-07-03,0.0,9.78
11.0,11,11,False,HK.01888,01888,2025-07-04,0.0,9.96
11.0,11,11,False,HK.01888,01888,2025-07-07,0.0,9.96
11.0,11,11,False,HK.01888,01888,2025-07-08,0.0,10.12
11.0,11,11,False,HK.01888,01888,2025-07-09,-0.001976,10.1
11.0,11,11,False,HK.01888,01888,2025-07-10,0.0,10.32
11.0,11,11,False,HK.01888,01888,2025-07-11,-0.034884,9.96
11.0,11,11,False,HK.01888,01888,2025-07-14,-0.036822,9.94
11.0,11,11,False,HK.01888,01888,2025-07-15,0.0,10.46
11.0,11,11,False,HK.01888,01888,2025-07-16,-0.024857,10.2
11.0,11,11,False,HK.01888,01888,2025-07-17,-0.028681,10.16
11.0,11,11,False,HK.01888,01888,2025-07-18,-0.124283,9.16
11.0,11,11,False,HK.01888,01888,2025-07-21,-0.118547,9.22
11.0,11,11,False,HK.01888,01888,2025-07-22,-0.107075,9.34
11.0,11,11,False,HK.01888,01888,2025-07-23,-0.108987,9.32
11.0,11,11,False,HK.01888,01888,2025-07-24,-0.107075,9.34
11.0,11,11,False,HK.01888,01888,2025-07-25,-0.089866,9.52
11.0,11,11,False,HK.01888,01888,2025-07-28,-0.07457,9.68
11.0,11,11,False,HK.01888,01888,2025-07-29,-0.047801,9.96
11.0,11,11,False,HK.01888,01888,2025-07-30,-0.082218,9.6
11.0,11,11,False,HK.01888,01888,2025-07-31,-0.099426,9.42
11.0,11,11,False,HK.01888,01888,2025-08-01,-0.095602,9.46
11.0,11,11,False,HK.01888,01888,2025-08-04,-0.055449,9.88
11.0,11,11,False,HK.01888,01888,2025-08-05,-0.06501,9.78
11.0,11,11,False,HK.01888,01888,2025-08-06,-0.057361,9.86
11.0,11,11,False,HK.01888,01888,2025-08-07,-0.063098,9.8
11.0,11,11,False,HK.01888,01888,2025-08-08,-0.066922,9.76
11.0,11,11,False,HK.01888,01888,2025-08-11,-0.030593,10.14
11.0,11,11,False,HK.01888,01888,2025-08-12,-0.027725,10.17
11.0,11,11,False,HK.01888,01888,2025-08-13,-0.017208,10.28
11.0,11,11,False,HK.01888,01888,2025-08-14,0.0,10.57
11.0,11,11,False,HK.01888,01888,2025-08-15,0.0,12.92
11.0,11,11,False,HK.01888,01888,2025-08-18,-0.01161,12.77
11.0,11,11,False,HK.01888,01888,2025-08-19,-0.051858,12.25
11.0,11,11,False,HK.01888,01888,2025-08-20,-0.065789,12.07
11.0,11,11,False,HK.01888,01888,2025-08-21,-0.075851,11.94
11.0,11,11,False,HK.01888,01888,2025-08-22,-0.041022,12.39
11.0,11,11,False,HK.01888,01888,2025-08-25,-0.100619,11.62
11.0,11,11,False,HK.01888,01888,2025-08-26,-0.023994,12.61
11.0,11,11,False,HK.01888,01888,2025-08-27,-0.067337,12.05
11.0,11,11,False,HK.01888,01888,2025-08-28,-0.033282,12.49
11.0,11,11,False,HK.01888,01888,2025-08-29,-0.02709,12.57
11.0,11,11,False,HK.01888,01888,2025-09-01,-0.065015,12.08
11.0,11,11,False,HK.01888,01888,2025-09-02,-0.136223,11.16
11.0,11,11,False,HK.01888,01888,2025-09-03,-0.151703,10.96
11.0,11,11,False,HK.01888,01888,2025-09-04,-0.185759,10.52
11.0,11,11,False,HK.01888,01888,2025-09-05,-0.153251,10.94
11.0,11,11,False,HK.01888,01888,2025-09-08,-0.157121,10.89
11.0,11,11,False,HK.01888,01888,2025-09-09,-0.169505,10.73
11.0,11,11,False,HK.01888,01888,2025-09-10,-0.171827,10.7
11.0,11,11,False,HK.01888,01888,2025-09-11,-0.103715,11.58
11.0,11,11,False,HK.01888,01888,2025-09-12,-0.087461,11.79
11.0,11,11,False,HK.01888,01888,2025-09-15,-0.131579,11.22
11.0,11,11,False,HK.01888,01888,2025-09-16,-0.150929,10.97
11.0,11,11,False,HK.01888,01888,2025-09-17,-0.138545,11.13
11.0,11,11,False,HK.01888,01888,2025-09-18,-0.139319,11.12
11.0,11,11,False,HK.01888,01888,2025-09-19,-0.127709,11.27
11.0,11,11,False,HK.01888,01888,2025-09-22,-0.115325,11.43
11.0,11,11,False,HK.01888,01888,2025-09-23,-0.134675,11.18
11.0,11,11,False,HK.01888,01888,2025-09-24,-0.146285,11.03
11.0,11,11,False,HK.01888,01888,2025-09-25,-0.131579,11.22
11.0,11,11,False,HK.01888,01888,2025-09-26,-0.157121,10.89
11.0,11,11,False,HK.01888,01888,2025-09-29,-0.093653,11.71
11.0,11,11,False,HK.01888,01888,2025-09-30,-0.098297,11.65
11.0,11,11,False,HK.01888,01888,2025-10-02,-0.100619,11.62
11.0,11,11,False,HK.01888,01888,2025-10-03,-0.090557,11.75
11.0,11,11,False,HK.01888,01888,2025-10-06,-0.124613,11.31
11.0,11,11,False,HK.01888,01888,2025-10-08,-0.122291,11.34
11.0,11,11,False,HK.01888,01888,2025-10-09,-0.075851,11.94
11.0,11,11,False,HK.01888,01888,2025-10-10,-0.081269,11.87
11.0,11,11,False,HK.01888,01888,2025-10-13,-0.069659,12.02
11.0,11,11,False,HK.01888,01888,2025-10-14,-0.04257,12.37
11.0,11,11,False,HK.01888,01888,2025-10-15,0.0,13.24
11.0,11,11,False,HK.01888,01888,2025-10-16,-0.018127,13.0
11.0,11,11,False,HK.01888,01888,2025-10-17,-0.11858,11.67
11.0,11,11,False,HK.01888,01888,2025-10-20,-0.123867,11.6
11.0,11,11,False,HK.01888,01888,2025-10-21,-0.054381,12.52
11.0,11,11,False,HK.01888,01888,2025-10-22,-0.070997,12.3
11.0,11,11,False,HK.01888,01888,2025-10-23,-0.111027,11.77
11.0,11,11,False,HK.01888,01888,2025-10-24,-0.068731,12.33
11.0,11,11,False,HK.01888,01888,2025-10-27,-0.046073,12.63
11.0,11,11,False,HK.01888,01888,2025-10-28,-0.010574,13.1
11.0,11,11,False,HK.01888,01888,2025-10-30,-0.003776,13.19
11.0,11,11,False,HK.01888,01888,2025-10-31,-0.067976,12.34
11.0,11,11,False,HK.01888,01888,2025-11-03,-0.098187,11.94
11.0,11,11,False,HK.01888,01888,2025-11-04,-0.114804,11.72
11.0,11,11,False,HK.01888,01888,2025-11-05,-0.132931,11.48
11.0,11,11,False,HK.01888,01888,2025-11-06,-0.111027,11.77
11.0,11,11,False,HK.01888,01888,2025-11-07,-0.152568,11.22
11.0,11,11,False,HK.01888,01888,2025-11-10,-0.141239,11.37
11.0,11,11,False,HK.01888,01888,2025-11-11,-0.152568,11.22
11.0,11,11,False,HK.01888,01888,2025-11-12,-0.148792,11.27
11.0,11,11,False,HK.01888,01888,2025-11-13,-0.117825,11.68
11.0,11,11,False,HK.01888,01888,2025-11-14,-0.142749,11.35
11.0,11,11,False,HK.01888,01888,2025-11-17,-0.148792,11.27
11.0,11,11,False,HK.01888,01888,2025-11-18,-0.186556,10.77
11.0,11,11,False,HK.01888,01888,2025-11-19,-0.178248,10.88
11.0,11,11,False,HK.01888,01888,2025-11-20,-0.175227,10.92
11.0,11,11,False,HK.01888,01888,2025-11-21,-0.247734,9.96
11.0,11,11,False,HK.01888,01888,2025-11-24,-0.22432,10.27
11.0,11,11,False,HK.01888,01888,2025-11-25,-0.209215,10.47
11.0,11,11,False,HK.01888,01888,2025-11-26,-0.193353,10.68
11.0,11,11,False,HK.01888,01888,2025-11-27,-0.183535,10.81
11.0,11,11,False,HK.01888,01888,2025-11-28,-0.196375,10.64
11.0,11,11,False,HK.01888,01888,2025-12-01,-0.150302,11.25
11.0,11,11,False,HK.01888,01888,2025-12-02,-0.139728,11.39
11.0,11,11,False,HK.01888,01888,2025-12-03,-0.164653,11.06
11.0,11,11,False,HK.01888,01888,2025-12-04,-0.160876,11.11
11.0,11,11,False,HK.01888,01888,2025-12-05,-0.154079,11.2
11.0,11,11,False,HK.01888,01888,2025-12-08,-0.120091,11.65
11.0,11,11,False,HK.01888,01888,2025-12-09,-0.107251,11.82
11.0,11,11,False,HK.01888,01888,2025-12-10,-0.126888,11.56
11.0,11,11,False,HK.01888,01888,2025-12-11,-0.142749,11.35
11.0,11,11,False,HK.01888,01888,2025-12-12,-0.13142,11.5
11.0,11,11,False,HK.01888,01888,2025-12-15,-0.143505,11.34
11.0,11,11,False,HK.01888,01888,2025-12-16,-0.176737,10.9
11.0,11,11,False,HK.01888,01888,2025-12-17,-0.157855,11.15
11.0,11,11,False,HK.01888,01888,2025-12-18,-0.175982,10.91
11.0,11,11,False,HK.01888,01888,2025-12-19,-0.170695,10.98
11.0,11,11,False,HK.01888,01888,2025-12-22,-0.117069,11.69
11.0,11,11,False,HK.01888,01888,2025-12-23,-0.111782,11.76
11.0,11,11,False,HK.01888,01888,2025-12-24,-0.108006,11.81
11.0,11,11,False,HK.01888,01888,2025-12-29,-0.044562,12.65
11.0,11,11,False,HK.01888,01888,2025-12-30,-0.030967,12.83
11.0,11,11,False,HK.01888,01888,2025-12-31,-0.043807,12.66
11.0,11,11,False,HK.01888,01888,2026-01-02,-0.024924,12.91
11.0,11,11,False,HK.01888,01888,2026-01-05,-0.049094,12.59
11.0,11,11,False,HK.01888,01888,2026-01-06,-0.030211,12.84
11.0,11,11,False,HK.01888,01888,2026-01-07,-0.050604,12.57
11.0,11,11,False,HK.01888,01888,2026-01-08,-0.05136,12.56
11.0,11,11,False,HK.01888,01888,2026-01-09,-0.060423,12.44
11.0,11,11,False,HK.01888,01888,2026-01-12,-0.06571,12.37
11.0,11,11,False,HK.01888,01888,2026-01-13,-0.093656,12.0
11.0,11,11,False,HK.01888,01888,2026-01-14,-0.098943,11.93
11.0,11,11,False,HK.01888,01888,2026-01-15,-0.05287,12.54
11.0,11,11,False,HK.01888,01888,2026-01-16,-0.021903,12.95
11.0,11,11,False,HK.01888,01888,2026-01-19,0.0,13.51
11.0,11,11,False,HK.01888,01888,2026-01-20,-0.051813,12.81
11.0,11,11,False,HK.01888,01888,2026-01-21,0.0,13.91
11.0,11,11,False,HK.01888,01888,2026-01-22,0.0,14.29
11.0,11,11,False,HK.01888,01888,2026-01-23,-0.006998,14.19
11.0,11,11,False,HK.01888,01888,2026-01-26,-0.013996,14.09
11.0,11,11,False,HK.01888,01888,2026-01-27,0.0,14.38
11.0,11,11,False,HK.01888,01888,2026-01-28,0.0,14.79
11.0,11,11,False,HK.01888,01888,2026-01-29,-0.03313,14.3
11.0,11,11,False,HK.01888,01888,2026-01-30,-0.035835,14.26
11.0,11,11,False,HK.01888,01888,2026-02-02,-0.0595,13.91
11.0,11,11,False,HK.01888,01888,2026-02-03,-0.022312,14.46
11.0,11,11,False,HK.01888,01888,2026-02-04,-0.022989,14.45
11.0,11,11,False,HK.01888,01888,2026-02-05,-0.048682,14.07
11.0,11,11,False,HK.01888,01888,2026-02-06,-0.044625,14.13
11.0,11,11,False,HK.01888,01888,2026-02-09,0.0,15.12
11.0,11,11,False,HK.01888,01888,2026-02-10,0.0,16.31
11.0,11,11,False,HK.01888,01888,2026-02-11,0.0,18.25
11.0,11,11,False,HK.01888,01888,2026-02-12,0.0,18.99
11.0,11,11,False,HK.01888,01888,2026-02-13,-0.007372,18.85
11.0,11,11,False,HK.01888,01888,2026-02-16,0.0,19.04
11.0,11,11,False,HK.01888,01888,2026-02-20,-0.009454,18.86
11.0,11,11,False,HK.01888,01888,2026-02-23,0.0,19.85
11.0,11,11,False,HK.01888,01888,2026-02-24,0.0,22.37
11.0,11,11,False,HK.01888,01888,2026-02-25,0.0,23.19
11.0,11,11,False,HK.01888,01888,2026-02-26,0.0,23.75
11.0,11,11,False,HK.01888,01888,2026-02-27,-0.026947,23.11
11.0,11,11,False,HK.01888,01888,2026-03-02,-0.023579,23.19
11.0,11,11,False,HK.01888,01888,2026-03-03,-0.074105,21.99
11.0,11,11,False,HK.01888,01888,2026-03-04,-0.086737,21.69
11.0,11,11,False,HK.01888,01888,2026-03-05,-0.063158,22.25
11.0,11,11,False,HK.01888,01888,2026-03-06,-0.108632,21.17
11.0,11,11,False,HK.01888,01888,2026-03-09,-0.142316,20.37
11.0,11,11,False,HK.01888,01888,2026-03-10,-0.068211,22.13
11.0,11,11,False,HK.01888,01888,2026-03-11,-0.118737,20.93
11.0,11,11,False,HK.01888,01888,2026-03-12,-0.114526,21.03
11.0,11,11,False,HK.01888,01888,2026-03-13,-0.106105,21.23
11.0,11,11,False,HK.01888,01888,2026-03-16,-0.087579,21.67
11.0,11,11,False,HK.01888,01888,2026-03-17,-0.053895,22.47
11.0,11,11,False,HK.01888,01888,2026-03-18,-0.095158,21.49
11.0,11,11,False,HK.01888,01888,2026-03-19,-0.138105,20.47
11.0,11,11,False,HK.01888,01888,2026-03-20,-0.157474,20.01
11.0,11,11,False,HK.01888,01888,2026-03-23,-0.202105,18.95
11.0,11,11,False,HK.01888,01888,2026-03-24,-0.184421,19.37
11.0,11,11,False,HK.01888,01888,2026-03-25,-0.144,20.33
11.0,11,11,False,HK.01888,01888,2026-03-26,-0.178526,19.51
11.0,11,11,False,HK.01888,01888,2026-03-27,-0.169263,19.73
11.0,11,11,False,HK.01888,01888,2026-03-30,-0.178526,19.51
11.0,11,11,False,HK.01888,01888,2026-03-31,-0.216421,18.61
11.0,11,11,False,HK.01888,01888,2026-04-01,-0.145684,20.29
11.0,11,11,False,HK.01888,01888,2026-04-02,-0.189895,19.24
11.0,11,11,False,HK.01888,01888,2026-04-08,-0.085895,21.71
11.0,11,11,False,HK.01888,01888,2026-04-09,-0.090947,21.59
11.0,11,11,False,HK.01888,01888,2026-04-10,-0.085053,21.73
11.0,11,11,False,HK.01888,01888,2026-04-13,0.0,24.03
11.0,11,11,False,HK.01888,01888,2026-04-14,0.0,24.31
11.0,11,11,False,HK.01888,01888,2026-04-15,0.0,25.25
11.0,11,11,False,HK.01888,01888,2026-04-16,0.0,26.37
11.0,11,11,False,HK.01888,01888,2026-04-17,0.0,27.73
11.0,11,11,False,HK.01888,01888,2026-04-20,0.0,27.81
11.0,11,11,False,HK.01888,01888,2026-04-21,0.0,30.21
11.0,11,11,False,HK.01888,01888,2026-04-22,0.0,30.33
11.0,11,11,False,HK.01888,01888,2026-04-23,0.0,33.61
11.0,11,11,False,HK.01888,01888,2026-04-24,-0.002975,33.51
11.0,11,11,False,HK.01888,01888,2026-04-27,-0.028563,32.65
11.0,11,11,False,HK.01888,01888,2026-04-28,0.0,35.09
11.0,11,11,False,HK.01888,01888,2026-04-29,0.0,36.97
11.0,11,11,False,HK.01888,01888,2026-04-30,-0.075737,34.17
11.0,11,11,False,HK.01888,01888,2026-05-04,-0.006492,36.73
11.0,11,11,False,HK.01888,01888,2026-05-05,-0.040573,35.47
11.0,11,11,False,HK.01888,01888,2026-05-06,0.0,37.63
11.0,11,11,False,HK.01888,01888,2026-05-07,0.0,40.69
11.0,11,11,False,HK.01888,01888,2026-05-08,0.0,42.75
11.0,11,11,False,HK.01888,01888,2026-05-11,0.0,43.43
11.0,11,11,False,HK.01888,01888,2026-05-12,0.0,43.95
11.0,11,11,False,HK.01888,01888,2026-05-13,0.0,46.43
11.0,11,11,False,HK.01888,01888,2026-05-14,-0.037476,44.69
11.0,11,11,False,HK.01888,01888,2026-05-15,-0.109412,41.35
11.0,11,11,False,HK.01888,01888,2026-05-18,-0.087013,42.39
11.0,11,11,False,HK.01888,01888,2026-05-19,-0.081844,42.63
11.0,11,11,False,HK.01888,01888,2026-05-20,-0.029291,45.07
11.0,11,11,False,HK.01888,01888,2026-05-21,-0.055137,43.87
11.0,11,11,False,HK.01888,01888,2026-05-22,0.0,50.57
11.0,11,11,False,HK.01888,01888,2026-05-26,0.0,53.67
11.0,11,11,False,HK.01888,01888,2026-05-27,0.0,54.02
11.0,11,11,False,HK.01888,01888,2026-05-28,0.0,55.97
11.0,11,11,False,HK.01888,01888,2026-05-29,-0.033947,54.07
11.0,11,11,False,HK.01888,01888,2026-06-01,-0.161872,46.91
11.0,11,11,False,HK.01888,01888,2026-06-02,-0.12471,48.99
11.0,11,11,False,HK.01888,01888,2026-06-03,-0.0402,53.72
11.0,11,11,False,HK.01888,01888,2026-06-04,-0.03752,53.87
11.0,11,11,False,HK.01888,01888,2026-06-05,-0.117563,49.39
11.0,11,11,False,HK.01888,01888,2026-06-08,-0.009827,55.42
11.0,11,11,False,HK.01888,01888,2026-06-09,0.0,62.47
11.0,11,11,False,HK.01888,01888,2026-06-10,-0.028814,60.67
11.0,11,11,False,HK.01888,01888,2026-06-11,0.0,67.2
11.0,11,11,False,HK.01888,01888,2026-06-12,-0.02381,65.6
11.0,11,11,False,HK.01888,01888,2026-06-15,0.0,80.2
11.0,11,11,False,HK.01888,01888,2026-06-16,0.0,85.9
11.0,11,11,False,HK.01888,01888,2026-06-17,0.0,88.55
11.0,11,11,False,HK.01888,01888,2026-06-18,0.0,91.85
11.0,11,11,False,HK.01888,01888,2026-06-22,0.0,91.95
11.0,11,11,False,HK.01888,01888,2026-06-23,-0.051115,87.25
11.0,11,11,False,HK.01888,01888,2026-06-24,0.0,93.55
11.0,11,11,False,HK.01888,01888,2026-06-25,0.0,104.2
11.0,11,11,False,HK.01888,01888,2026-06-26,-0.054223,98.55
11.0,11,11,False,HK.01888,01888,2026-06-29,-0.075816,96.3
11.0,11,11,False,HK.01888,01888,2026-06-30,-0.048464,99.15
11.0,11,11,False,HK.01888,01888,2026-07-02,-0.195777,83.8
11.0,11,11,False,HK.01888,01888,2026-07-03,-0.189539,84.45
11.0,11,11,False,HK.01888,01888,2026-07-06,-0.291267,73.85
11.0,11,11,False,HK.01888,01888,2026-07-07,-0.328215,70.0
11.0,11,11,False,HK.01888,01888,2026-07-08,-0.359405,66.75
11.0,11,11,False,HK.01888,01888,2026-07-09,-0.350288,67.7
11.0,11,11,False,HK.01888,01888,2026-07-10,-0.397313,62.8
11.0,11,11,False,HK.01888,01888,2026-07-13,-0.510077,51.05
11.0,11,11,False,HK.01888,01888,2026-07-14,-0.440499,58.3
11.0,11,11,False,HK.01888,01888,2026-07-15,-0.458733,56.4
11.0,11,11,False,HK.01888,01888,2026-07-16,-0.530134,48.96
11.0,11,11,False,HK.01888,01888,2026-07-17,-0.597121,41.98
11.0,11,11,False,HK.01888,01888,2026-07-20,-0.59405,42.3
11.0,11,11,False,HK.01888,01888,2026-07-21,-0.543954,47.52
11.0,11,11,False,HK.01888,01888,2026-07-22,-0.613628,40.26
11.0,11,11,False,HK.01888,01888,2026-07-23,-0.609405,40.7
11.0,11,11,False,HK.01888,01888,2026-07-24,-0.638004,37.72
11.0,11,11,False,HK.01888,01888,2026-07-27,-0.614395,40.18
11.0,11,11,False,HK.01888,01888,2026-07-28,-0.6762,33.74
11.0,11,11,False,HK.01888,01888,2026-07-29,-0.697313,31.54
11.0,11,11,False,HK.01888,01888,2026-07-30,-0.720345,29.14
11.0,11,11,False,HK.01888,01888,2026-07-31,-0.717658,29.42
11.0,11,11,False,HK.01888,01888,2026-08-03,-0.712092,30.0
11.0,11,11,False,HK.01888,01888,2026-08-04,-0.701344,31.12
11.0,11,11,False,HK.01888,01888,2026-08-05,-0.670633,34.32
11.0,11,11,False,HK.01888,01888,2026-08-06,-0.665067,34.9
11.0,11,11,False,HK.01888,01888,2026-08-07,-0.631862,38.36
11.0,11,11,False,HK.01888,01888,2026-08-10,-0.657198,35.72
11.0,11,11,False,HK.01888,01888,2026-08-11,-0.664491,34.96
11.0,11,11,False,HK.01888,01888,2026-08-12,-0.628599,38.7
11.0,11,11,False,HK.01888,01888,2026-08-13,-0.62975,38.58
11.0,11,11,False,HK.01888,01888,2026-08-14,-0.629559,38.6
11.0,11,11,False,HK.01888,01888,2026-08-17,-0.595777,42.12
11.0,11,11,False,HK.01888,01888,2026-08-18,-0.628599,38.7
11.0,11,11,False,HK.01888,01888,2026-08-19,-0.652207,36.24
11.0,11,11,False,HK.01888,01888,2026-08-20,-0.655086,35.94
11.0,11,11,False,HK.01888,01888,2026-08-21,-0.642226,37.28
11.0,11,11,False,HK.01888,01888,2026-08-24,-0.663148,35.1
11.0,11,11,False,HK.01888,01888,2026-08-25,-0.616699,39.94
11.0,11,11,False,HK.01888,01888,2026-08-26,-0.618426,39.76
11.0,11,11,False,HK.01888,01888,2026-08-27,-0.578311,43.94
11.0,11,11,False,HK.01888,01888,2026-08-28,-0.566603,45.16
11.0,11,11,False,HK.01888,01888,2026-08-31,-0.554894,46.38
11.0,11,11,False,HK.01888,01888,2026-09-01,-0.579655,43.8
11.0,11,11,False,HK.01888,01888,2026-09-02,-0.565835,45.24
11.0,11,11,False,HK.01888,01888,2026-09-03,-0.552015,46.68
11.0,11,11,False,HK.01888,01888,2026-09-04,-0.575624,44.22
11.0,11,11,False,HK.01888,01888,2026-09-07,-0.542418,47.68
11.0,11,11,False,HK.01888,01888,2026-09-08,-0.560269,45.82
12.0,12,12,False,US.NBIS,NBIS,2024-10-21,0.0,20.0
12.0,12,12,False,US.NBIS,NBIS,2024-10-22,-0.0635,18.73
12.0,12,12,False,US.NBIS,NBIS,2024-10-23,-0.142,17.16
12.0,12,12,False,US.NBIS,NBIS,2024-10-24,-0.1185,17.63
12.0,12,12,False,US.NBIS,NBIS,2024-10-25,-0.0215,19.57
12.0,12,12,False,US.NBIS,NBIS,2024-10-28,0.0,23.75
12.0,12,12,False,US.NBIS,NBIS,2024-10-29,-0.004211,23.65
12.0,12,12,False,US.NBIS,NBIS,2024-10-30,-0.071158,22.06
12.0,12,12,False,US.NBIS,NBIS,2024-10-31,-0.099789,21.38
12.0,12,12,False,US.NBIS,NBIS,2024-11-01,-0.152,20.14
12.0,12,12,False,US.NBIS,NBIS,2024-11-04,-0.126316,20.75
12.0,12,12,False,US.NBIS,NBIS,2024-11-05,-0.2,19.0
12.0,12,12,False,US.NBIS,NBIS,2024-11-06,-0.187368,19.3
12.0,12,12,False,US.NBIS,NBIS,2024-11-07,-0.129263,20.68
12.0,12,12,False,US.NBIS,NBIS,2024-11-08,-0.161263,19.92
12.0,12,12,False,US.NBIS,NBIS,2024-11-11,-0.118316,20.94
12.0,12,12,False,US.NBIS,NBIS,2024-11-12,-0.174737,19.6
12.0,12,12,False,US.NBIS,NBIS,2024-11-13,-0.218105,18.57
12.0,12,12,False,US.NBIS,NBIS,2024-11-14,-0.238316,18.09
12.0,12,12,False,US.NBIS,NBIS,2024-11-15,-0.258947,17.6
12.0,12,12,False,US.NBIS,NBIS,2024-11-18,-0.220211,18.52
12.0,12,12,False,US.NBIS,NBIS,2024-11-19,-0.130526,20.65
12.0,12,12,False,US.NBIS,NBIS,2024-11-20,-0.133474,20.58
12.0,12,12,False,US.NBIS,NBIS,2024-11-21,-0.073684,22.0
12.0,12,12,False,US.NBIS,NBIS,2024-11-22,-0.010947,23.49
12.0,12,12,False,US.NBIS,NBIS,2024-11-25,-0.010947,23.49
12.0,12,12,False,US.NBIS,NBIS,2024-11-26,-0.068632,22.12
12.0,12,12,False,US.NBIS,NBIS,2024-11-27,-0.097684,21.43
12.0,12,12,False,US.NBIS,NBIS,2024-11-29,-0.074105,21.99
12.0,12,12,False,US.NBIS,NBIS,2024-12-02,0.0,25.75
12.0,12,12,False,US.NBIS,NBIS,2024-12-03,0.0,29.33
12.0,12,12,False,US.NBIS,NBIS,2024-12-04,0.0,32.31
12.0,12,12,False,US.NBIS,NBIS,2024-12-05,-0.035593,31.16
12.0,12,12,False,US.NBIS,NBIS,2024-12-06,0.0,36.77
12.0,12,12,False,US.NBIS,NBIS,2024-12-09,-0.130813,31.96
12.0,12,12,False,US.NBIS,NBIS,2024-12-10,-0.083492,33.7
12.0,12,12,False,US.NBIS,NBIS,2024-12-11,-0.108512,32.78
12.0,12,12,False,US.NBIS,NBIS,2024-12-12,-0.147947,31.33
12.0,12,12,False,US.NBIS,NBIS,2024-12-13,-0.16372,30.75
12.0,12,12,False,US.NBIS,NBIS,2024-12-16,-0.091651,33.4
12.0,12,12,False,US.NBIS,NBIS,2024-12-17,-0.202067,29.34
12.0,12,12,False,US.NBIS,NBIS,2024-12-18,-0.263258,27.09
12.0,12,12,False,US.NBIS,NBIS,2024-12-19,-0.264346,27.05
12.0,12,12,False,US.NBIS,NBIS,2024-12-20,-0.273593,26.71
12.0,12,12,False,US.NBIS,NBIS,2024-12-23,-0.221104,28.64
12.0,12,12,False,US.NBIS,NBIS,2024-12-24,-0.231847,28.245
12.0,12,12,False,US.NBIS,NBIS,2024-12-26,-0.236878,28.06
12.0,12,12,False,US.NBIS,NBIS,2024-12-27,-0.257275,27.31
12.0,12,12,False,US.NBIS,NBIS,2024-12-30,-0.267881,26.92
12.0,12,12,False,US.NBIS,NBIS,2024-12-31,-0.246668,27.7
12.0,12,12,False,US.NBIS,NBIS,2025-01-02,-0.170247,30.51
12.0,12,12,False,US.NBIS,NBIS,2025-01-03,-0.152026,31.18
12.0,12,12,False,US.NBIS,NBIS,2025-01-06,-0.150938,31.22
12.0,12,12,False,US.NBIS,NBIS,2025-01-07,-0.142236,31.54
12.0,12,12,False,US.NBIS,NBIS,2025-01-08,-0.163992,30.74
12.0,12,12,False,US.NBIS,NBIS,2025-01-10,-0.097634,33.18
12.0,12,12,False,US.NBIS,NBIS,2025-01-13,-0.028556,35.72
12.0,12,12,False,US.NBIS,NBIS,2025-01-14,0.0,36.89
12.0,12,12,False,US.NBIS,NBIS,2025-01-15,0.0,37.02
12.0,12,12,False,US.NBIS,NBIS,2025-01-16,0.0,37.59
12.0,12,12,False,US.NBIS,NBIS,2025-01-17,-0.041234,36.04
12.0,12,12,False,US.NBIS,NBIS,2025-01-21,0.0,37.6
12.0,12,12,False,US.NBIS,NBIS,2025-01-22,0.0,39.52
12.0,12,12,False,US.NBIS,NBIS,2025-01-23,-0.022267,38.64
12.0,12,12,False,US.NBIS,NBIS,2025-01-24,0.0,41.69
12.0,12,12,False,US.NBIS,NBIS,2025-01-27,-0.37443,26.08
12.0,12,12,False,US.NBIS,NBIS,2025-01-28,-0.278244,30.09
12.0,12,12,False,US.NBIS,NBIS,2025-01-29,-0.286879,29.73
12.0,12,12,False,US.NBIS,NBIS,2025-01-30,-0.237227,31.8
12.0,12,12,False,US.NBIS,NBIS,2025-01-31,-0.216599,32.66
12.0,12,12,False,US.NBIS,NBIS,2025-02-03,-0.201007,33.31
12.0,12,12,False,US.NBIS,NBIS,2025-02-04,-0.172463,34.5
12.0,12,12,False,US.NBIS,NBIS,2025-02-05,-0.186136,33.93
12.0,12,12,False,US.NBIS,NBIS,2025-02-06,-0.171264,34.55
12.0,12,12,False,US.NBIS,NBIS,2025-02-07,-0.085392,38.13
12.0,12,12,False,US.NBIS,NBIS,2025-02-10,-0.01727,40.97
12.0,12,12,False,US.NBIS,NBIS,2025-02-11,-0.006476,41.42
12.0,12,12,False,US.NBIS,NBIS,2025-02-12,-0.057328,39.3
12.0,12,12,False,US.NBIS,NBIS,2025-02-13,0.0,41.7
12.0,12,12,False,US.NBIS,NBIS,2025-02-14,0.0,44.49
12.0,12,12,False,US.NBIS,NBIS,2025-02-18,0.0,48.07
12.0,12,12,False,US.NBIS,NBIS,2025-02-19,-0.067402,44.83
12.0,12,12,False,US.NBIS,NBIS,2025-02-20,-0.037861,46.25
12.0,12,12,False,US.NBIS,NBIS,2025-02-21,-0.171313,39.835
12.0,12,12,False,US.NBIS,NBIS,2025-02-24,-0.246515,36.22
12.0,12,12,False,US.NBIS,NBIS,2025-02-25,-0.28833,34.21
12.0,12,12,False,US.NBIS,NBIS,2025-02-26,-0.251508,35.98
12.0,12,12,False,US.NBIS,NBIS,2025-02-27,-0.333264,32.05
12.0,12,12,False,US.NBIS,NBIS,2025-02-28,-0.324111,32.49
12.0,12,12,False,US.NBIS,NBIS,2025-03-03,-0.415436,28.1
12.0,12,12,False,US.NBIS,NBIS,2025-03-04,-0.384023,29.61
12.0,12,12,False,US.NBIS,NBIS,2025-03-05,-0.372374,30.17
12.0,12,12,False,US.NBIS,NBIS,2025-03-06,-0.44248,26.8
12.0,12,12,False,US.NBIS,NBIS,2025-03-07,-0.417724,27.99
12.0,12,12,False,US.NBIS,NBIS,2025-03-10,-0.454753,26.21
12.0,12,12,False,US.NBIS,NBIS,2025-03-11,-0.470564,25.45
12.0,12,12,False,US.NBIS,NBIS,2025-03-12,-0.409195,28.4
12.0,12,12,False,US.NBIS,NBIS,2025-03-13,-0.455586,26.17
12.0,12,12,False,US.NBIS,NBIS,2025-03-14,-0.401914,28.75
12.0,12,12,False,US.NBIS,NBIS,2025-03-17,-0.411483,28.29
12.0,12,12,False,US.NBIS,NBIS,2025-03-18,-0.465987,25.67
12.0,12,12,False,US.NBIS,NBIS,2025-03-19,-0.426253,27.58
12.0,12,12,False,US.NBIS,NBIS,2025-03-20,-0.455482,26.175
12.0,12,12,False,US.NBIS,NBIS,2025-03-21,-0.438735,26.98
12.0,12,12,False,US.NBIS,NBIS,2025-03-24,-0.392761,29.19
12.0,12,12,False,US.NBIS,NBIS,2025-03-25,-0.434783,27.17
12.0,12,12,False,US.NBIS,NBIS,2025-03-26,-0.485958,24.71
12.0,12,12,False,US.NBIS,NBIS,2025-03-27,-0.471396,25.41
12.0,12,12,False,US.NBIS,NBIS,2025-03-28,-0.535885,22.31
12.0,12,12,False,US.NBIS,NBIS,2025-03-31,-0.560849,21.11
12.0,12,12,False,US.NBIS,NBIS,2025-04-01,-0.52798,22.69
12.0,12,12,False,US.NBIS,NBIS,2025-04-02,-0.491367,24.45
12.0,12,12,False,US.NBIS,NBIS,2025-04-03,-0.547119,21.77
12.0,12,12,False,US.NBIS,NBIS,2025-04-04,-0.577907,20.29
12.0,12,12,False,US.NBIS,NBIS,2025-04-07,-0.562097,21.05
12.0,12,12,False,US.NBIS,NBIS,2025-04-08,-0.582692,20.06
12.0,12,12,False,US.NBIS,NBIS,2025-04-09,-0.511962,23.46
12.0,12,12,False,US.NBIS,NBIS,2025-04-10,-0.562305,21.04
12.0,12,12,False,US.NBIS,NBIS,2025-04-11,-0.552528,21.51
12.0,12,12,False,US.NBIS,NBIS,2025-04-14,-0.568754,20.73
12.0,12,12,False,US.NBIS,NBIS,2025-04-15,-0.556272,21.33
12.0,12,12,False,US.NBIS,NBIS,2025-04-16,-0.561473,21.08
12.0,12,12,False,US.NBIS,NBIS,2025-04-17,-0.552112,21.53
12.0,12,12,False,US.NBIS,NBIS,2025-04-21,-0.568962,20.72
12.0,12,12,False,US.NBIS,NBIS,2025-04-22,-0.545247,21.86
12.0,12,12,False,US.NBIS,NBIS,2025-04-23,-0.522363,22.96
12.0,12,12,False,US.NBIS,NBIS,2025-04-24,-0.491159,24.46
12.0,12,12,False,US.NBIS,NBIS,2025-04-25,-0.490743,24.48
12.0,12,12,False,US.NBIS,NBIS,2025-04-28,-0.49844,24.11
12.0,12,12,False,US.NBIS,NBIS,2025-04-29,-0.503641,23.86
12.0,12,12,False,US.NBIS,NBIS,2025-04-30,-0.527148,22.73
12.0,12,12,False,US.NBIS,NBIS,2025-05-01,-0.502288,23.925
12.0,12,12,False,US.NBIS,NBIS,2025-05-02,-0.471604,25.4
12.0,12,12,False,US.NBIS,NBIS,2025-05-05,-0.504889,23.8
12.0,12,12,False,US.NBIS,NBIS,2025-05-06,-0.479093,25.04
12.0,12,12,False,US.NBIS,NBIS,2025-05-07,-0.428958,27.45
12.0,12,12,False,US.NBIS,NBIS,2025-05-08,-0.412939,28.22
12.0,12,12,False,US.NBIS,NBIS,2025-05-09,-0.411899,28.27
12.0,12,12,False,US.NBIS,NBIS,2025-05-12,-0.306428,33.34
12.0,12,12,False,US.NBIS,NBIS,2025-05-13,-0.266278,35.27
12.0,12,12,False,US.NBIS,NBIS,2025-05-14,-0.248596,36.12
12.0,12,12,False,US.NBIS,NBIS,2025-05-15,-0.255461,35.79
12.0,12,12,False,US.NBIS,NBIS,2025-05-16,-0.223632,37.32
12.0,12,12,False,US.NBIS,NBIS,2025-05-19,-0.218639,37.56
12.0,12,12,False,US.NBIS,NBIS,2025-05-20,-0.185771,39.14
12.0,12,12,False,US.NBIS,NBIS,2025-05-21,-0.190347,38.92
12.0,12,12,False,US.NBIS,NBIS,2025-05-22,-0.213647,37.8
12.0,12,12,False,US.NBIS,NBIS,2025-05-23,-0.197212,38.59
12.0,12,12,False,US.NBIS,NBIS,2025-05-27,-0.171625,39.82
12.0,12,12,False,US.NBIS,NBIS,2025-05-28,-0.176201,39.6
12.0,12,12,False,US.NBIS,NBIS,2025-05-29,-0.208654,38.04
12.0,12,12,False,US.NBIS,NBIS,2025-05-30,-0.23549,36.75
12.0,12,12,False,US.NBIS,NBIS,2025-06-02,-0.250676,36.02
12.0,12,12,False,US.NBIS,NBIS,2025-06-03,-0.224672,37.27
12.0,12,12,False,US.NBIS,NBIS,2025-06-04,-0.18057,39.39
12.0,12,12,False,US.NBIS,NBIS,2025-06-05,-0.036821,46.3
12.0,12,12,False,US.NBIS,NBIS,2025-06-06,0.0,48.28
12.0,12,12,False,US.NBIS,NBIS,2025-06-09,0.0,52.58
12.0,12,12,False,US.NBIS,NBIS,2025-06-10,-0.001331,52.51
12.0,12,12,False,US.NBIS,NBIS,2025-06-11,-0.038227,50.57
12.0,12,12,False,US.NBIS,NBIS,2025-06-12,-0.043743,50.28
12.0,12,12,False,US.NBIS,NBIS,2025-06-13,-0.103652,47.13
12.0,12,12,False,US.NBIS,NBIS,2025-06-16,-0.04032,50.46
12.0,12,12,False,US.NBIS,NBIS,2025-06-17,-0.080829,48.33
12.0,12,12,False,US.NBIS,NBIS,2025-06-18,-0.081019,48.32
12.0,12,12,False,US.NBIS,NBIS,2025-06-20,-0.087676,47.97
12.0,12,12,False,US.NBIS,NBIS,2025-06-23,-0.096995,47.48
12.0,12,12,False,US.NBIS,NBIS,2025-06-24,-0.029669,51.02
12.0,12,12,False,US.NBIS,NBIS,2025-06-25,-0.077216,48.52
12.0,12,12,False,US.NBIS,NBIS,2025-06-26,0.0,52.6
12.0,12,12,False,US.NBIS,NBIS,2025-06-27,-0.014449,51.84
12.0,12,12,False,US.NBIS,NBIS,2025-06-30,0.0,55.33
12.0,12,12,False,US.NBIS,NBIS,2025-07-01,-0.090728,50.31
12.0,12,12,False,US.NBIS,NBIS,2025-07-02,-0.096873,49.97
12.0,12,12,False,US.NBIS,NBIS,2025-07-03,-0.091813,50.25
12.0,12,12,False,US.NBIS,NBIS,2025-07-07,-0.13537,47.84
12.0,12,12,False,US.NBIS,NBIS,2025-07-08,-0.148744,47.1
12.0,12,12,False,US.NBIS,NBIS,2025-07-09,-0.167721,46.05
12.0,12,12,False,US.NBIS,NBIS,2025-07-10,-0.160853,46.43
12.0,12,12,False,US.NBIS,NBIS,2025-07-11,-0.199349,44.3
12.0,12,12,False,US.NBIS,NBIS,2025-07-14,-0.061088,51.95
12.0,12,12,False,US.NBIS,NBIS,2025-07-15,-0.032532,53.53
12.0,12,12,False,US.NBIS,NBIS,2025-07-16,-0.036508,53.31
12.0,12,12,False,US.NBIS,NBIS,2025-07-17,-0.02964,53.69
12.0,12,12,False,US.NBIS,NBIS,2025-07-18,-0.045906,52.79
12.0,12,12,False,US.NBIS,NBIS,2025-07-21,-0.053497,52.37
12.0,12,12,False,US.NBIS,NBIS,2025-07-22,-0.078077,51.01
12.0,12,12,False,US.NBIS,NBIS,2025-07-23,-0.062353,51.88
12.0,12,12,False,US.NBIS,NBIS,2025-07-24,-0.057293,52.16
12.0,12,12,False,US.NBIS,NBIS,2025-07-25,-0.071571,51.37
12.0,12,12,False,US.NBIS,NBIS,2025-07-28,-0.046629,52.75
12.0,12,12,False,US.NBIS,NBIS,2025-07-29,-0.089102,50.4
12.0,12,12,False,US.NBIS,NBIS,2025-07-30,-0.073016,51.29
12.0,12,12,False,US.NBIS,NBIS,2025-07-31,-0.016266,54.43
12.0,12,12,False,US.NBIS,NBIS,2025-08-01,-0.060184,52.0
12.0,12,12,False,US.NBIS,NBIS,2025-08-04,-0.020965,54.17
12.0,12,12,False,US.NBIS,NBIS,2025-08-05,-0.002892,55.17
12.0,12,12,False,US.NBIS,NBIS,2025-08-06,-0.004338,55.09
12.0,12,12,False,US.NBIS,NBIS,2025-08-07,0.0,65.31
12.0,12,12,False,US.NBIS,NBIS,2025-08-08,0.0,68.78
12.0,12,12,False,US.NBIS,NBIS,2025-08-11,0.0,70.24
12.0,12,12,False,US.NBIS,NBIS,2025-08-12,0.0,75.33
12.0,12,12,False,US.NBIS,NBIS,2025-08-13,-0.062392,70.63
12.0,12,12,False,US.NBIS,NBIS,2025-08-14,-0.091199,68.46
12.0,12,12,False,US.NBIS,NBIS,2025-08-15,-0.04925,71.62
12.0,12,12,False,US.NBIS,NBIS,2025-08-18,-0.037037,72.54
12.0,12,12,False,US.NBIS,NBIS,2025-08-19,-0.108058,67.19
12.0,12,12,False,US.NBIS,NBIS,2025-08-20,-0.104341,67.47
12.0,12,12,False,US.NBIS,NBIS,2025-08-21,-0.121466,66.18
12.0,12,12,False,US.NBIS,NBIS,2025-08-22,-0.084296,68.98
12.0,12,12,False,US.NBIS,NBIS,2025-08-25,-0.07049,70.02
12.0,12,12,False,US.NBIS,NBIS,2025-08-26,-0.064383,70.48
12.0,12,12,False,US.NBIS,NBIS,2025-08-27,-0.069428,70.1
12.0,12,12,False,US.NBIS,NBIS,2025-08-28,-0.043674,72.04
12.0,12,12,False,US.NBIS,NBIS,2025-08-29,-0.093057,68.32
12.0,12,12,False,US.NBIS,NBIS,2025-09-02,-0.127572,65.72
12.0,12,12,False,US.NBIS,NBIS,2025-09-03,-0.128501,65.65
12.0,12,12,False,US.NBIS,NBIS,2025-09-04,-0.138325,64.91
12.0,12,12,False,US.NBIS,NBIS,2025-09-05,-0.130891,65.47
12.0,12,12,False,US.NBIS,NBIS,2025-09-08,-0.149608,64.06
12.0,12,12,False,US.NBIS,NBIS,2025-09-09,0.0,95.72
12.0,12,12,False,US.NBIS,NBIS,2025-09-10,-0.024342,93.39
12.0,12,12,False,US.NBIS,NBIS,2025-09-11,-0.06822,89.19
12.0,12,12,False,US.NBIS,NBIS,2025-09-12,-0.055474,90.41
12.0,12,12,False,US.NBIS,NBIS,2025-09-15,-0.049728,90.96
12.0,12,12,False,US.NBIS,NBIS,2025-09-16,-0.065712,89.43
12.0,12,12,False,US.NBIS,NBIS,2025-09-17,-0.017133,94.08
12.0,12,12,False,US.NBIS,NBIS,2025-09-18,-0.016715,94.12
12.0,12,12,False,US.NBIS,NBIS,2025-09-19,0.0,99.31
12.0,12,12,False,US.NBIS,NBIS,2025-09-22,0.0,106.6
12.0,12,12,False,US.NBIS,NBIS,2025-09-23,0.0,107.8
12.0,12,12,False,US.NBIS,NBIS,2025-09-24,0.0,113.23
12.0,12,12,False,US.NBIS,NBIS,2025-09-25,-0.046719,107.94
12.0,12,12,False,US.NBIS,NBIS,2025-09-26,-0.048839,107.7
12.0,12,12,False,US.NBIS,NBIS,2025-09-29,-0.026583,110.22
12.0,12,12,False,US.NBIS,NBIS,2025-09-30,-0.008478,112.27
12.0,12,12,False,US.NBIS,NBIS,2025-10-01,0.0,115.61
12.0,12,12,False,US.NBIS,NBIS,2025-10-02,0.0,125.87
12.0,12,12,False,US.NBIS,NBIS,2025-10-03,0.0,127.98
12.0,12,12,False,US.NBIS,NBIS,2025-10-06,-0.023754,124.94
12.0,12,12,False,US.NBIS,NBIS,2025-10-07,-0.080325,117.7
12.0,12,12,False,US.NBIS,NBIS,2025-10-08,-0.046726,122.0
12.0,12,12,False,US.NBIS,NBIS,2025-10-09,0.0,132.64
12.0,12,12,False,US.NBIS,NBIS,2025-10-10,-0.02307,129.58
12.0,12,12,False,US.NBIS,NBIS,2025-10-13,0.0,135.46
12.0,12,12,False,US.NBIS,NBIS,2025-10-14,-0.053964,128.15
12.0,12,12,False,US.NBIS,NBIS,2025-10-15,-0.071091,125.83
12.0,12,12,False,US.NBIS,NBIS,2025-10-16,-0.091688,123.04
12.0,12,12,False,US.NBIS,NBIS,2025-10-17,-0.162557,113.44
12.0,12,12,False,US.NBIS,NBIS,2025-10-20,-0.195334,109.0
12.0,12,12,False,US.NBIS,NBIS,2025-10-21,-0.230179,104.28
12.0,12,12,False,US.NBIS,NBIS,2025-10-22,-0.271962,98.62
12.0,12,12,False,US.NBIS,NBIS,2025-10-23,-0.2163,106.16
12.0,12,12,False,US.NBIS,NBIS,2025-10-24,-0.134357,117.26
12.0,12,12,False,US.NBIS,NBIS,2025-10-27,-0.074044,125.43
12.0,12,12,False,US.NBIS,NBIS,2025-10-28,-0.10062,121.83
12.0,12,12,False,US.NBIS,NBIS,2025-10-29,-0.07648,125.1
12.0,12,12,False,US.NBIS,NBIS,2025-10-30,-0.083272,124.18
12.0,12,12,False,US.NBIS,NBIS,2025-10-31,-0.034254,130.82
12.0,12,12,False,US.NBIS,NBIS,2025-11-03,-0.11066,120.47
12.0,12,12,False,US.NBIS,NBIS,2025-11-04,-0.183966,110.54
12.0,12,12,False,US.NBIS,NBIS,2025-11-05,-0.136276,117.0
12.0,12,12,False,US.NBIS,NBIS,2025-11-06,-0.192086,109.44
12.0,12,12,False,US.NBIS,NBIS,2025-11-07,-0.178503,111.28
12.0,12,12,False,US.NBIS,NBIS,2025-11-10,-0.188321,109.95
12.0,12,12,False,US.NBIS,NBIS,2025-11-11,-0.245386,102.22
12.0,12,12,False,US.NBIS,NBIS,2025-11-12,-0.303411,94.36
12.0,12,12,False,US.NBIS,NBIS,2025-11-13,-0.345711,88.63
12.0,12,12,False,US.NBIS,NBIS,2025-11-14,-0.383287,83.54
12.0,12,12,False,US.NBIS,NBIS,2025-11-17,-0.365274,85.98
12.0,12,12,False,US.NBIS,NBIS,2025-11-18,-0.331611,90.54
12.0,12,12,False,US.NBIS,NBIS,2025-11-19,-0.298169,95.07
12.0,12,12,False,US.NBIS,NBIS,2025-11-20,-0.375166,84.64
12.0,12,12,False,US.NBIS,NBIS,2025-11-21,-0.385354,83.26
12.0,12,12,False,US.NBIS,NBIS,2025-11-24,-0.321571,91.9
12.0,12,12,False,US.NBIS,NBIS,2025-11-25,-0.343865,88.88
12.0,12,12,False,US.NBIS,NBIS,2025-11-26,-0.300974,94.69
12.0,12,12,False,US.NBIS,NBIS,2025-11-28,-0.299646,94.87
12.0,12,12,False,US.NBIS,NBIS,2025-12-01,-0.260667,100.15
12.0,12,12,False,US.NBIS,NBIS,2025-12-02,-0.287982,96.45
12.0,12,12,False,US.NBIS,NBIS,2025-12-03,-0.269748,98.92
12.0,12,12,False,US.NBIS,NBIS,2025-12-04,-0.241104,102.8
12.0,12,12,False,US.NBIS,NBIS,2025-12-05,-0.276244,98.04
12.0,12,12,False,US.NBIS,NBIS,2025-12-08,-0.259339,100.33
12.0,12,12,False,US.NBIS,NBIS,2025-12-09,-0.288277,96.41
12.0,12,12,False,US.NBIS,NBIS,2025-12-10,-0.309095,93.59
12.0,12,12,False,US.NBIS,NBIS,2025-12-11,-0.304001,94.28
12.0,12,12,False,US.NBIS,NBIS,2025-12-12,-0.35265,87.69
12.0,12,12,False,US.NBIS,NBIS,2025-12-15,-0.401004,81.14
12.0,12,12,False,US.NBIS,NBIS,2025-12-16,-0.402407,80.95
12.0,12,12,False,US.NBIS,NBIS,2025-12-17,-0.443009,75.45
12.0,12,12,False,US.NBIS,NBIS,2025-12-18,-0.42352,78.09
12.0,12,12,False,US.NBIS,NBIS,2025-12-19,-0.339584,89.46
12.0,12,12,False,US.NBIS,NBIS,2025-12-22,-0.311753,93.23
12.0,12,12,False,US.NBIS,NBIS,2025-12-23,-0.335376,90.03
12.0,12,12,False,US.NBIS,NBIS,2025-12-24,-0.327255,91.13
12.0,12,12,False,US.NBIS,NBIS,2025-12-26,-0.353388,87.59
12.0,12,12,False,US.NBIS,NBIS,2025-12-29,-0.364831,86.04
12.0,12,12,False,US.NBIS,NBIS,2025-12-30,-0.371254,85.17
12.0,12,12,False,US.NBIS,NBIS,2025-12-31,-0.382069,83.705
12.0,12,12,False,US.NBIS,NBIS,2026-01-02,-0.335966,89.95
12.0,12,12,False,US.NBIS,NBIS,2026-01-05,-0.314705,92.83
12.0,12,12,False,US.NBIS,NBIS,2026-01-06,-0.260003,100.24
12.0,12,12,False,US.NBIS,NBIS,2026-01-07,-0.289753,96.21
12.0,12,12,False,US.NBIS,NBIS,2026-01-08,-0.281707,97.3
12.0,12,12,False,US.NBIS,NBIS,2026-01-09,-0.277056,97.93
12.0,12,12,False,US.NBIS,NBIS,2026-01-12,-0.207663,107.33
12.0,12,12,False,US.NBIS,NBIS,2026-01-13,-0.221689,105.43
12.0,12,12,False,US.NBIS,NBIS,2026-01-14,-0.247158,101.98
12.0,12,12,False,US.NBIS,NBIS,2026-01-15,-0.233095,103.885
12.0,12,12,False,US.NBIS,NBIS,2026-01-16,-0.197328,108.73
12.0,12,12,False,US.NBIS,NBIS,2026-01-20,-0.267016,99.29
12.0,12,12,False,US.NBIS,NBIS,2026-01-21,-0.270117,98.87
12.0,12,12,False,US.NBIS,NBIS,2026-01-22,-0.285029,96.85
12.0,12,12,False,US.NBIS,NBIS,2026-01-23,-0.302377,94.5
12.0,12,12,False,US.NBIS,NBIS,2026-01-26,-0.324819,91.46
12.0,12,12,False,US.NBIS,NBIS,2026-01-27,-0.277499,97.87
12.0,12,12,False,US.NBIS,NBIS,2026-01-28,-0.2586,100.43
12.0,12,12,False,US.NBIS,NBIS,2026-01-29,-0.29935,94.91
12.0,12,12,False,US.NBIS,NBIS,2026-01-30,-0.371106,85.19
12.0,12,12,False,US.NBIS,NBIS,2026-02-02,-0.349181,88.16
12.0,12,12,False,US.NBIS,NBIS,2026-02-03,-0.335966,89.95
12.0,12,12,False,US.NBIS,NBIS,2026-02-04,-0.391776,82.39
12.0,12,12,False,US.NBIS,NBIS,2026-02-05,-0.454673,73.87
12.0,12,12,False,US.NBIS,NBIS,2026-02-06,-0.364388,86.1
12.0,12,12,False,US.NBIS,NBIS,2026-02-09,-0.314336,92.88
12.0,12,12,False,US.NBIS,NBIS,2026-02-10,-0.322383,91.79
12.0,12,12,False,US.NBIS,NBIS,2026-02-11,-0.345859,88.61
12.0,12,12,False,US.NBIS,NBIS,2026-02-12,-0.33759,89.73
12.0,12,12,False,US.NBIS,NBIS,2026-02-13,-0.276465,98.01
12.0,12,12,False,US.NBIS,NBIS,2026-02-17,-0.280083,97.52
12.0,12,12,False,US.NBIS,NBIS,2026-02-18,-0.248487,101.8
12.0,12,12,False,US.NBIS,NBIS,2026-02-19,-0.205596,107.61
12.0,12,12,False,US.NBIS,NBIS,2026-02-20,-0.27713,97.92
12.0,12,12,False,US.NBIS,NBIS,2026-02-23,-0.257272,100.61
12.0,12,12,False,US.NBIS,NBIS,2026-02-24,-0.242728,102.58
12.0,12,12,False,US.NBIS,NBIS,2026-02-25,-0.216595,106.12
12.0,12,12,False,US.NBIS,NBIS,2026-02-26,-0.225749,104.88
12.0,12,12,False,US.NBIS,NBIS,2026-02-27,-0.326812,91.19
12.0,12,12,False,US.NBIS,NBIS,2026-03-02,-0.328141,91.01
12.0,12,12,False,US.NBIS,NBIS,2026-03-03,-0.35922,86.8
12.0,12,12,False,US.NBIS,NBIS,2026-03-04,-0.278163,97.78
12.0,12,12,False,US.NBIS,NBIS,2026-03-05,-0.293887,95.65
12.0,12,12,False,US.NBIS,NBIS,2026-03-06,-0.340543,89.33
12.0,12,12,False,US.NBIS,NBIS,2026-03-09,-0.299129,94.94
12.0,12,12,False,US.NBIS,NBIS,2026-03-10,-0.288129,96.43
12.0,12,12,False,US.NBIS,NBIS,2026-03-11,-0.173225,111.995
12.0,12,12,False,US.NBIS,NBIS,2026-03-12,-0.202421,108.04
12.0,12,12,False,US.NBIS,NBIS,2026-03-13,-0.166175,112.95
12.0,12,12,False,US.NBIS,NBIS,2026-03-16,-0.041414,129.85
12.0,12,12,False,US.NBIS,NBIS,2026-03-17,-0.141223,116.33
12.0,12,12,False,US.NBIS,NBIS,2026-03-18,-0.12476,118.56
12.0,12,12,False,US.NBIS,NBIS,2026-03-19,-0.102909,121.52
12.0,12,12,False,US.NBIS,NBIS,2026-03-20,-0.131699,117.62
12.0,12,12,False,US.NBIS,NBIS,2026-03-23,-0.157316,114.15
12.0,12,12,False,US.NBIS,NBIS,2026-03-24,-0.151705,114.91
12.0,12,12,False,US.NBIS,NBIS,2026-03-25,-0.150376,115.09
12.0,12,12,False,US.NBIS,NBIS,2026-03-26,-0.217703,105.97
12.0,12,12,False,US.NBIS,NBIS,2026-03-27,-0.255721,100.82
12.0,12,12,False,US.NBIS,NBIS,2026-03-30,-0.318913,92.26
12.0,12,12,False,US.NBIS,NBIS,2026-03-31,-0.234017,103.76
12.0,12,12,False,US.NBIS,NBIS,2026-04-01,-0.247379,101.95
12.0,12,12,False,US.NBIS,NBIS,2026-04-02,-0.196663,108.82
12.0,12,12,False,US.NBIS,NBIS,2026-04-06,-0.169201,112.54
12.0,12,12,False,US.NBIS,NBIS,2026-04-07,-0.133323,117.4
12.0,12,12,False,US.NBIS,NBIS,2026-04-08,-0.085966,123.815
12.0,12,12,False,US.NBIS,NBIS,2026-04-09,-0.07589,125.18
12.0,12,12,False,US.NBIS,NBIS,2026-04-10,0.0,138.075
12.0,12,12,False,US.NBIS,NBIS,2026-04-13,0.0,149.985
12.0,12,12,False,US.NBIS,NBIS,2026-04-14,0.0,162.175
12.0,12,12,False,US.NBIS,NBIS,2026-04-15,-0.020564,158.84
12.0,12,12,False,US.NBIS,NBIS,2026-04-16,0.0,165.34
12.0,12,12,False,US.NBIS,NBIS,2026-04-17,-0.049595,157.14
12.0,12,12,False,US.NBIS,NBIS,2026-04-20,-0.047417,157.5
12.0,12,12,False,US.NBIS,NBIS,2026-04-21,-0.053163,156.55
12.0,12,12,False,US.NBIS,NBIS,2026-04-22,-0.055643,156.14
12.0,12,12,False,US.NBIS,NBIS,2026-04-23,-0.049958,157.08
12.0,12,12,False,US.NBIS,NBIS,2026-04-24,-0.109955,147.16
12.0,12,12,False,US.NBIS,NBIS,2026-04-27,-0.123261,144.96
12.0,12,12,False,US.NBIS,NBIS,2026-04-28,-0.180416,135.51
12.0,12,12,False,US.NBIS,NBIS,2026-04-29,-0.146063,141.19
12.0,12,12,False,US.NBIS,NBIS,2026-04-30,-0.163965,138.23
12.0,12,12,False,US.NBIS,NBIS,2026-05-01,-0.065622,154.49
12.0,12,12,False,US.NBIS,NBIS,2026-05-04,0.0,176.42
12.0,12,12,False,US.NBIS,NBIS,2026-05-05,-0.002834,175.92
12.0,12,12,False,US.NBIS,NBIS,2026-05-06,0.0,195.09
12.0,12,12,False,US.NBIS,NBIS,2026-05-07,-0.052899,184.77
12.0,12,12,False,US.NBIS,NBIS,2026-05-08,-0.09247,177.05
12.0,12,12,False,US.NBIS,NBIS,2026-05-11,-0.046081,186.1
12.0,12,12,False,US.NBIS,NBIS,2026-05-12,-0.081911,179.11
12.0,12,12,False,US.NBIS,NBIS,2026-05-13,0.0,207.27
12.0,12,12,False,US.NBIS,NBIS,2026-05-14,0.0,221.15
12.0,12,12,False,US.NBIS,NBIS,2026-05-15,-0.005471,219.94
12.0,12,12,False,US.NBIS,NBIS,2026-05-18,-0.09627,199.86
12.0,12,12,False,US.NBIS,NBIS,2026-05-19,-0.105901,197.73
12.0,12,12,False,US.NBIS,NBIS,2026-05-20,-0.132625,191.82
12.0,12,12,False,US.NBIS,NBIS,2026-05-21,-0.005517,219.93
12.0,12,12,False,US.NBIS,NBIS,2026-05-22,-0.028849,214.77
12.0,12,12,False,US.NBIS,NBIS,2026-05-26,-0.059191,208.06
12.0,12,12,False,US.NBIS,NBIS,2026-05-27,-0.057789,208.37
12.0,12,12,False,US.NBIS,NBIS,2026-05-28,0.0,226.34
12.0,12,12,False,US.NBIS,NBIS,2026-05-29,0.0,231.09
12.0,12,12,False,US.NBIS,NBIS,2026-06-01,0.0,264.51
12.0,12,12,False,US.NBIS,NBIS,2026-06-02,-0.014858,260.58
12.0,12,12,False,US.NBIS,NBIS,2026-06-03,-0.048505,251.68
12.0,12,12,False,US.NBIS,NBIS,2026-06-04,-0.018298,259.67
12.0,12,12,False,US.NBIS,NBIS,2026-06-05,-0.138747,227.81
12.0,12,12,False,US.NBIS,NBIS,2026-06-08,-0.175835,218.0
12.0,12,12,False,US.NBIS,NBIS,2026-06-09,-0.16782,220.12
12.0,12,12,False,US.NBIS,NBIS,2026-06-10,-0.19969,211.69
12.0,12,12,False,US.NBIS,NBIS,2026-06-11,-0.159805,222.24
12.0,12,12,False,US.NBIS,NBIS,2026-06-12,-0.121545,232.36
12.0,12,12,False,US.NBIS,NBIS,2026-06-15,-0.016786,260.07
12.0,12,12,False,US.NBIS,NBIS,2026-06-16,0.0,265.1
12.0,12,12,False,US.NBIS,NBIS,2026-06-17,0.0,280.91
12.0,12,12,False,US.NBIS,NBIS,2026-06-18,0.0,286.69
12.0,12,12,False,US.NBIS,NBIS,2026-06-22,-0.010743,283.61
12.0,12,12,False,US.NBIS,NBIS,2026-06-23,-0.039904,275.25
12.0,12,12,False,US.NBIS,NBIS,2026-06-24,-0.094283,259.66
12.0,12,12,False,US.NBIS,NBIS,2026-06-25,-0.104852,256.63
12.0,12,12,False,US.NBIS,NBIS,2026-06-26,-0.161812,240.3
12.0,12,12,False,US.NBIS,NBIS,2026-06-29,-0.089086,261.15
12.0,12,12,False,US.NBIS,NBIS,2026-06-30,-0.036695,276.17
12.0,12,12,False,US.NBIS,NBIS,2026-07-01,-0.2006,229.18
12.0,12,12,False,US.NBIS,NBIS,2026-07-02,-0.247898,215.62
12.0,12,12,False,US.NBIS,NBIS,2026-07-06,-0.256967,213.02
12.0,12,12,False,US.NBIS,NBIS,2026-07-07,-0.31916,195.19
12.0,12,12,False,US.NBIS,NBIS,2026-07-08,-0.244899,216.48
12.0,12,12,False,US.NBIS,NBIS,2026-07-09,-0.245875,216.2
12.0,12,12,False,US.NBIS,NBIS,2026-07-10,-0.233841,219.65
12.0,12,12,False,US.NBIS,NBIS,2026-07-13,-0.265723,210.51
12.0,12,12,False,US.NBIS,NBIS,2026-07-14,-0.322997,194.09
12.0,12,12,False,US.NBIS,NBIS,2026-07-15,-0.304092,199.51
12.0,12,12,False,US.NBIS,NBIS,2026-07-16,-0.400851,171.77
12.0,12,12,False,US.NBIS,NBIS,2026-07-17,-0.380132,177.71
12.0,12,12,False,US.NBIS,NBIS,2026-07-20,-0.363005,182.62
12.0,12,12,False,US.NBIS,NBIS,2026-07-21,-0.243364,216.92
12.0,12,12,False,US.NBIS,NBIS,2026-07-22,-0.239039,218.16
12.0,12,12,False,US.NBIS,NBIS,2026-07-23,-0.229237,220.97
12.0,12,12,False,US.NBIS,NBIS,2026-07-24,-0.345042,187.77
12.0,12,12,False,US.NBIS,NBIS,2026-07-27,-0.344658,187.88
12.0,12,12,False,US.NBIS,NBIS,2026-07-28,-0.408106,169.69
12.0,12,12,False,US.NBIS,NBIS,2026-07-29,-0.482996,148.22
12.0,12,12,False,US.NBIS,NBIS,2026-07-30,-0.34274,188.43
12.0,12,12,False,US.NBIS,NBIS,2026-07-31,-0.335833,190.41
12.0,12,12,False,US.NBIS,NBIS,2026-08-03,-0.258502,212.58
12.0,12,12,False,US.NBIS,NBIS,2026-08-04,-0.212599,225.74
12.0,12,12,False,US.NBIS,NBIS,2026-08-05,-0.236144,218.99
12.0,12,12,False,US.NBIS,NBIS,2026-08-06,-0.337682,189.88
12.0,12,12,False,US.NBIS,NBIS,2026-08-07,-0.344344,187.97
12.0,12,12,False,US.NBIS,NBIS,2026-08-10,-0.357808,184.11
12.0,12,12,False,US.NBIS,NBIS,2026-08-11,-0.325997,193.23
12.0,12,12,False,US.NBIS,NBIS,2026-08-12,-0.095888,259.2
12.0,12,12,False,US.NBIS,NBIS,2026-08-13,-0.110398,255.04
12.0,12,12,False,US.NBIS,NBIS,2026-08-14,-0.031428,277.68
12.0,12,12,False,US.NBIS,NBIS,2026-08-17,-0.062227,268.85
12.0,12,12,False,US.NBIS,NBIS,2026-08-18,-0.133454,248.43
12.0,12,12,False,US.NBIS,NBIS,2026-08-19,-0.219017,223.9
12.0,12,12,False,US.NBIS,NBIS,2026-08-20,-0.232237,220.11
12.0,12,12,False,US.NBIS,NBIS,2026-08-21,-0.235655,219.13
12.0,12,12,False,US.NBIS,NBIS,2026-08-24,-0.264327,210.91
12.0,12,12,False,US.NBIS,NBIS,2026-08-25,-0.225749,221.97
12.0,12,12,False,US.NBIS,NBIS,2026-08-26,-0.253793,213.93
12.0,12,12,False,US.NBIS,NBIS,2026-08-27,-0.237922,218.48
12.0,12,12,False,US.NBIS,NBIS,2026-08-28,-0.270362,209.18
12.0,12,12,False,US.NBIS,NBIS,2026-08-31,-0.280338,206.32
12.0,12,12,False,US.NBIS,NBIS,2026-09-01,-0.303987,199.54
12.0,12,12,False,US.NBIS,NBIS,2026-09-02,-0.288116,204.09
12.0,12,12,False,US.NBIS,NBIS,2026-09-03,-0.265304,210.63
12.0,12,12,False,US.NBIS,NBIS,2026-09-04,-0.210332,226.39
12.0,12,12,False,US.NBIS,NBIS,2026-09-08,-0.132303,248.76
13.0,13,13,False,HK.03939,03939,2024-11-07,0.0,2.13025
13.0,13,13,False,HK.03939,03939,2024-11-08,0.0,2.25775
13.0,13,13,False,HK.03939,03939,2024-11-11,-0.007751,2.24025
13.0,13,13,False,HK.03939,03939,2024-11-12,-0.016609,2.22025
13.0,13,13,False,HK.03939,03939,2024-11-13,-0.011073,2.23275
13.0,13,13,False,HK.03939,03939,2024-11-14,-0.024361,2.20275
13.0,13,13,False,HK.03939,03939,2024-11-15,-0.019931,2.21275
13.0,13,13,False,HK.03939,03939,2024-11-18,-0.013288,2.22775
13.0,13,13,False,HK.03939,03939,2024-11-19,-0.007751,2.24025
13.0,13,13,False,HK.03939,03939,2024-11-20,0.0,2.29775
13.0,13,13,False,HK.03939,03939,2024-11-21,0.0,2.37275
13.0,13,13,False,HK.03939,03939,2024-11-22,0.0,2.57275
13.0,13,13,False,HK.03939,03939,2024-11-25,0.0,2.70275
13.0,13,13,False,HK.03939,03939,2024-11-26,0.0,2.76775
13.0,13,13,False,HK.03939,03939,2024-11-27,0.0,2.83275
13.0,13,13,False,HK.03939,03939,2024-11-28,-0.008825,2.80775
13.0,13,13,False,HK.03939,03939,2024-11-29,-0.00353,2.82275
13.0,13,13,False,HK.03939,03939,2024-12-02,-0.040597,2.71775
13.0,13,13,False,HK.03939,03939,2024-12-03,-0.056482,2.67275
13.0,13,13,False,HK.03939,03939,2024-12-04,-0.061777,2.65775
13.0,13,13,False,HK.03939,03939,2024-12-05,-0.107669,2.52775
13.0,13,13,False,HK.03939,03939,2024-12-06,-0.098844,2.55275
13.0,13,13,False,HK.03939,03939,2024-12-09,-0.072368,2.62775
13.0,13,13,False,HK.03939,03939,2024-12-10,-0.090019,2.57775
13.0,13,13,False,HK.03939,03939,2024-12-11,-0.051187,2.68775
13.0,13,13,False,HK.03939,03939,2024-12-12,-0.061777,2.65775
13.0,13,13,False,HK.03939,03939,2024-12-13,-0.097079,2.55775
13.0,13,13,False,HK.03939,03939,2024-12-16,-0.105904,2.53275
13.0,13,13,False,HK.03939,03939,2024-12-17,-0.104139,2.53775
13.0,13,13,False,HK.03939,03939,2024-12-18,-0.12532,2.47775
13.0,13,13,False,HK.03939,03939,2024-12-19,-0.137675,2.44275
13.0,13,13,False,HK.03939,03939,2024-12-20,-0.142971,2.42775
13.0,13,13,False,HK.03939,03939,2024-12-23,-0.13944,2.43775
13.0,13,13,False,HK.03939,03939,2024-12-24,-0.11826,2.49775
13.0,13,13,False,HK.03939,03939,2024-12-27,-0.12179,2.48775
13.0,13,13,False,HK.03939,03939,2024-12-30,-0.063542,2.65275
13.0,13,13,False,HK.03939,03939,2024-12-31,-0.067073,2.64275
13.0,13,13,False,HK.03939,03939,2025-01-02,-0.067073,2.64275
13.0,13,13,False,HK.03939,03939,2025-01-03,-0.068838,2.63775
13.0,13,13,False,HK.03939,03939,2025-01-06,-0.056482,2.67275
13.0,13,13,False,HK.03939,03939,2025-01-07,-0.024711,2.76275
13.0,13,13,False,HK.03939,03939,2025-01-08,-0.058247,2.66775
13.0,13,13,False,HK.03939,03939,2025-01-09,-0.045892,2.70275
13.0,13,13,False,HK.03939,03939,2025-01-10,-0.037066,2.72775
13.0,13,13,False,HK.03939,03939,2025-01-13,-0.01059,2.80275
13.0,13,13,False,HK.03939,03939,2025-01-14,-0.019416,2.77775
13.0,13,13,False,HK.03939,03939,2025-01-15,-0.040597,2.71775
13.0,13,13,False,HK.03939,03939,2025-01-16,0.0,2.87775
13.0,13,13,False,HK.03939,03939,2025-01-17,0.0,2.96275
13.0,13,13,False,HK.03939,03939,2025-01-20,0.0,3.14275
13.0,13,13,False,HK.03939,03939,2025-01-21,0.0,3.14775
13.0,13,13,False,HK.03939,03939,2025-01-22,0.0,3.16775
13.0,13,13,False,HK.03939,03939,2025-01-23,-0.020519,3.10275
13.0,13,13,False,HK.03939,03939,2025-01-24,-0.020519,3.10275
13.0,13,13,False,HK.03939,03939,2025-01-27,-0.033147,3.06275
13.0,13,13,False,HK.03939,03939,2025-01-28,-0.017362,3.11275
13.0,13,13,False,HK.03939,03939,2025-02-03,0.0,3.17275
13.0,13,13,False,HK.03939,03939,2025-02-04,-0.014183,3.12775
13.0,13,13,False,HK.03939,03939,2025-02-05,-0.011031,3.13775
13.0,13,13,False,HK.03939,03939,2025-02-06,0.0,3.36775
13.0,13,13,False,HK.03939,03939,2025-02-07,-0.02227,3.29275
13.0,13,13,False,HK.03939,03939,2025-02-10,0.0,3.40275
13.0,13,13,False,HK.03939,03939,2025-02-11,0.0,3.40275
13.0,13,13,False,HK.03939,03939,2025-02-12,-0.019102,3.33775
13.0,13,13,False,HK.03939,03939,2025-02-13,-0.051429,3.22775
13.0,13,13,False,HK.03939,03939,2025-02-14,-0.036735,3.27775
13.0,13,13,False,HK.03939,03939,2025-02-17,-0.039674,3.26775
13.0,13,13,False,HK.03939,03939,2025-02-18,-0.044082,3.25275
13.0,13,13,False,HK.03939,03939,2025-02-19,-0.022041,3.32775
13.0,13,13,False,HK.03939,03939,2025-02-20,0.0,3.47775
13.0,13,13,False,HK.03939,03939,2025-02-21,0.0,3.50775
13.0,13,13,False,HK.03939,03939,2025-02-24,-0.008552,3.47775
13.0,13,13,False,HK.03939,03939,2025-02-25,0.0,3.51275
13.0,13,13,False,HK.03939,03939,2025-02-26,-0.021351,3.43775
13.0,13,13,False,HK.03939,03939,2025-02-27,-0.091097,3.19275
13.0,13,13,False,HK.03939,03939,2025-02-28,-0.130952,3.05275
13.0,13,13,False,HK.03939,03939,2025-03-03,-0.138068,3.02775
13.0,13,13,False,HK.03939,03939,2025-03-04,-0.156572,2.96275
13.0,13,13,False,HK.03939,03939,2025-03-05,-0.138068,3.02775
13.0,13,13,False,HK.03939,03939,2025-03-06,-0.123835,3.07775
13.0,13,13,False,HK.03939,03939,2025-03-07,-0.152302,2.97775
13.0,13,13,False,HK.03939,03939,2025-03-10,-0.081133,3.22775
13.0,13,13,False,HK.03939,03939,2025-03-11,-0.123835,3.07775
13.0,13,13,False,HK.03939,03939,2025-03-12,-0.116718,3.10275
13.0,13,13,False,HK.03939,03939,2025-03-13,-0.123835,3.07775
13.0,13,13,False,HK.03939,03939,2025-03-14,-0.109601,3.12775
13.0,13,13,False,HK.03939,03939,2025-03-17,-0.029891,3.40775
13.0,13,13,False,HK.03939,03939,2025-03-18,0.0,3.69275
13.0,13,13,False,HK.03939,03939,2025-03-19,0.0,4.09275
13.0,13,13,False,HK.03939,03939,2025-03-20,0.0,4.22775
13.0,13,13,False,HK.03939,03939,2025-03-21,-0.12418,3.70275
13.0,13,13,False,HK.03939,03939,2025-03-24,-0.137189,3.64775
13.0,13,13,False,HK.03939,03939,2025-03-25,-0.126545,3.69275
13.0,13,13,False,HK.03939,03939,2025-03-26,-0.126545,3.69275
13.0,13,13,False,HK.03939,03939,2025-03-27,-0.145467,3.61275
13.0,13,13,False,HK.03939,03939,2025-03-28,-0.132458,3.66775
13.0,13,13,False,HK.03939,03939,2025-03-31,-0.126545,3.69275
13.0,13,13,False,HK.03939,03939,2025-04-01,-0.07096,3.92775
13.0,13,13,False,HK.03939,03939,2025-04-02,-0.125362,3.69775
13.0,13,13,False,HK.03939,03939,2025-04-03,-0.096978,3.81775
13.0,13,13,False,HK.03939,03939,2025-04-07,-0.167938,3.51775
13.0,13,13,False,HK.03939,03939,2025-04-08,-0.186861,3.43775
13.0,13,13,False,HK.03939,03939,2025-04-09,-0.121814,3.71275
13.0,13,13,False,HK.03939,03939,2025-04-10,-0.0887,3.85275
13.0,13,13,False,HK.03939,03939,2025-04-11,-0.047306,4.02775
13.0,13,13,False,HK.03939,03939,2025-04-14,0.0,4.35275
13.0,13,13,False,HK.03939,03939,2025-04-15,0.0,4.62775
13.0,13,13,False,HK.03939,03939,2025-04-16,0.0,5.14025
13.0,13,13,False,HK.03939,03939,2025-04-17,-0.029181,4.99025
13.0,13,13,False,HK.03939,03939,2025-04-22,0.0,5.82775
13.0,13,13,False,HK.03939,03939,2025-04-23,-0.105101,5.21525
13.0,13,13,False,HK.03939,03939,2025-04-24,-0.066492,5.44025
13.0,13,13,False,HK.03939,03939,2025-04-25,-0.105101,5.21525
13.0,13,13,False,HK.03939,03939,2025-04-28,-0.105101,5.21525
13.0,13,13,False,HK.03939,03939,2025-04-29,-0.027884,5.66525
13.0,13,13,False,HK.03939,03939,2025-04-30,-0.060057,5.47775
13.0,13,13,False,HK.03939,03939,2025-05-02,-0.083651,5.34025
13.0,13,13,False,HK.03939,03939,2025-05-06,-0.019304,5.71525
13.0,13,13,False,HK.03939,03939,2025-05-07,-0.002145,5.81525
13.0,13,13,False,HK.03939,03939,2025-05-08,-0.025739,5.67775
13.0,13,13,False,HK.03939,03939,2025-05-09,-0.017159,5.72775
13.0,13,13,False,HK.03939,03939,2025-05-12,-0.135129,5.04025
13.0,13,13,False,HK.03939,03939,2025-05-13,-0.087941,5.31525
13.0,13,13,False,HK.03939,03939,2025-05-14,-0.098666,5.25275
13.0,13,13,False,HK.03939,03939,2025-05-15,-0.094376,5.27775
13.0,13,13,False,HK.03939,03939,2025-05-16,-0.10939,5.19025
13.0,13,13,False,HK.03939,03939,2025-05-19,-0.105101,5.21525
13.0,13,13,False,HK.03939,03939,2025-05-20,-0.053623,5.51525
13.0,13,13,False,HK.03939,03939,2025-05-21,-0.00858,5.77775
13.0,13,13,False,HK.03939,03939,2025-05-22,0.0,6.25275
13.0,13,13,False,HK.03939,03939,2025-05-23,-0.017992,6.14025
13.0,13,13,False,HK.03939,03939,2025-05-26,-0.023989,6.10275
13.0,13,13,False,HK.03939,03939,2025-05-27,-0.041982,5.99025
13.0,13,13,False,HK.03939,03939,2025-05-28,-0.019991,6.12775
13.0,13,13,False,HK.03939,03939,2025-05-29,-0.007996,6.20275
13.0,13,13,False,HK.03939,03939,2025-05-30,0.0,6.50275
13.0,13,13,False,HK.03939,03939,2025-06-02,0.0,6.62775
13.0,13,13,False,HK.03939,03939,2025-06-03,0.0,6.64025
13.0,13,13,False,HK.03939,03939,2025-06-04,-0.013177,6.55275
13.0,13,13,False,HK.03939,03939,2025-06-05,-0.02259,6.49025
13.0,13,13,False,HK.03939,03939,2025-06-06,0.0,7.27775
13.0,13,13,False,HK.03939,03939,2025-06-09,-0.034351,7.02775
13.0,13,13,False,HK.03939,03939,2025-06-10,0.0,7.45275
13.0,13,13,False,HK.03939,03939,2025-06-11,0.0,7.65275
13.0,13,13,False,HK.03939,03939,2025-06-12,0.0,8.27775
13.0,13,13,False,HK.03939,03939,2025-06-13,0.0,8.74025
13.0,13,13,False,HK.03939,03939,2025-06-16,-0.070421,8.12475
13.0,13,13,False,HK.03939,03939,2025-06-17,-0.100455,7.86225
13.0,13,13,False,HK.03939,03939,2025-06-18,-0.100455,7.86225
13.0,13,13,False,HK.03939,03939,2025-06-19,-0.117617,7.71225
13.0,13,13,False,HK.03939,03939,2025-06-20,-0.14336,7.48725
13.0,13,13,False,HK.03939,03939,2025-06-23,-0.14622,7.46225
13.0,13,13,False,HK.03939,03939,2025-06-24,-0.163382,7.31225
13.0,13,13,False,HK.03939,03939,2025-06-25,-0.173393,7.22475
13.0,13,13,False,HK.03939,03939,2025-06-26,-0.190555,7.07475
13.0,13,13,False,HK.03939,03939,2025-06-27,-0.161952,7.32475
13.0,13,13,False,HK.03939,03939,2025-06-30,-0.121907,7.67475
13.0,13,13,False,HK.03939,03939,2025-07-02,-0.117617,7.71225
13.0,13,13,False,HK.03939,03939,2025-07-03,-0.087583,7.97475
13.0,13,13,False,HK.03939,03939,2025-07-04,-0.111896,7.76225
13.0,13,13,False,HK.03939,03939,2025-07-07,-0.140499,7.51225
13.0,13,13,False,HK.03939,03939,2025-07-08,-0.107606,7.79975
13.0,13,13,False,HK.03939,03939,2025-07-09,-0.153371,7.39975
13.0,13,13,False,HK.03939,03939,2025-07-10,-0.174823,7.21225
13.0,13,13,False,HK.03939,03939,2025-07-11,-0.191985,7.06225
13.0,13,13,False,HK.03939,03939,2025-07-14,-0.14336,7.48725
13.0,13,13,False,HK.03939,03939,2025-07-15,-0.130488,7.59975
13.0,13,13,False,HK.03939,03939,2025-07-16,-0.137639,7.53725
13.0,13,13,False,HK.03939,03939,2025-07-17,-0.189125,7.08725
13.0,13,13,False,HK.03939,03939,2025-07-18,-0.204857,6.94975
13.0,13,13,False,HK.03939,03939,2025-07-21,-0.200566,6.98725
13.0,13,13,False,HK.03939,03939,2025-07-22,-0.186265,7.11225
13.0,13,13,False,HK.03939,03939,2025-07-23,-0.171963,7.23725
13.0,13,13,False,HK.03939,03939,2025-07-24,-0.209147,6.91225
13.0,13,13,False,HK.03939,03939,2025-07-25,-0.23346,6.69975
13.0,13,13,False,HK.03939,03939,2025-07-28,-0.240611,6.63725
13.0,13,13,False,HK.03939,03939,2025-07-29,-0.214868,6.86225
13.0,13,13,False,HK.03939,03939,2025-07-30,-0.210578,6.89975
13.0,13,13,False,HK.03939,03939,2025-07-31,-0.14908,7.43725
13.0,13,13,False,HK.03939,03939,2025-08-01,-0.193416,7.04975
13.0,13,13,False,HK.03939,03939,2025-08-04,-0.130774,7.59725
13.0,13,13,False,HK.03939,03939,2025-08-05,-0.094734,7.91225
13.0,13,13,False,HK.03939,03939,2025-08-06,-0.066131,8.16225
13.0,13,13,False,HK.03939,03939,2025-08-07,-0.044392,8.35225
13.0,13,13,False,HK.03939,03939,2025-08-08,-0.014645,8.61225
13.0,13,13,False,HK.03939,03939,2025-08-11,-0.017505,8.58725
13.0,13,13,False,HK.03939,03939,2025-08-12,-0.036383,8.42225
13.0,13,13,False,HK.03939,03939,2025-08-13,-0.006064,8.68725
13.0,13,13,False,HK.03939,03939,2025-08-14,-0.00778,8.67225
13.0,13,13,False,HK.03939,03939,2025-08-15,-0.011785,8.63725
13.0,13,13,False,HK.03939,03939,2025-08-18,-0.045536,8.34225
13.0,13,13,False,HK.03939,03939,2025-08-19,-0.019221,8.57225
13.0,13,13,False,HK.03939,03939,2025-08-20,-0.017505,8.58725
13.0,13,13,False,HK.03939,03939,2025-08-21,-0.105031,7.82225
13.0,13,13,False,HK.03939,03939,2025-08-22,-0.174823,7.21225
13.0,13,13,False,HK.03939,03939,2025-08-25,-0.18226,7.14725
13.0,13,13,False,HK.03939,03939,2025-08-26,-0.168531,7.26725
13.0,13,13,False,HK.03939,03939,2025-08-27,-0.213724,6.87225
13.0,13,13,False,HK.03939,03939,2025-08-28,-0.209147,6.91225
13.0,13,13,False,HK.03939,03939,2025-08-29,-0.158233,7.35725
13.0,13,13,False,HK.03939,03939,2025-09-01,-0.085581,7.99225
13.0,13,13,False,HK.03939,03939,2025-09-02,-0.077572,8.06225
13.0,13,13,False,HK.03939,03939,2025-09-03,-0.031807,8.46225
13.0,13,13,False,HK.03939,03939,2025-09-04,-0.07414,8.09225
13.0,13,13,False,HK.03939,03939,2025-09-05,-0.043248,8.36225
13.0,13,13,False,HK.03939,03939,2025-09-08,-0.006636,8.68225
13.0,13,13,False,HK.03939,03939,2025-09-09,0.0,9.58225
13.0,13,13,False,HK.03939,03939,2025-09-10,-0.064703,8.96225
13.0,13,13,False,HK.03939,03939,2025-09-11,-0.078792,8.82725
13.0,13,13,False,HK.03939,03939,2025-09-12,-0.058441,9.02225
13.0,13,13,False,HK.03939,03939,2025-09-15,-0.084009,8.77725
13.0,13,13,False,HK.03939,03939,2025-09-16,-0.088184,8.73725
13.0,13,13,False,HK.03939,03939,2025-09-17,-0.126275,8.37225
13.0,13,13,False,HK.03939,03939,2025-09-18,-0.141407,8.22725
13.0,13,13,False,HK.03939,03939,2025-09-19,-0.089749,8.72225
13.0,13,13,False,HK.03939,03939,2025-09-22,-0.049571,9.10725
13.0,13,13,False,HK.03939,03939,2025-09-23,-0.006783,9.51725
13.0,13,13,False,HK.03939,03939,2025-09-24,0.0,9.598
13.0,13,13,False,HK.03939,03939,2025-09-25,-0.023442,9.373
13.0,13,13,False,HK.03939,03939,2025-09-26,-0.023442,9.373
13.0,13,13,False,HK.03939,03939,2025-09-29,-0.040633,9.208
13.0,13,13,False,HK.03939,03939,2025-09-30,0.0,9.603
13.0,13,13,False,HK.03939,03939,2025-10-02,0.0,10.138
13.0,13,13,False,HK.03939,03939,2025-10-03,-0.027619,9.858
13.0,13,13,False,HK.03939,03939,2025-10-06,-0.010357,10.033
13.0,13,13,False,HK.03939,03939,2025-10-08,-0.015289,9.983
13.0,13,13,False,HK.03939,03939,2025-10-09,-0.012823,10.008
13.0,13,13,False,HK.03939,03939,2025-10-10,-0.130696,8.813
13.0,13,13,False,HK.03939,03939,2025-10-13,-0.098639,9.138
13.0,13,13,False,HK.03939,03939,2025-10-14,-0.158808,8.528
13.0,13,13,False,HK.03939,03939,2025-10-15,-0.084336,9.283
13.0,13,13,False,HK.03939,03939,2025-10-16,-0.118367,8.938
13.0,13,13,False,HK.03939,03939,2025-10-17,-0.14204,8.698
13.0,13,13,False,HK.03939,03939,2025-10-20,-0.169659,8.418
13.0,13,13,False,HK.03939,03939,2025-10-21,-0.171631,8.398
13.0,13,13,False,HK.03939,03939,2025-10-22,-0.197771,8.133
13.0,13,13,False,HK.03939,03939,2025-10-23,-0.206155,8.048
13.0,13,13,False,HK.03939,03939,2025-10-24,-0.214046,7.968
13.0,13,13,False,HK.03939,03939,2025-10-27,-0.205662,8.053
13.0,13,13,False,HK.03939,03939,2025-10-28,-0.249556,7.608
13.0,13,13,False,HK.03939,03939,2025-10-30,-0.246597,7.638
13.0,13,13,False,HK.03939,03939,2025-10-31,-0.253502,7.568
13.0,13,13,False,HK.03939,03939,2025-11-03,-0.253008,7.573
13.0,13,13,False,HK.03939,03939,2025-11-04,-0.291971,7.178
13.0,13,13,False,HK.03939,03939,2025-11-05,-0.295423,7.143
13.0,13,13,False,HK.03939,03939,2025-11-06,-0.252515,7.578
13.0,13,13,False,HK.03939,03939,2025-11-07,-0.230815,7.798
13.0,13,13,False,HK.03939,03939,2025-11-10,-0.181989,8.293
13.0,13,13,False,HK.03939,03939,2025-11-11,-0.178536,8.328
13.0,13,13,False,HK.03939,03939,2025-11-12,-0.217499,7.933
13.0,13,13,False,HK.03939,03939,2025-11-13,-0.194318,8.168
13.0,13,13,False,HK.03939,03939,2025-11-14,-0.20221,8.088
13.0,13,13,False,HK.03939,03939,2025-11-17,-0.244624,7.658
13.0,13,13,False,HK.03939,03939,2025-11-18,-0.280627,7.293
13.0,13,13,False,HK.03939,03939,2025-11-19,-0.203196,8.078
13.0,13,13,False,HK.03939,03939,2025-11-20,-0.219471,7.913
13.0,13,13,False,HK.03939,03939,2025-11-21,-0.263859,7.463
13.0,13,13,False,HK.03939,03939,2025-11-24,-0.225883,7.848
13.0,13,13,False,HK.03939,03939,2025-11-25,-0.217005,7.938
13.0,13,13,False,HK.03939,03939,2025-11-26,-0.254488,7.558
13.0,13,13,False,HK.03939,03939,2025-11-27,-0.23476,7.758
13.0,13,13,False,HK.03939,03939,2025-11-28,-0.225883,7.848
13.0,13,13,False,HK.03939,03939,2025-12-01,-0.194318,8.168
13.0,13,13,False,HK.03939,03939,2025-12-02,-0.216019,7.948
13.0,13,13,False,HK.03939,03939,2025-12-03,-0.221937,7.888
13.0,13,13,False,HK.03939,03939,2025-12-04,-0.244624,7.658
13.0,13,13,False,HK.03939,03939,2025-12-05,-0.228842,7.818
13.0,13,13,False,HK.03939,03939,2025-12-08,-0.22391,7.868
13.0,13,13,False,HK.03939,03939,2025-12-09,-0.262379,7.478
13.0,13,13,False,HK.03939,03939,2025-12-10,-0.257447,7.528
13.0,13,13,False,HK.03939,03939,2025-12-11,-0.283093,7.268
13.0,13,13,False,HK.03939,03939,2025-12-12,-0.265338,7.448
13.0,13,13,False,HK.03939,03939,2025-12-15,-0.256461,7.538
13.0,13,13,False,HK.03939,03939,2025-12-16,-0.297889,7.118
13.0,13,13,False,HK.03939,03939,2025-12-17,-0.288025,7.218
13.0,13,13,False,HK.03939,03939,2025-12-18,-0.290984,7.188
13.0,13,13,False,HK.03939,03939,2025-12-19,-0.299862,7.098
13.0,13,13,False,HK.03939,03939,2025-12-22,-0.221937,7.888
13.0,13,13,False,HK.03939,03939,2025-12-23,-0.179523,8.318
13.0,13,13,False,HK.03939,03939,2025-12-24,-0.187414,8.238
13.0,13,13,False,HK.03939,03939,2025-12-29,-0.241665,7.688
13.0,13,13,False,HK.03939,03939,2025-12-30,-0.257447,7.528
13.0,13,13,False,HK.03939,03939,2025-12-31,-0.258434,7.518
13.0,13,13,False,HK.03939,03939,2026-01-02,-0.23476,7.758
13.0,13,13,False,HK.03939,03939,2026-01-05,-0.212073,7.988
13.0,13,13,False,HK.03939,03939,2026-01-06,-0.147958,8.638
13.0,13,13,False,HK.03939,03939,2026-01-07,-0.14204,8.698
13.0,13,13,False,HK.03939,03939,2026-01-08,-0.068061,9.448
13.0,13,13,False,HK.03939,03939,2026-01-09,-0.069047,9.438
13.0,13,13,False,HK.03939,03939,2026-01-12,-0.068061,9.448
13.0,13,13,False,HK.03939,03939,2026-01-13,-0.014796,9.988
13.0,13,13,False,HK.03939,03939,2026-01-14,0.0,11.458
13.0,13,13,False,HK.03939,03939,2026-01-15,0.0,12.388
13.0,13,13,False,HK.03939,03939,2026-01-16,-0.026639,12.058
13.0,13,13,False,HK.03939,03939,2026-01-19,0.0,12.398
13.0,13,13,False,HK.03939,03939,2026-01-20,0.0,13.308
13.0,13,13,False,HK.03939,03939,2026-01-21,-0.027051,12.948
13.0,13,13,False,HK.03939,03939,2026-01-22,-0.009017,13.188
13.0,13,13,False,HK.03939,03939,2026-01-23,-0.006763,13.218
13.0,13,13,False,HK.03939,03939,2026-01-26,-0.022543,13.008
13.0,13,13,False,HK.03939,03939,2026-01-27,-0.041329,12.758
13.0,13,13,False,HK.03939,03939,2026-01-28,0.0,14.158
13.0,13,13,False,HK.03939,03939,2026-01-29,-0.043791,13.538
13.0,13,13,False,HK.03939,03939,2026-01-30,-0.128549,12.338
13.0,13,13,False,HK.03939,03939,2026-02-02,-0.096059,12.798
13.0,13,13,False,HK.03939,03939,2026-02-03,0.0,14.558
13.0,13,13,False,HK.03939,03939,2026-02-04,0.0,15.618
13.0,13,13,False,HK.03939,03939,2026-02-05,-0.072352,14.488
13.0,13,13,False,HK.03939,03939,2026-02-06,-0.06595,14.588
13.0,13,13,False,HK.03939,03939,2026-02-09,0.0,15.858
13.0,13,13,False,HK.03939,03939,2026-02-10,0.0,15.858
13.0,13,13,False,HK.03939,03939,2026-02-11,0.0,17.348
13.0,13,13,False,HK.03939,03939,2026-02-12,-0.039198,16.668
13.0,13,13,False,HK.03939,03939,2026-02-13,-0.097994,15.648
13.0,13,13,False,HK.03939,03939,2026-02-16,-0.081277,15.938
13.0,13,13,False,HK.03939,03939,2026-02-20,-0.051303,16.458
13.0,13,13,False,HK.03939,03939,2026-02-23,0.0,17.388
13.0,13,13,False,HK.03939,03939,2026-02-24,-0.016678,17.098
13.0,13,13,False,HK.03939,03939,2026-02-25,0.0,18.288
13.0,13,13,False,HK.03939,03939,2026-02-26,-0.044291,17.478
13.0,13,13,False,HK.03939,03939,2026-02-27,-0.0257,17.818
13.0,13,13,False,HK.03939,03939,2026-03-02,-0.011483,18.078
13.0,13,13,False,HK.03939,03939,2026-03-03,-0.094051,16.568
13.0,13,13,False,HK.03939,03939,2026-03-04,-0.102253,16.418
13.0,13,13,False,HK.03939,03939,2026-03-05,-0.107174,16.328
13.0,13,13,False,HK.03939,03939,2026-03-06,-0.126312,15.978
13.0,13,13,False,HK.03939,03939,2026-03-09,-0.14217,15.688
13.0,13,13,False,HK.03939,03939,2026-03-10,-0.1028,16.408
13.0,13,13,False,HK.03939,03939,2026-03-11,-0.123031,16.038
13.0,13,13,False,HK.03939,03939,2026-03-12,-0.147638,15.588
13.0,13,13,False,HK.03939,03939,2026-03-13,-0.166776,15.238
13.0,13,13,False,HK.03939,03939,2026-03-16,-0.185367,14.898
13.0,13,13,False,HK.03939,03939,2026-03-17,-0.207787,14.488
13.0,13,13,False,HK.03939,03939,2026-03-18,-0.214348,14.368
13.0,13,13,False,HK.03939,03939,2026-03-19,-0.369641,11.528
13.0,13,13,False,HK.03939,03939,2026-03-20,-0.362533,11.658
13.0,13,13,False,HK.03939,03939,2026-03-23,-0.40409,10.898
13.0,13,13,False,HK.03939,03939,2026-03-24,-0.346675,11.948
13.0,13,13,False,HK.03939,03939,2026-03-25,-0.324803,12.348
13.0,13,13,False,HK.03939,03939,2026-03-26,-0.347222,11.938
13.0,13,13,False,HK.03939,03939,2026-03-27,-0.327537,12.298
13.0,13,13,False,HK.03939,03939,2026-03-30,-0.26192,13.498
13.0,13,13,False,HK.03939,03939,2026-03-31,-0.269029,13.368
13.0,13,13,False,HK.03939,03939,2026-04-01,-0.227472,14.128
13.0,13,13,False,HK.03939,03939,2026-04-02,-0.264108,13.458
13.0,13,13,False,HK.03939,03939,2026-04-08,-0.201772,14.598
13.0,13,13,False,HK.03939,03939,2026-04-09,-0.223097,14.208
13.0,13,13,False,HK.03939,03939,2026-04-10,-0.245516,13.798
13.0,13,13,False,HK.03939,03939,2026-04-13,-0.241142,13.878
13.0,13,13,False,HK.03939,03939,2026-04-14,-0.254812,13.628
13.0,13,13,False,HK.03939,03939,2026-04-15,-0.277231,13.218
13.0,13,13,False,HK.03939,03939,2026-04-16,-0.279418,13.178
13.0,13,13,False,HK.03939,03939,2026-04-17,-0.295276,12.888
13.0,13,13,False,HK.03939,03939,2026-04-20,-0.290901,12.968
13.0,13,13,False,HK.03939,03939,2026-04-21,-0.303478,12.738
13.0,13,13,False,HK.03939,03939,2026-04-22,-0.307852,12.658
13.0,13,13,False,HK.03939,03939,2026-04-23,-0.348316,11.918
13.0,13,13,False,HK.03939,03939,2026-04-24,-0.359799,11.708
13.0,13,13,False,HK.03939,03939,2026-04-27,-0.36472,11.618
13.0,13,13,False,HK.03939,03939,2026-04-28,-0.382765,11.288
13.0,13,13,False,HK.03939,03939,2026-04-29,-0.361986,11.668
13.0,13,13,False,HK.03939,03939,2026-04-30,-0.398622,10.998
13.0,13,13,False,HK.03939,03939,2026-05-04,-0.407371,10.838
13.0,13,13,False,HK.03939,03939,2026-05-05,-0.410652,10.778
13.0,13,13,False,HK.03939,03939,2026-05-06,-0.365267,11.608
13.0,13,13,False,HK.03939,03939,2026-05-07,-0.336833,12.128
13.0,13,13,False,HK.03939,03939,2026-05-08,-0.280512,13.158
13.0,13,13,False,HK.03939,03939,2026-05-11,-0.338473,12.098
13.0,13,13,False,HK.03939,03939,2026-05-12,-0.326444,12.318
13.0,13,13,False,HK.03939,03939,2026-05-13,-0.332458,12.208
13.0,13,13,False,HK.03939,03939,2026-05-14,-0.357065,11.758
13.0,13,13,False,HK.03939,03939,2026-05-15,-0.39042,11.148
13.0,13,13,False,HK.03939,03939,2026-05-18,-0.397528,11.018
13.0,13,13,False,HK.03939,03939,2026-05-19,-0.417213,10.658
13.0,13,13,False,HK.03939,03939,2026-05-20,-0.418307,10.638
13.0,13,13,False,HK.03939,03939,2026-05-21,-0.398622,10.998
13.0,13,13,False,HK.03939,03939,2026-05-22,-0.393701,11.088
13.0,13,13,False,HK.03939,03939,2026-05-26,-0.348316,11.918
13.0,13,13,False,HK.03939,03939,2026-05-27,-0.358705,11.728
13.0,13,13,False,HK.03939,03939,2026-05-28,-0.390967,11.138
13.0,13,13,False,HK.03939,03939,2026-05-29,-0.409558,10.798
13.0,13,13,False,HK.03939,03939,2026-06-01,-0.39042,11.148
13.0,13,13,False,HK.03939,03939,2026-06-02,-0.393701,11.088
13.0,13,13,False,HK.03939,03939,2026-06-03,-0.41612,10.678
13.0,13,13,False,HK.03939,03939,2026-06-04,-0.440726,10.228
13.0,13,13,False,HK.03939,03939,2026-06-05,-0.463692,9.808
13.0,13,13,False,HK.03939,03939,2026-06-08,-0.504703,9.058
13.0,13,13,False,HK.03939,03939,2026-06-09,-0.503062,9.088
13.0,13,13,False,HK.03939,03939,2026-06-10,-0.515639,8.858
13.0,13,13,False,HK.03939,03939,2026-06-11,-0.504156,9.068
13.0,13,13,False,HK.03939,03939,2026-06-12,-0.475722,9.588
13.0,13,13,False,HK.03939,03939,2026-06-15,-0.400809,10.958
13.0,13,13,False,HK.03939,03939,2026-06-16,-0.433618,10.358
13.0,13,13,False,HK.03939,03939,2026-06-17,-0.436899,10.298
13.0,13,13,False,HK.03939,03939,2026-06-18,-0.475175,9.598
13.0,13,13,False,HK.03939,03939,2026-06-22,-0.515529,8.86
13.0,13,13,False,HK.03939,03939,2026-06-23,-0.545604,8.31
13.0,13,13,False,HK.03939,03939,2026-06-24,-0.552165,8.19
13.0,13,13,False,HK.03939,03939,2026-06-25,-0.588801,7.52
13.0,13,13,False,HK.03939,03939,2026-06-26,-0.581693,7.65
13.0,13,13,False,HK.03939,03939,2026-06-29,-0.57185,7.83
13.0,13,13,False,HK.03939,03939,2026-06-30,-0.574584,7.78
13.0,13,13,False,HK.03939,03939,2026-07-02,-0.547244,8.28
13.0,13,13,False,HK.03939,03939,2026-07-03,-0.476159,9.58
13.0,13,13,False,HK.03939,03939,2026-07-06,-0.480534,9.5
13.0,13,13,False,HK.03939,03939,2026-07-07,-0.504046,9.07
13.0,13,13,False,HK.03939,03939,2026-07-08,-0.498578,9.17
13.0,13,13,False,HK.03939,03939,2026-07-09,-0.508968,8.98
13.0,13,13,False,HK.03939,03939,2026-07-10,-0.486002,9.4
13.0,13,13,False,HK.03939,03939,2026-07-13,-0.48108,9.49
13.0,13,13,False,HK.03939,03939,2026-07-14,-0.459755,9.88
13.0,13,13,False,HK.03939,03939,2026-07-15,-0.458115,9.91
13.0,13,13,False,HK.03939,03939,2026-07-16,-0.45374,9.99
13.0,13,13,False,HK.03939,03939,2026-07-17,-0.49147,9.3
13.0,13,13,False,HK.03939,03939,2026-07-20,-0.49311,9.27
13.0,13,13,False,HK.03939,03939,2026-07-21,-0.447178,10.11
13.0,13,13,False,HK.03939,03939,2026-07-22,-0.408355,10.82
13.0,13,13,False,HK.03939,03939,2026-07-23,-0.393591,11.09
13.0,13,13,False,HK.03939,03939,2026-07-24,-0.406168,10.86
13.0,13,13,False,HK.03939,03939,2026-07-27,-0.46577,9.77
13.0,13,13,False,HK.03939,03939,2026-07-28,-0.470144,9.69
13.0,13,13,False,HK.03939,03939,2026-07-29,-0.433508,10.36
13.0,13,13,False,HK.03939,03939,2026-07-30,-0.451553,10.03
13.0,13,13,False,HK.03939,03939,2026-07-31,-0.424213,10.53
13.0,13,13,False,HK.03939,03939,2026-08-03,-0.42804,10.46
13.0,13,13,False,HK.03939,03939,2026-08-04,-0.434602,10.34
13.0,13,13,False,HK.03939,03939,2026-08-05,-0.368438,11.55
13.0,13,13,False,HK.03939,03939,2026-08-06,-0.343285,12.01
13.0,13,13,False,HK.03939,03939,2026-08-07,-0.306649,12.68
13.0,13,13,False,HK.03939,03939,2026-08-10,-0.290245,12.98
13.0,13,13,False,HK.03939,03939,2026-08-11,-0.341098,12.05
13.0,13,13,False,HK.03939,03939,2026-08-12,-0.321413,12.41
13.0,13,13,False,HK.03939,03939,2026-08-13,-0.366798,11.58
13.0,13,13,False,HK.03939,03939,2026-08-14,-0.352034,11.85
13.0,13,13,False,HK.03939,03939,2026-08-17,-0.305556,12.7
13.0,13,13,False,HK.03939,03939,2026-08-18,-0.289151,13.0
13.0,13,13,False,HK.03939,03939,2026-08-19,-0.294619,12.9
13.0,13,13,False,HK.03939,03939,2026-08-20,-0.254703,13.63
13.0,13,13,False,HK.03939,03939,2026-08-21,-0.20549,14.53
13.0,13,13,False,HK.03939,03939,2026-08-24,-0.163386,15.3
13.0,13,13,False,HK.03939,03939,2026-08-25,-0.218066,14.3
13.0,13,13,False,HK.03939,03939,2026-08-26,-0.190726,14.8
13.0,13,13,False,HK.03939,03939,2026-08-27,-0.192913,14.76
13.0,13,13,False,HK.03939,03939,2026-08-28,-0.146982,15.6
13.0,13,13,False,HK.03939,03939,2026-08-31,-0.163386,15.3
13.0,13,13,False,HK.03939,03939,2026-09-01,-0.133311,15.85
13.0,13,13,False,HK.03939,03939,2026-09-02,-0.195101,14.72
13.0,13,13,False,HK.03939,03939,2026-09-03,-0.133858,15.84
13.0,13,13,False,HK.03939,03939,2026-09-04,-0.128937,15.93
13.0,13,13,False,HK.03939,03939,2026-09-07,-0.163386,15.3
13.0,13,13,False,HK.03939,03939,2026-09-08,-0.16776,15.22
14.0,14,14,False,US.AAOI,AAOI,2024-09-09,0.0,13.02
14.0,14,14,False,US.AAOI,AAOI,2024-09-10,-0.038786,12.515
14.0,14,14,False,US.AAOI,AAOI,2024-09-11,0.0,13.03
14.0,14,14,False,US.AAOI,AAOI,2024-09-12,0.0,14.52
14.0,14,14,False,US.AAOI,AAOI,2024-09-13,0.0,14.61
14.0,14,14,False,US.AAOI,AAOI,2024-09-16,-0.097194,13.19
14.0,14,14,False,US.AAOI,AAOI,2024-09-17,-0.0705,13.58
14.0,14,14,False,US.AAOI,AAOI,2024-09-18,-0.091034,13.28
14.0,14,14,False,US.AAOI,AAOI,2024-09-19,-0.028063,14.2
14.0,14,14,False,US.AAOI,AAOI,2024-09-20,-0.053388,13.83
14.0,14,14,False,US.AAOI,AAOI,2024-09-23,-0.037645,14.06
14.0,14,14,False,US.AAOI,AAOI,2024-09-24,0.0,15.98
14.0,14,14,False,US.AAOI,AAOI,2024-09-25,-0.037547,15.38
14.0,14,14,False,US.AAOI,AAOI,2024-09-26,-0.073217,14.81
14.0,14,14,False,US.AAOI,AAOI,2024-09-27,-0.140488,13.735
14.0,14,14,False,US.AAOI,AAOI,2024-09-30,-0.104506,14.31
14.0,14,14,False,US.AAOI,AAOI,2024-10-01,-0.166458,13.32
14.0,14,14,False,US.AAOI,AAOI,2024-10-02,-0.139549,13.75
14.0,14,14,False,US.AAOI,AAOI,2024-10-03,-0.111702,14.195
14.0,14,14,False,US.AAOI,AAOI,2024-10-04,-0.038798,15.36
14.0,14,14,False,US.AAOI,AAOI,2024-10-07,-0.065081,14.94
14.0,14,14,False,US.AAOI,AAOI,2024-10-08,0.0,16.45
14.0,14,14,False,US.AAOI,AAOI,2024-10-09,-0.017021,16.17
14.0,14,14,False,US.AAOI,AAOI,2024-10-10,0.0,16.66
14.0,14,14,False,US.AAOI,AAOI,2024-10-11,0.0,17.86
14.0,14,14,False,US.AAOI,AAOI,2024-10-14,0.0,18.42
14.0,14,14,False,US.AAOI,AAOI,2024-10-15,-0.055375,17.4
14.0,14,14,False,US.AAOI,AAOI,2024-10-16,0.0,18.97
14.0,14,14,False,US.AAOI,AAOI,2024-10-17,0.0,19.0
14.0,14,14,False,US.AAOI,AAOI,2024-10-18,-0.022632,18.57
14.0,14,14,False,US.AAOI,AAOI,2024-10-21,-0.025789,18.51
14.0,14,14,False,US.AAOI,AAOI,2024-10-22,-0.072105,17.63
14.0,14,14,False,US.AAOI,AAOI,2024-10-23,-0.104737,17.01
14.0,14,14,False,US.AAOI,AAOI,2024-10-24,-0.081579,17.45
14.0,14,14,False,US.AAOI,AAOI,2024-10-25,-0.082105,17.44
14.0,14,14,False,US.AAOI,AAOI,2024-10-28,-0.126316,16.6
14.0,14,14,False,US.AAOI,AAOI,2024-10-29,-0.175263,15.67
14.0,14,14,False,US.AAOI,AAOI,2024-10-30,-0.139474,16.35
14.0,14,14,False,US.AAOI,AAOI,2024-10-31,-0.177895,15.62
14.0,14,14,False,US.AAOI,AAOI,2024-11-01,-0.113684,16.84
14.0,14,14,False,US.AAOI,AAOI,2024-11-04,-0.136842,16.4
14.0,14,14,False,US.AAOI,AAOI,2024-11-05,-0.129474,16.54
14.0,14,14,False,US.AAOI,AAOI,2024-11-06,-0.146842,16.21
14.0,14,14,False,US.AAOI,AAOI,2024-11-07,-0.057895,17.9
14.0,14,14,False,US.AAOI,AAOI,2024-11-08,0.0,27.76
14.0,14,14,False,US.AAOI,AAOI,2024-11-11,0.0,28.29
14.0,14,14,False,US.AAOI,AAOI,2024-11-12,0.0,28.54
14.0,14,14,False,US.AAOI,AAOI,2024-11-13,-0.044849,27.26
14.0,14,14,False,US.AAOI,AAOI,2024-11-14,-0.013665,28.15
14.0,14,14,False,US.AAOI,AAOI,2024-11-15,-0.060967,26.8
14.0,14,14,False,US.AAOI,AAOI,2024-11-18,-0.042747,27.32
14.0,14,14,False,US.AAOI,AAOI,2024-11-19,0.0,28.55
14.0,14,14,False,US.AAOI,AAOI,2024-11-20,0.0,34.07
14.0,14,14,False,US.AAOI,AAOI,2024-11-21,0.0,35.5
14.0,14,14,False,US.AAOI,AAOI,2024-11-22,0.0,37.99
14.0,14,14,False,US.AAOI,AAOI,2024-11-25,-0.002106,37.91
14.0,14,14,False,US.AAOI,AAOI,2024-11-26,-0.025533,37.02
14.0,14,14,False,US.AAOI,AAOI,2024-11-27,-0.041327,36.42
14.0,14,14,False,US.AAOI,AAOI,2024-11-29,0.0,41.22
14.0,14,14,False,US.AAOI,AAOI,2024-12-02,-0.011645,40.74
14.0,14,14,False,US.AAOI,AAOI,2024-12-03,0.0,41.74
14.0,14,14,False,US.AAOI,AAOI,2024-12-04,0.0,44.03
14.0,14,14,False,US.AAOI,AAOI,2024-12-05,-0.216898,34.48
14.0,14,14,False,US.AAOI,AAOI,2024-12-06,-0.116966,38.88
14.0,14,14,False,US.AAOI,AAOI,2024-12-09,-0.178742,36.16
14.0,14,14,False,US.AAOI,AAOI,2024-12-10,-0.248467,33.09
14.0,14,14,False,US.AAOI,AAOI,2024-12-11,-0.235181,33.675
14.0,14,14,False,US.AAOI,AAOI,2024-12-12,-0.250511,33.0
14.0,14,14,False,US.AAOI,AAOI,2024-12-13,-0.17261,36.43
14.0,14,14,False,US.AAOI,AAOI,2024-12-16,-0.203043,35.09
14.0,14,14,False,US.AAOI,AAOI,2024-12-17,-0.270725,32.11
14.0,14,14,False,US.AAOI,AAOI,2024-12-18,-0.228481,33.97
14.0,14,14,False,US.AAOI,AAOI,2024-12-19,-0.264365,32.39
14.0,14,14,False,US.AAOI,AAOI,2024-12-20,-0.14104,37.82
14.0,14,14,False,US.AAOI,AAOI,2024-12-23,-0.166023,36.72
14.0,14,14,False,US.AAOI,AAOI,2024-12-24,-0.095617,39.82
14.0,14,14,False,US.AAOI,AAOI,2024-12-26,-0.070179,40.94
14.0,14,14,False,US.AAOI,AAOI,2024-12-27,-0.142857,37.74
14.0,14,14,False,US.AAOI,AAOI,2024-12-30,-0.176925,36.24
14.0,14,14,False,US.AAOI,AAOI,2024-12-31,-0.162844,36.86
14.0,14,14,False,US.AAOI,AAOI,2025-01-02,-0.19146,35.6
14.0,14,14,False,US.AAOI,AAOI,2025-01-03,-0.139223,37.9
14.0,14,14,False,US.AAOI,AAOI,2025-01-06,-0.229389,33.93
14.0,14,14,False,US.AAOI,AAOI,2025-01-07,-0.250965,32.98
14.0,14,14,False,US.AAOI,AAOI,2025-01-08,-0.264819,32.37
14.0,14,14,False,US.AAOI,AAOI,2025-01-10,-0.282308,31.6
14.0,14,14,False,US.AAOI,AAOI,2025-01-13,-0.341585,28.99
14.0,14,14,False,US.AAOI,AAOI,2025-01-14,-0.368839,27.79
14.0,14,14,False,US.AAOI,AAOI,2025-01-15,-0.291846,31.18
14.0,14,14,False,US.AAOI,AAOI,2025-01-16,-0.29866,30.88
14.0,14,14,False,US.AAOI,AAOI,2025-01-17,-0.295253,31.03
14.0,14,14,False,US.AAOI,AAOI,2025-01-21,-0.31524,30.15
14.0,14,14,False,US.AAOI,AAOI,2025-01-22,-0.243697,33.3
14.0,14,14,False,US.AAOI,AAOI,2025-01-23,-0.261867,32.5
14.0,14,14,False,US.AAOI,AAOI,2025-01-24,-0.302975,30.69
14.0,14,14,False,US.AAOI,AAOI,2025-01-27,-0.442653,24.54
14.0,14,14,False,US.AAOI,AAOI,2025-01-28,-0.394277,26.67
14.0,14,14,False,US.AAOI,AAOI,2025-01-29,-0.397456,26.53
14.0,14,14,False,US.AAOI,AAOI,2025-01-30,-0.36248,28.07
14.0,14,14,False,US.AAOI,AAOI,2025-01-31,-0.365887,27.92
14.0,14,14,False,US.AAOI,AAOI,2025-02-03,-0.413355,25.83
14.0,14,14,False,US.AAOI,AAOI,2025-02-04,-0.38417,27.115
14.0,14,14,False,US.AAOI,AAOI,2025-02-05,-0.360436,28.16
14.0,14,14,False,US.AAOI,AAOI,2025-02-06,-0.310016,30.38
14.0,14,14,False,US.AAOI,AAOI,2025-02-07,-0.327504,29.61
14.0,14,14,False,US.AAOI,AAOI,2025-02-10,-0.306836,30.52
14.0,14,14,False,US.AAOI,AAOI,2025-02-11,-0.367477,27.85
14.0,14,14,False,US.AAOI,AAOI,2025-02-12,-0.431524,25.03
14.0,14,14,False,US.AAOI,AAOI,2025-02-13,-0.385873,27.04
14.0,14,14,False,US.AAOI,AAOI,2025-02-14,-0.411765,25.9
14.0,14,14,False,US.AAOI,AAOI,2025-02-18,-0.399727,26.43
14.0,14,14,False,US.AAOI,AAOI,2025-02-19,-0.379287,27.33
14.0,14,14,False,US.AAOI,AAOI,2025-02-20,-0.375426,27.5
14.0,14,14,False,US.AAOI,AAOI,2025-02-21,-0.385873,27.04
14.0,14,14,False,US.AAOI,AAOI,2025-02-24,-0.379514,27.32
14.0,14,14,False,US.AAOI,AAOI,2025-02-25,-0.469907,23.34
14.0,14,14,False,US.AAOI,AAOI,2025-02-26,-0.42789,25.19
14.0,14,14,False,US.AAOI,AAOI,2025-02-27,-0.454009,24.04
14.0,14,14,False,US.AAOI,AAOI,2025-02-28,-0.50352,21.86
14.0,14,14,False,US.AAOI,AAOI,2025-03-03,-0.597547,17.72
14.0,14,14,False,US.AAOI,AAOI,2025-03-04,-0.588008,18.14
14.0,14,14,False,US.AAOI,AAOI,2025-03-05,-0.589371,18.08
14.0,14,14,False,US.AAOI,AAOI,2025-03-06,-0.646832,15.55
14.0,14,14,False,US.AAOI,AAOI,2025-03-07,-0.6407,15.82
14.0,14,14,False,US.AAOI,AAOI,2025-03-10,-0.678628,14.15
14.0,14,14,False,US.AAOI,AAOI,2025-03-11,-0.657733,15.07
14.0,14,14,False,US.AAOI,AAOI,2025-03-12,-0.607086,17.3
14.0,14,14,False,US.AAOI,AAOI,2025-03-13,-0.639564,15.87
14.0,14,14,False,US.AAOI,AAOI,2025-03-14,-0.497842,22.11
14.0,14,14,False,US.AAOI,AAOI,2025-03-17,-0.523507,20.98
14.0,14,14,False,US.AAOI,AAOI,2025-03-18,-0.541222,20.2
14.0,14,14,False,US.AAOI,AAOI,2025-03-19,-0.5201,21.13
14.0,14,14,False,US.AAOI,AAOI,2025-03-20,-0.521236,21.08
14.0,14,14,False,US.AAOI,AAOI,2025-03-21,-0.535998,20.43
14.0,14,14,False,US.AAOI,AAOI,2025-03-24,-0.493981,22.28
14.0,14,14,False,US.AAOI,AAOI,2025-03-25,-0.505564,21.77
14.0,14,14,False,US.AAOI,AAOI,2025-03-26,-0.557347,19.49
14.0,14,14,False,US.AAOI,AAOI,2025-03-27,-0.596184,17.78
14.0,14,14,False,US.AAOI,AAOI,2025-03-28,-0.627981,16.38
14.0,14,14,False,US.AAOI,AAOI,2025-03-31,-0.651374,15.35
14.0,14,14,False,US.AAOI,AAOI,2025-04-01,-0.657279,15.09
14.0,14,14,False,US.AAOI,AAOI,2025-04-02,-0.63752,15.96
14.0,14,14,False,US.AAOI,AAOI,2025-04-03,-0.708608,12.83
14.0,14,14,False,US.AAOI,AAOI,2025-04-04,-0.754713,10.8
14.0,14,14,False,US.AAOI,AAOI,2025-04-07,-0.744947,11.23
14.0,14,14,False,US.AAOI,AAOI,2025-04-08,-0.756984,10.7
14.0,14,14,False,US.AAOI,AAOI,2025-04-09,-0.684988,13.87
14.0,14,14,False,US.AAOI,AAOI,2025-04-10,-0.733818,11.72
14.0,14,14,False,US.AAOI,AAOI,2025-04-11,-0.743811,11.28
14.0,14,14,False,US.AAOI,AAOI,2025-04-14,-0.744492,11.25
14.0,14,14,False,US.AAOI,AAOI,2025-04-15,-0.73995,11.45
14.0,14,14,False,US.AAOI,AAOI,2025-04-16,-0.763116,10.43
14.0,14,14,False,US.AAOI,AAOI,2025-04-17,-0.757892,10.66
14.0,14,14,False,US.AAOI,AAOI,2025-04-21,-0.771747,10.05
14.0,14,14,False,US.AAOI,AAOI,2025-04-22,-0.751306,10.95
14.0,14,14,False,US.AAOI,AAOI,2025-04-23,-0.735181,11.66
14.0,14,14,False,US.AAOI,AAOI,2025-04-24,-0.709516,12.79
14.0,14,14,False,US.AAOI,AAOI,2025-04-25,-0.71474,12.56
14.0,14,14,False,US.AAOI,AAOI,2025-04-28,-0.703157,13.07
14.0,14,14,False,US.AAOI,AAOI,2025-04-29,-0.708835,12.82
14.0,14,14,False,US.AAOI,AAOI,2025-04-30,-0.709516,12.79
14.0,14,14,False,US.AAOI,AAOI,2025-05-01,-0.66591,14.71
14.0,14,14,False,US.AAOI,AAOI,2025-05-02,-0.660232,14.96
14.0,14,14,False,US.AAOI,AAOI,2025-05-05,-0.672042,14.44
14.0,14,14,False,US.AAOI,AAOI,2025-05-06,-0.683398,13.94
14.0,14,14,False,US.AAOI,AAOI,2025-05-07,-0.682489,13.98
14.0,14,14,False,US.AAOI,AAOI,2025-05-08,-0.664774,14.76
14.0,14,14,False,US.AAOI,AAOI,2025-05-09,-0.666818,14.67
14.0,14,14,False,US.AAOI,AAOI,2025-05-12,-0.585737,18.24
14.0,14,14,False,US.AAOI,AAOI,2025-05-13,-0.539178,20.29
14.0,14,14,False,US.AAOI,AAOI,2025-05-14,-0.565978,19.11
14.0,14,14,False,US.AAOI,AAOI,2025-05-15,-0.571429,18.87
14.0,14,14,False,US.AAOI,AAOI,2025-05-16,-0.575517,18.69
14.0,14,14,False,US.AAOI,AAOI,2025-05-19,-0.567568,19.04
14.0,14,14,False,US.AAOI,AAOI,2025-05-20,-0.569385,18.96
14.0,14,14,False,US.AAOI,AAOI,2025-05-21,-0.61231,17.07
14.0,14,14,False,US.AAOI,AAOI,2025-05-22,-0.600045,17.61
14.0,14,14,False,US.AAOI,AAOI,2025-05-23,-0.593913,17.88
14.0,14,14,False,US.AAOI,AAOI,2025-05-27,-0.578469,18.56
14.0,14,14,False,US.AAOI,AAOI,2025-05-28,-0.599137,17.65
14.0,14,14,False,US.AAOI,AAOI,2025-05-29,-0.615489,16.93
14.0,14,14,False,US.AAOI,AAOI,2025-05-30,-0.649784,15.42
14.0,14,14,False,US.AAOI,AAOI,2025-06-02,-0.647627,15.515
14.0,14,14,False,US.AAOI,AAOI,2025-06-03,-0.61935,16.76
14.0,14,14,False,US.AAOI,AAOI,2025-06-04,-0.611401,17.11
14.0,14,14,False,US.AAOI,AAOI,2025-06-05,-0.630706,16.26
14.0,14,14,False,US.AAOI,AAOI,2025-06-06,-0.617761,16.83
14.0,14,14,False,US.AAOI,AAOI,2025-06-09,-0.616852,16.87
14.0,14,14,False,US.AAOI,AAOI,2025-06-10,-0.626618,16.44
14.0,14,14,False,US.AAOI,AAOI,2025-06-11,-0.629344,16.32
14.0,14,14,False,US.AAOI,AAOI,2025-06-12,-0.615717,16.92
14.0,14,14,False,US.AAOI,AAOI,2025-06-13,-0.648649,15.47
14.0,14,14,False,US.AAOI,AAOI,2025-06-16,-0.611856,17.09
14.0,14,14,False,US.AAOI,AAOI,2025-06-17,-0.618896,16.78
14.0,14,14,False,US.AAOI,AAOI,2025-06-18,-0.550988,19.77
14.0,14,14,False,US.AAOI,AAOI,2025-06-20,-0.467409,23.45
14.0,14,14,False,US.AAOI,AAOI,2025-06-23,-0.487395,22.57
14.0,14,14,False,US.AAOI,AAOI,2025-06-24,-0.471042,23.29
14.0,14,14,False,US.AAOI,AAOI,2025-06-25,-0.40427,26.23
14.0,14,14,False,US.AAOI,AAOI,2025-06-26,-0.369294,27.77
14.0,14,14,False,US.AAOI,AAOI,2025-06-27,-0.404497,26.22
14.0,14,14,False,US.AAOI,AAOI,2025-06-30,-0.416534,25.69
14.0,14,14,False,US.AAOI,AAOI,2025-07-01,-0.424256,25.35
14.0,14,14,False,US.AAOI,AAOI,2025-07-02,-0.393822,26.69
14.0,14,14,False,US.AAOI,AAOI,2025-07-03,-0.34908,28.66
14.0,14,14,False,US.AAOI,AAOI,2025-07-07,-0.3995,26.44
14.0,14,14,False,US.AAOI,AAOI,2025-07-08,-0.389507,26.88
14.0,14,14,False,US.AAOI,AAOI,2025-07-09,-0.365887,27.92
14.0,14,14,False,US.AAOI,AAOI,2025-07-10,-0.358392,28.25
14.0,14,14,False,US.AAOI,AAOI,2025-07-11,-0.354985,28.4
14.0,14,14,False,US.AAOI,AAOI,2025-07-14,-0.330116,29.495
14.0,14,14,False,US.AAOI,AAOI,2025-07-15,-0.335907,29.24
14.0,14,14,False,US.AAOI,AAOI,2025-07-16,-0.341699,28.985
14.0,14,14,False,US.AAOI,AAOI,2025-07-17,-0.331819,29.42
14.0,14,14,False,US.AAOI,AAOI,2025-07-18,-0.349762,28.63
14.0,14,14,False,US.AAOI,AAOI,2025-07-21,-0.358846,28.23
14.0,14,14,False,US.AAOI,AAOI,2025-07-22,-0.401544,26.35
14.0,14,14,False,US.AAOI,AAOI,2025-07-23,-0.402566,26.305
14.0,14,14,False,US.AAOI,AAOI,2025-07-24,-0.413127,25.84
14.0,14,14,False,US.AAOI,AAOI,2025-07-25,-0.383829,27.13
14.0,14,14,False,US.AAOI,AAOI,2025-07-28,-0.427209,25.22
14.0,14,14,False,US.AAOI,AAOI,2025-07-29,-0.452419,24.11
14.0,14,14,False,US.AAOI,AAOI,2025-07-30,-0.476266,23.06
14.0,14,14,False,US.AAOI,AAOI,2025-07-31,-0.480581,22.87
14.0,14,14,False,US.AAOI,AAOI,2025-08-01,-0.511015,21.53
14.0,14,14,False,US.AAOI,AAOI,2025-08-04,-0.496025,22.19
14.0,14,14,False,US.AAOI,AAOI,2025-08-05,-0.513627,21.415
14.0,14,14,False,US.AAOI,AAOI,2025-08-06,-0.472405,23.23
14.0,14,14,False,US.AAOI,AAOI,2025-08-07,-0.492846,22.33
14.0,14,14,False,US.AAOI,AAOI,2025-08-08,-0.509653,21.59
14.0,14,14,False,US.AAOI,AAOI,2025-08-11,-0.526232,20.86
14.0,14,14,False,US.AAOI,AAOI,2025-08-12,-0.482398,22.79
14.0,14,14,False,US.AAOI,AAOI,2025-08-13,-0.477175,23.02
14.0,14,14,False,US.AAOI,AAOI,2025-08-14,-0.522825,21.01
14.0,14,14,False,US.AAOI,AAOI,2025-08-15,-0.492051,22.365
14.0,14,14,False,US.AAOI,AAOI,2025-08-18,-0.406541,26.13
14.0,14,14,False,US.AAOI,AAOI,2025-08-19,-0.482853,22.77
14.0,14,14,False,US.AAOI,AAOI,2025-08-20,-0.501931,21.93
14.0,14,14,False,US.AAOI,AAOI,2025-08-21,-0.461731,23.7
14.0,14,14,False,US.AAOI,AAOI,2025-08-22,-0.436975,24.79
14.0,14,14,False,US.AAOI,AAOI,2025-08-25,-0.447195,24.34
14.0,14,14,False,US.AAOI,AAOI,2025-08-26,-0.430615,25.07
14.0,14,14,False,US.AAOI,AAOI,2025-08-27,-0.453782,24.05
14.0,14,14,False,US.AAOI,AAOI,2025-08-28,-0.421077,25.49
14.0,14,14,False,US.AAOI,AAOI,2025-08-29,-0.450375,24.2
14.0,14,14,False,US.AAOI,AAOI,2025-09-02,-0.46968,23.35
14.0,14,14,False,US.AAOI,AAOI,2025-09-03,-0.477175,23.02
14.0,14,14,False,US.AAOI,AAOI,2025-09-04,-0.470361,23.32
14.0,14,14,False,US.AAOI,AAOI,2025-09-05,-0.455144,23.99
14.0,14,14,False,US.AAOI,AAOI,2025-09-08,-0.46332,23.63
14.0,14,14,False,US.AAOI,AAOI,2025-09-09,-0.461276,23.72
14.0,14,14,False,US.AAOI,AAOI,2025-09-10,-0.370429,27.72
14.0,14,14,False,US.AAOI,AAOI,2025-09-11,-0.390189,26.85
14.0,14,14,False,US.AAOI,AAOI,2025-09-12,-0.385192,27.07
14.0,14,14,False,US.AAOI,AAOI,2025-09-15,-0.32864,29.56
14.0,14,14,False,US.AAOI,AAOI,2025-09-16,-0.342948,28.93
14.0,14,14,False,US.AAOI,AAOI,2025-09-17,-0.330684,29.47
14.0,14,14,False,US.AAOI,AAOI,2025-09-18,-0.34045,29.04
14.0,14,14,False,US.AAOI,AAOI,2025-09-19,-0.341585,28.99
14.0,14,14,False,US.AAOI,AAOI,2025-09-22,-0.306382,30.54
14.0,14,14,False,US.AAOI,AAOI,2025-09-23,-0.362707,28.06
14.0,14,14,False,US.AAOI,AAOI,2025-09-24,-0.393822,26.69
14.0,14,14,False,US.AAOI,AAOI,2025-09-25,-0.401772,26.34
14.0,14,14,False,US.AAOI,AAOI,2025-09-26,-0.414717,25.77
14.0,14,14,False,US.AAOI,AAOI,2025-09-29,-0.410856,25.94
14.0,14,14,False,US.AAOI,AAOI,2025-09-30,-0.411083,25.93
14.0,14,14,False,US.AAOI,AAOI,2025-10-01,-0.354531,28.42
14.0,14,14,False,US.AAOI,AAOI,2025-10-02,-0.364524,27.98
14.0,14,14,False,US.AAOI,AAOI,2025-10-03,-0.36566,27.93
14.0,14,14,False,US.AAOI,AAOI,2025-10-06,-0.232569,33.79
14.0,14,14,False,US.AAOI,AAOI,2025-10-07,-0.288326,31.335
14.0,14,14,False,US.AAOI,AAOI,2025-10-08,-0.268226,32.22
14.0,14,14,False,US.AAOI,AAOI,2025-10-09,-0.264819,32.37
14.0,14,14,False,US.AAOI,AAOI,2025-10-10,-0.383375,27.15
14.0,14,14,False,US.AAOI,AAOI,2025-10-13,-0.339087,29.1
14.0,14,14,False,US.AAOI,AAOI,2025-10-14,-0.353168,28.48
14.0,14,14,False,US.AAOI,AAOI,2025-10-15,-0.251647,32.95
14.0,14,14,False,US.AAOI,AAOI,2025-10-16,-0.292755,31.14
14.0,14,14,False,US.AAOI,AAOI,2025-10-17,-0.27504,31.92
14.0,14,14,False,US.AAOI,AAOI,2025-10-20,-0.22462,34.14
14.0,14,14,False,US.AAOI,AAOI,2025-10-21,-0.241426,33.4
14.0,14,14,False,US.AAOI,AAOI,2025-10-22,-0.319214,29.975
14.0,14,14,False,US.AAOI,AAOI,2025-10-23,-0.28685,31.4
14.0,14,14,False,US.AAOI,AAOI,2025-10-24,-0.227572,34.01
14.0,14,14,False,US.AAOI,AAOI,2025-10-27,-0.154667,37.22
14.0,14,14,False,US.AAOI,AAOI,2025-10-28,-0.162616,36.87
14.0,14,14,False,US.AAOI,AAOI,2025-10-29,-0.194186,35.48
14.0,14,14,False,US.AAOI,AAOI,2025-10-30,-0.203498,35.07
14.0,14,14,False,US.AAOI,AAOI,2025-10-31,-0.192369,35.56
14.0,14,14,False,US.AAOI,AAOI,2025-11-03,-0.249603,33.04
14.0,14,14,False,US.AAOI,AAOI,2025-11-04,-0.330002,29.5
14.0,14,14,False,US.AAOI,AAOI,2025-11-05,-0.284352,31.51
14.0,14,14,False,US.AAOI,AAOI,2025-11-06,-0.339087,29.1
14.0,14,14,False,US.AAOI,AAOI,2025-11-07,-0.351124,28.57
14.0,14,14,False,US.AAOI,AAOI,2025-11-10,-0.422666,25.42
14.0,14,14,False,US.AAOI,AAOI,2025-11-11,-0.460595,23.75
14.0,14,14,False,US.AAOI,AAOI,2025-11-12,-0.45628,23.94
14.0,14,14,False,US.AAOI,AAOI,2025-11-13,-0.525097,20.91
14.0,14,14,False,US.AAOI,AAOI,2025-11-14,-0.512491,21.465
14.0,14,14,False,US.AAOI,AAOI,2025-11-17,-0.508744,21.63
14.0,14,14,False,US.AAOI,AAOI,2025-11-18,-0.525551,20.89
14.0,14,14,False,US.AAOI,AAOI,2025-11-19,-0.526005,20.87
14.0,14,14,False,US.AAOI,AAOI,2025-11-20,-0.557347,19.49
14.0,14,14,False,US.AAOI,AAOI,2025-11-21,-0.532591,20.58
14.0,14,14,False,US.AAOI,AAOI,2025-11-24,-0.489666,22.47
14.0,14,14,False,US.AAOI,AAOI,2025-11-25,-0.483761,22.73
14.0,14,14,False,US.AAOI,AAOI,2025-11-26,-0.41926,25.57
14.0,14,14,False,US.AAOI,AAOI,2025-11-28,-0.391778,26.78
14.0,14,14,False,US.AAOI,AAOI,2025-12-01,-0.397456,26.53
14.0,14,14,False,US.AAOI,AAOI,2025-12-02,-0.409039,26.02
14.0,14,14,False,US.AAOI,AAOI,2025-12-03,-0.417443,25.65
14.0,14,14,False,US.AAOI,AAOI,2025-12-04,-0.404043,26.24
14.0,14,14,False,US.AAOI,AAOI,2025-12-05,-0.396094,26.59
14.0,14,14,False,US.AAOI,AAOI,2025-12-08,-0.367704,27.84
14.0,14,14,False,US.AAOI,AAOI,2025-12-09,-0.310016,30.38
14.0,14,14,False,US.AAOI,AAOI,2025-12-10,-0.205542,34.98
14.0,14,14,False,US.AAOI,AAOI,2025-12-11,-0.175108,36.32
14.0,14,14,False,US.AAOI,AAOI,2025-12-12,-0.27186,32.06
14.0,14,14,False,US.AAOI,AAOI,2025-12-15,-0.320918,29.9
14.0,14,14,False,US.AAOI,AAOI,2025-12-16,-0.342267,28.96
14.0,14,14,False,US.AAOI,AAOI,2025-12-17,-0.383602,27.14
14.0,14,14,False,US.AAOI,AAOI,2025-12-18,-0.33568,29.25
14.0,14,14,False,US.AAOI,AAOI,2025-12-19,-0.288667,31.32
14.0,14,14,False,US.AAOI,AAOI,2025-12-22,-0.112083,39.095
14.0,14,14,False,US.AAOI,AAOI,2025-12-23,-0.076993,40.64
14.0,14,14,False,US.AAOI,AAOI,2025-12-24,-0.068817,41.0
14.0,14,14,False,US.AAOI,AAOI,2025-12-26,-0.155803,37.17
14.0,14,14,False,US.AAOI,AAOI,2025-12-29,-0.165342,36.75
14.0,14,14,False,US.AAOI,AAOI,2025-12-30,-0.181921,36.02
14.0,14,14,False,US.AAOI,AAOI,2025-12-31,-0.208267,34.86
14.0,14,14,False,US.AAOI,AAOI,2026-01-02,-0.100613,39.6
14.0,14,14,False,US.AAOI,AAOI,2026-01-05,-0.205315,34.99
14.0,14,14,False,US.AAOI,AAOI,2026-01-06,-0.123098,38.61
14.0,14,14,False,US.AAOI,AAOI,2026-01-07,-0.135703,38.055
14.0,14,14,False,US.AAOI,AAOI,2026-01-08,-0.250284,33.01
14.0,14,14,False,US.AAOI,AAOI,2026-01-09,-0.226891,34.04
14.0,14,14,False,US.AAOI,AAOI,2026-01-12,-0.234159,33.72
14.0,14,14,False,US.AAOI,AAOI,2026-01-13,-0.223711,34.18
14.0,14,14,False,US.AAOI,AAOI,2026-01-14,-0.217125,34.47
14.0,14,14,False,US.AAOI,AAOI,2026-01-15,-0.159664,37.0
14.0,14,14,False,US.AAOI,AAOI,2026-01-16,-0.158755,37.04
14.0,14,14,False,US.AAOI,AAOI,2026-01-20,-0.108335,39.26
14.0,14,14,False,US.AAOI,AAOI,2026-01-21,-0.128322,38.38
14.0,14,14,False,US.AAOI,AAOI,2026-01-22,-0.133545,38.15
14.0,14,14,False,US.AAOI,AAOI,2026-01-23,-0.188735,35.72
14.0,14,14,False,US.AAOI,AAOI,2026-01-26,-0.207586,34.89
14.0,14,14,False,US.AAOI,AAOI,2026-01-27,-0.150806,37.39
14.0,14,14,False,US.AAOI,AAOI,2026-01-28,0.0,45.23
14.0,14,14,False,US.AAOI,AAOI,2026-01-29,-0.125138,39.57
14.0,14,14,False,US.AAOI,AAOI,2026-01-30,-0.035817,43.61
14.0,14,14,False,US.AAOI,AAOI,2026-02-02,-0.023657,44.16
14.0,14,14,False,US.AAOI,AAOI,2026-02-03,0.0,46.12
14.0,14,14,False,US.AAOI,AAOI,2026-02-04,-0.134866,39.9
14.0,14,14,False,US.AAOI,AAOI,2026-02-05,-0.173244,38.13
14.0,14,14,False,US.AAOI,AAOI,2026-02-06,-0.039462,44.3
14.0,14,14,False,US.AAOI,AAOI,2026-02-09,0.0,47.91
14.0,14,14,False,US.AAOI,AAOI,2026-02-10,0.0,48.49
14.0,14,14,False,US.AAOI,AAOI,2026-02-11,-0.001856,48.4
14.0,14,14,False,US.AAOI,AAOI,2026-02-12,-0.092803,43.99
14.0,14,14,False,US.AAOI,AAOI,2026-02-13,-0.08311,44.46
14.0,14,14,False,US.AAOI,AAOI,2026-02-17,-0.094452,43.91
14.0,14,14,False,US.AAOI,AAOI,2026-02-18,-0.104145,43.44
14.0,14,14,False,US.AAOI,AAOI,2026-02-19,-0.03114,46.98
14.0,14,14,False,US.AAOI,AAOI,2026-02-20,0.0,51.68
14.0,14,14,False,US.AAOI,AAOI,2026-02-23,0.0,53.96
14.0,14,14,False,US.AAOI,AAOI,2026-02-24,0.0,56.27
14.0,14,14,False,US.AAOI,AAOI,2026-02-25,0.0,58.12
14.0,14,14,False,US.AAOI,AAOI,2026-02-26,-0.076222,53.69
14.0,14,14,False,US.AAOI,AAOI,2026-02-27,0.0,84.23
14.0,14,14,False,US.AAOI,AAOI,2026-03-02,0.0,102.51
14.0,14,14,False,US.AAOI,AAOI,2026-03-03,-0.069944,95.34
14.0,14,14,False,US.AAOI,AAOI,2026-03-04,-0.027314,99.71
14.0,14,14,False,US.AAOI,AAOI,2026-03-05,-0.013365,101.14
14.0,14,14,False,US.AAOI,AAOI,2026-03-06,-0.067603,95.58
14.0,14,14,False,US.AAOI,AAOI,2026-03-09,0.0,110.62
14.0,14,14,False,US.AAOI,AAOI,2026-03-10,0.0,120.49
14.0,14,14,False,US.AAOI,AAOI,2026-03-11,0.0,127.01
14.0,14,14,False,US.AAOI,AAOI,2026-03-12,-0.163924,106.19
14.0,14,14,False,US.AAOI,AAOI,2026-03-13,-0.237777,96.81
14.0,14,14,False,US.AAOI,AAOI,2026-03-16,-0.25935,94.07
14.0,14,14,False,US.AAOI,AAOI,2026-03-17,-0.32029,86.33
14.0,14,14,False,US.AAOI,AAOI,2026-03-18,-0.270687,92.63
14.0,14,14,False,US.AAOI,AAOI,2026-03-19,-0.197544,101.92
14.0,14,14,False,US.AAOI,AAOI,2026-03-20,-0.310763,87.54
14.0,14,14,False,US.AAOI,AAOI,2026-03-23,-0.246044,95.76
14.0,14,14,False,US.AAOI,AAOI,2026-03-24,-0.10322,113.9
14.0,14,14,False,US.AAOI,AAOI,2026-03-25,-0.099205,114.41
14.0,14,14,False,US.AAOI,AAOI,2026-03-26,-0.232974,97.42
14.0,14,14,False,US.AAOI,AAOI,2026-03-27,-0.226754,98.21
14.0,14,14,False,US.AAOI,AAOI,2026-03-30,-0.329265,85.19
14.0,14,14,False,US.AAOI,AAOI,2026-03-31,-0.333989,84.59
14.0,14,14,False,US.AAOI,AAOI,2026-04-01,-0.320132,86.35
14.0,14,14,False,US.AAOI,AAOI,2026-04-02,-0.181875,103.91
14.0,14,14,False,US.AAOI,AAOI,2026-04-06,-0.154004,107.45
14.0,14,14,False,US.AAOI,AAOI,2026-04-07,-0.073774,117.64
14.0,14,14,False,US.AAOI,AAOI,2026-04-08,0.0,132.7
14.0,14,14,False,US.AAOI,AAOI,2026-04-09,0.0,141.31
14.0,14,14,False,US.AAOI,AAOI,2026-04-10,0.0,147.09
14.0,14,14,False,US.AAOI,AAOI,2026-04-13,0.0,152.465
14.0,14,14,False,US.AAOI,AAOI,2026-04-14,-0.040517,146.2876
14.0,14,14,False,US.AAOI,AAOI,2026-04-15,-0.105532,136.375
14.0,14,14,False,US.AAOI,AAOI,2026-04-16,0.0,157.32
14.0,14,14,False,US.AAOI,AAOI,2026-04-17,0.0,159.42
14.0,14,14,False,US.AAOI,AAOI,2026-04-20,-0.021955,155.92
14.0,14,14,False,US.AAOI,AAOI,2026-04-21,-0.055514,150.57
14.0,14,14,False,US.AAOI,AAOI,2026-04-22,-0.062727,149.42
14.0,14,14,False,US.AAOI,AAOI,2026-04-23,-0.136056,137.73
14.0,14,14,False,US.AAOI,AAOI,2026-04-24,0.0,162.17
14.0,14,14,False,US.AAOI,AAOI,2026-04-27,-0.101067,145.78
14.0,14,14,False,US.AAOI,AAOI,2026-04-28,-0.153604,137.26
14.0,14,14,False,US.AAOI,AAOI,2026-04-29,-0.057594,152.83
14.0,14,14,False,US.AAOI,AAOI,2026-04-30,0.0,164.36
14.0,14,14,False,US.AAOI,AAOI,2026-05-01,0.0,183.51
14.0,14,14,False,US.AAOI,AAOI,2026-05-04,-0.057381,172.98
14.0,14,14,False,US.AAOI,AAOI,2026-05-05,-0.016021,180.57
14.0,14,14,False,US.AAOI,AAOI,2026-05-06,-0.027083,178.54
14.0,14,14,False,US.AAOI,AAOI,2026-05-07,-0.141464,157.55
14.0,14,14,False,US.AAOI,AAOI,2026-05-08,-0.188382,148.94
14.0,14,14,False,US.AAOI,AAOI,2026-05-11,0.0,184.9
14.0,14,14,False,US.AAOI,AAOI,2026-05-12,0.0,188.28
14.0,14,14,False,US.AAOI,AAOI,2026-05-13,0.0,223.1
14.0,14,14,False,US.AAOI,AAOI,2026-05-14,-0.087539,203.57
14.0,14,14,False,US.AAOI,AAOI,2026-05-15,-0.14675,190.36
14.0,14,14,False,US.AAOI,AAOI,2026-05-18,-0.223398,173.26
14.0,14,14,False,US.AAOI,AAOI,2026-05-19,-0.232048,171.33
14.0,14,14,False,US.AAOI,AAOI,2026-05-20,-0.259256,165.26
14.0,14,14,False,US.AAOI,AAOI,2026-05-21,-0.207485,176.81
14.0,14,14,False,US.AAOI,AAOI,2026-05-22,-0.186508,181.49
14.0,14,14,False,US.AAOI,AAOI,2026-05-26,-0.203855,177.62
14.0,14,14,False,US.AAOI,AAOI,2026-05-27,-0.193949,179.83
14.0,14,14,False,US.AAOI,AAOI,2026-05-28,-0.242403,169.02
14.0,14,14,False,US.AAOI,AAOI,2026-05-29,-0.28996,158.41
14.0,14,14,False,US.AAOI,AAOI,2026-06-01,-0.167772,185.67
14.0,14,14,False,US.AAOI,AAOI,2026-06-02,-0.092918,202.37
14.0,14,14,False,US.AAOI,AAOI,2026-06-03,-0.174944,184.07
14.0,14,14,False,US.AAOI,AAOI,2026-06-04,-0.090587,202.89
14.0,14,14,False,US.AAOI,AAOI,2026-06-05,-0.206634,177.0
14.0,14,14,False,US.AAOI,AAOI,2026-06-08,-0.118602,196.64
14.0,14,14,False,US.AAOI,AAOI,2026-06-09,-0.269924,162.88
14.0,14,14,False,US.AAOI,AAOI,2026-06-10,-0.215016,175.13
14.0,14,14,False,US.AAOI,AAOI,2026-06-11,-0.225549,172.78
14.0,14,14,False,US.AAOI,AAOI,2026-06-12,-0.242268,169.05
14.0,14,14,False,US.AAOI,AAOI,2026-06-15,-0.141416,191.55
14.0,14,14,False,US.AAOI,AAOI,2026-06-16,-0.234379,170.81
14.0,14,14,False,US.AAOI,AAOI,2026-06-17,-0.249933,167.34
14.0,14,14,False,US.AAOI,AAOI,2026-06-18,-0.274541,161.85
14.0,14,14,False,US.AAOI,AAOI,2026-06-22,-0.232497,171.23
14.0,14,14,False,US.AAOI,AAOI,2026-06-23,-0.33913,147.44
14.0,14,14,False,US.AAOI,AAOI,2026-06-24,-0.341237,146.97
14.0,14,14,False,US.AAOI,AAOI,2026-06-25,-0.379023,138.54
14.0,14,14,False,US.AAOI,AAOI,2026-06-26,-0.391797,135.69
14.0,14,14,False,US.AAOI,AAOI,2026-06-29,-0.327208,150.1
14.0,14,14,False,US.AAOI,AAOI,2026-06-30,-0.335903,148.16
14.0,14,14,False,US.AAOI,AAOI,2026-07-01,-0.376961,139.0
14.0,14,14,False,US.AAOI,AAOI,2026-07-02,-0.457866,120.95
14.0,14,14,False,US.AAOI,AAOI,2026-07-06,-0.447064,123.36
14.0,14,14,False,US.AAOI,AAOI,2026-07-07,-0.487181,114.41
14.0,14,14,False,US.AAOI,AAOI,2026-07-08,-0.487046,114.44
14.0,14,14,False,US.AAOI,AAOI,2026-07-09,-0.452219,122.21
14.0,14,14,False,US.AAOI,AAOI,2026-07-10,-0.462483,119.92
14.0,14,14,False,US.AAOI,AAOI,2026-07-13,-0.498521,111.88
14.0,14,14,False,US.AAOI,AAOI,2026-07-14,-0.437696,125.45
14.0,14,14,False,US.AAOI,AAOI,2026-07-15,-0.511026,109.09
14.0,14,14,False,US.AAOI,AAOI,2026-07-16,-0.550695,100.24
14.0,14,14,False,US.AAOI,AAOI,2026-07-17,-0.540968,102.41
14.0,14,14,False,US.AAOI,AAOI,2026-07-20,-0.538234,103.02
14.0,14,14,False,US.AAOI,AAOI,2026-07-21,-0.465442,119.26
14.0,14,14,False,US.AAOI,AAOI,2026-07-22,-0.504617,110.52
14.0,14,14,False,US.AAOI,AAOI,2026-07-23,-0.497893,112.02
14.0,14,14,False,US.AAOI,AAOI,2026-07-24,-0.551098,100.15
14.0,14,14,False,US.AAOI,AAOI,2026-07-27,-0.561542,97.82
14.0,14,14,False,US.AAOI,AAOI,2026-07-28,-0.604931,88.14
14.0,14,14,False,US.AAOI,AAOI,2026-07-29,-0.657015,76.52
14.0,14,14,False,US.AAOI,AAOI,2026-07-30,-0.5961,90.11
14.0,14,14,False,US.AAOI,AAOI,2026-07-31,-0.57723,94.32
14.0,14,14,False,US.AAOI,AAOI,2026-08-03,-0.506006,110.21
14.0,14,14,False,US.AAOI,AAOI,2026-08-04,-0.409996,131.63
14.0,14,14,False,US.AAOI,AAOI,2026-08-05,-0.423756,128.56
14.0,14,14,False,US.AAOI,AAOI,2026-08-06,-0.443209,124.22
14.0,14,14,False,US.AAOI,AAOI,2026-08-07,-0.392066,135.63
14.0,14,14,False,US.AAOI,AAOI,2026-08-10,-0.404706,132.81
14.0,14,14,False,US.AAOI,AAOI,2026-08-11,-0.397893,134.33
14.0,14,14,False,US.AAOI,AAOI,2026-08-12,-0.381085,138.08
14.0,14,14,False,US.AAOI,AAOI,2026-08-13,-0.416943,130.08
14.0,14,14,False,US.AAOI,AAOI,2026-08-14,-0.326401,150.28
14.0,14,14,False,US.AAOI,AAOI,2026-08-17,-0.305737,154.89
14.0,14,14,False,US.AAOI,AAOI,2026-08-18,-0.410982,131.41
14.0,14,14,False,US.AAOI,AAOI,2026-08-19,-0.452308,122.19
14.0,14,14,False,US.AAOI,AAOI,2026-08-20,-0.421336,129.1
14.0,14,14,False,US.AAOI,AAOI,2026-08-21,-0.44052,124.82
14.0,14,14,False,US.AAOI,AAOI,2026-08-24,-0.517571,107.63
14.0,14,14,False,US.AAOI,AAOI,2026-08-25,-0.492828,113.15
14.0,14,14,False,US.AAOI,AAOI,2026-08-26,-0.490094,113.76
14.0,14,14,False,US.AAOI,AAOI,2026-08-27,-0.492246,113.28
14.0,14,14,False,US.AAOI,AAOI,2026-08-28,-0.523846,106.23
14.0,14,14,False,US.AAOI,AAOI,2026-08-31,-0.517302,107.69
14.0,14,14,False,US.AAOI,AAOI,2026-09-01,-0.536576,103.39
14.0,14,14,False,US.AAOI,AAOI,2026-09-02,-0.537741,103.13
14.0,14,14,False,US.AAOI,AAOI,2026-09-03,-0.550067,100.38
14.0,14,14,False,US.AAOI,AAOI,2026-09-04,-0.526983,105.53
14.0,14,14,False,US.AAOI,AAOI,2026-09-08,-0.482967,115.35
15.0,15,15,False,US.AMD,AMD,2024-09-09,0.0,138.15
15.0,15,15,False,US.AMD,AMD,2024-09-10,0.0,142.84
15.0,15,15,False,US.AMD,AMD,2024-09-11,0.0,149.86
15.0,15,15,False,US.AMD,AMD,2024-09-12,0.0,150.77
15.0,15,15,False,US.AMD,AMD,2024-09-13,0.0,152.31
15.0,15,15,False,US.AMD,AMD,2024-09-16,-0.00151,152.08
15.0,15,15,False,US.AMD,AMD,2024-09-17,-0.009783,150.82
15.0,15,15,False,US.AMD,AMD,2024-09-18,-0.026394,148.29
15.0,15,15,False,US.AMD,AMD,2024-09-19,0.0,156.74
15.0,15,15,False,US.AMD,AMD,2024-09-20,-0.00504,155.95
15.0,15,15,False,US.AMD,AMD,2024-09-23,0.0,156.75
15.0,15,15,False,US.AMD,AMD,2024-09-24,0.0,158.32
15.0,15,15,False,US.AMD,AMD,2024-09-25,0.0,162.02
15.0,15,15,False,US.AMD,AMD,2024-09-26,0.0,167.49
15.0,15,15,False,US.AMD,AMD,2024-09-27,-0.018747,164.35
15.0,15,15,False,US.AMD,AMD,2024-09-30,-0.020359,164.08
15.0,15,15,False,US.AMD,AMD,2024-10-01,-0.046212,159.75
15.0,15,15,False,US.AMD,AMD,2024-10-02,-0.046033,159.78
15.0,15,15,False,US.AMD,AMD,2024-10-03,-0.027703,162.85
15.0,15,15,False,US.AMD,AMD,2024-10-04,0.0,170.9
15.0,15,15,False,US.AMD,AMD,2024-10-07,0.0,170.97
15.0,15,15,False,US.AMD,AMD,2024-10-08,0.0,172.8
15.0,15,15,False,US.AMD,AMD,2024-10-09,-0.010301,171.02
15.0,15,15,False,US.AMD,AMD,2024-10-10,-0.049884,164.18
15.0,15,15,False,US.AMD,AMD,2024-10-11,-0.028414,167.89
15.0,15,15,False,US.AMD,AMD,2024-10-14,-0.043576,165.27
15.0,15,15,False,US.AMD,AMD,2024-10-15,-0.093519,156.64
15.0,15,15,False,US.AMD,AMD,2024-10-16,-0.09647,156.13
15.0,15,15,False,US.AMD,AMD,2024-10-17,-0.095775,156.25
15.0,15,15,False,US.AMD,AMD,2024-10-18,-0.097396,155.97
15.0,15,15,False,US.AMD,AMD,2024-10-21,-0.086227,157.9
15.0,15,15,False,US.AMD,AMD,2024-10-22,-0.108275,154.09
15.0,15,15,False,US.AMD,AMD,2024-10-23,-0.115104,152.91
15.0,15,15,False,US.AMD,AMD,2024-10-24,-0.112037,153.44
15.0,15,15,False,US.AMD,AMD,2024-10-25,-0.095891,156.23
15.0,15,15,False,US.AMD,AMD,2024-10-28,-0.074537,159.92
15.0,15,15,False,US.AMD,AMD,2024-10-29,-0.037905,166.25
15.0,15,15,False,US.AMD,AMD,2024-10-30,-0.140046,148.6
15.0,15,15,False,US.AMD,AMD,2024-10-31,-0.166262,144.07
15.0,15,15,False,US.AMD,AMD,2024-11-01,-0.179051,141.86
15.0,15,15,False,US.AMD,AMD,2024-11-04,-0.185706,140.71
15.0,15,15,False,US.AMD,AMD,2024-11-05,-0.180208,141.66
15.0,15,15,False,US.AMD,AMD,2024-11-06,-0.160301,145.1
15.0,15,15,False,US.AMD,AMD,2024-11-07,-0.132986,149.82
15.0,15,15,False,US.AMD,AMD,2024-11-08,-0.143808,147.95
15.0,15,15,False,US.AMD,AMD,2024-11-11,-0.14728,147.35
15.0,15,15,False,US.AMD,AMD,2024-11-12,-0.168808,143.63
15.0,15,15,False,US.AMD,AMD,2024-11-13,-0.193866,139.3
15.0,15,15,False,US.AMD,AMD,2024-11-14,-0.196528,138.84
15.0,15,15,False,US.AMD,AMD,2024-11-15,-0.219329,134.9
15.0,15,15,False,US.AMD,AMD,2024-11-18,-0.196007,138.93
15.0,15,15,False,US.AMD,AMD,2024-11-19,-0.193345,139.39
15.0,15,15,False,US.AMD,AMD,2024-11-20,-0.203704,137.6
15.0,15,15,False,US.AMD,AMD,2024-11-21,-0.20434,137.49
15.0,15,15,False,US.AMD,AMD,2024-11-22,-0.199363,138.35
15.0,15,15,False,US.AMD,AMD,2024-11-25,-0.183275,141.13
15.0,15,15,False,US.AMD,AMD,2024-11-26,-0.203009,137.72
15.0,15,15,False,US.AMD,AMD,2024-11-27,-0.211574,136.24
15.0,15,15,False,US.AMD,AMD,2024-11-29,-0.206163,137.175
15.0,15,15,False,US.AMD,AMD,2024-12-02,-0.177894,142.06
15.0,15,15,False,US.AMD,AMD,2024-12-03,-0.178356,141.98
15.0,15,15,False,US.AMD,AMD,2024-12-04,-0.166725,143.99
15.0,15,15,False,US.AMD,AMD,2024-12-05,-0.181944,141.36
15.0,15,15,False,US.AMD,AMD,2024-12-06,-0.197975,138.59
15.0,15,15,False,US.AMD,AMD,2024-12-09,-0.24265,130.87
15.0,15,15,False,US.AMD,AMD,2024-12-10,-0.260764,127.74
15.0,15,15,False,US.AMD,AMD,2024-12-11,-0.246817,130.15
15.0,15,15,False,US.AMD,AMD,2024-12-12,-0.244213,130.6
15.0,15,15,False,US.AMD,AMD,2024-12-13,-0.265567,126.91
15.0,15,15,False,US.AMD,AMD,2024-12-16,-0.26684,126.69
15.0,15,15,False,US.AMD,AMD,2024-12-17,-0.276505,125.02
15.0,15,15,False,US.AMD,AMD,2024-12-18,-0.297396,121.41
15.0,15,15,False,US.AMD,AMD,2024-12-19,-0.312037,118.88
15.0,15,15,False,US.AMD,AMD,2024-12-20,-0.310127,119.21
15.0,15,15,False,US.AMD,AMD,2024-12-23,-0.278935,124.6
15.0,15,15,False,US.AMD,AMD,2024-12-24,-0.269155,126.29
15.0,15,15,False,US.AMD,AMD,2024-12-26,-0.276273,125.06
15.0,15,15,False,US.AMD,AMD,2024-12-27,-0.275521,125.19
15.0,15,15,False,US.AMD,AMD,2024-12-30,-0.291435,122.44
15.0,15,15,False,US.AMD,AMD,2024-12-31,-0.300984,120.79
15.0,15,15,False,US.AMD,AMD,2025-01-02,-0.30191,120.63
15.0,15,15,False,US.AMD,AMD,2025-01-03,-0.274479,125.37
15.0,15,15,False,US.AMD,AMD,2025-01-06,-0.250289,129.55
15.0,15,15,False,US.AMD,AMD,2025-01-07,-0.263137,127.33
15.0,15,15,False,US.AMD,AMD,2025-01-08,-0.294907,121.84
15.0,15,15,False,US.AMD,AMD,2025-01-10,-0.328472,116.04
15.0,15,15,False,US.AMD,AMD,2025-01-13,-0.321065,117.32
15.0,15,15,False,US.AMD,AMD,2025-01-14,-0.328183,116.09
15.0,15,15,False,US.AMD,AMD,2025-01-15,-0.305787,119.96
15.0,15,15,False,US.AMD,AMD,2025-01-16,-0.314583,118.44
15.0,15,15,False,US.AMD,AMD,2025-01-17,-0.297106,121.46
15.0,15,15,False,US.AMD,AMD,2025-01-21,-0.292361,122.28
15.0,15,15,False,US.AMD,AMD,2025-01-22,-0.283854,123.75
15.0,15,15,False,US.AMD,AMD,2025-01-23,-0.287963,123.04
15.0,15,15,False,US.AMD,AMD,2025-01-24,-0.28912,122.84
15.0,15,15,False,US.AMD,AMD,2025-01-27,-0.334433,115.01
15.0,15,15,False,US.AMD,AMD,2025-01-28,-0.339294,114.17
15.0,15,15,False,US.AMD,AMD,2025-01-29,-0.320891,117.35
15.0,15,15,False,US.AMD,AMD,2025-01-30,-0.312153,118.86
15.0,15,15,False,US.AMD,AMD,2025-01-31,-0.328993,115.95
15.0,15,15,False,US.AMD,AMD,2025-02-03,-0.338715,114.27
15.0,15,15,False,US.AMD,AMD,2025-02-04,-0.308449,119.5
15.0,15,15,False,US.AMD,AMD,2025-02-05,-0.351794,112.01
15.0,15,15,False,US.AMD,AMD,2025-02-06,-0.3625,110.16
15.0,15,15,False,US.AMD,AMD,2025-02-07,-0.377546,107.56
15.0,15,15,False,US.AMD,AMD,2025-02-10,-0.360648,110.48
15.0,15,15,False,US.AMD,AMD,2025-02-11,-0.35706,111.1
15.0,15,15,False,US.AMD,AMD,2025-02-12,-0.353472,111.72
15.0,15,15,False,US.AMD,AMD,2025-02-13,-0.352951,111.81
15.0,15,15,False,US.AMD,AMD,2025-02-14,-0.345486,113.1
15.0,15,15,False,US.AMD,AMD,2025-02-18,-0.338657,114.28
15.0,15,15,False,US.AMD,AMD,2025-02-19,-0.336285,114.69
15.0,15,15,False,US.AMD,AMD,2025-02-20,-0.339294,114.17
15.0,15,15,False,US.AMD,AMD,2025-02-21,-0.358565,110.84
15.0,15,15,False,US.AMD,AMD,2025-02-24,-0.374363,108.11
15.0,15,15,False,US.AMD,AMD,2025-02-25,-0.39838,103.96
15.0,15,15,False,US.AMD,AMD,2025-02-26,-0.393866,104.74
15.0,15,15,False,US.AMD,AMD,2025-02-27,-0.424132,99.51
15.0,15,15,False,US.AMD,AMD,2025-02-28,-0.422106,99.86
15.0,15,15,False,US.AMD,AMD,2025-03-03,-0.431539,98.23
15.0,15,15,False,US.AMD,AMD,2025-03-04,-0.416956,100.75
15.0,15,15,False,US.AMD,AMD,2025-03-05,-0.411632,101.67
15.0,15,15,False,US.AMD,AMD,2025-03-06,-0.427951,98.85
15.0,15,15,False,US.AMD,AMD,2025-03-07,-0.419502,100.31
15.0,15,15,False,US.AMD,AMD,2025-03-10,-0.440799,96.63
15.0,15,15,False,US.AMD,AMD,2025-03-11,-0.440046,96.76
15.0,15,15,False,US.AMD,AMD,2025-03-12,-0.416725,100.79
15.0,15,15,False,US.AMD,AMD,2025-03-13,-0.432234,98.11
15.0,15,15,False,US.AMD,AMD,2025-03-14,-0.415683,100.97
15.0,15,15,False,US.AMD,AMD,2025-03-17,-0.394734,104.59
15.0,15,15,False,US.AMD,AMD,2025-03-18,-0.400984,103.51
15.0,15,15,False,US.AMD,AMD,2025-03-19,-0.385243,106.23
15.0,15,15,False,US.AMD,AMD,2025-03-20,-0.379977,107.14
15.0,15,15,False,US.AMD,AMD,2025-03-21,-0.384028,106.44
15.0,15,15,False,US.AMD,AMD,2025-03-24,-0.341146,113.85
15.0,15,15,False,US.AMD,AMD,2025-03-25,-0.33559,114.81
15.0,15,15,False,US.AMD,AMD,2025-03-26,-0.362326,110.19
15.0,15,15,False,US.AMD,AMD,2025-03-27,-0.382812,106.65
15.0,15,15,False,US.AMD,AMD,2025-03-28,-0.402662,103.22
15.0,15,15,False,US.AMD,AMD,2025-03-31,-0.40544,102.74
15.0,15,15,False,US.AMD,AMD,2025-04-01,-0.405208,102.78
15.0,15,15,False,US.AMD,AMD,2025-04-02,-0.404167,102.96
15.0,15,15,False,US.AMD,AMD,2025-04-03,-0.457176,93.8
15.0,15,15,False,US.AMD,AMD,2025-04-04,-0.503704,85.76
15.0,15,15,False,US.AMD,AMD,2025-04-07,-0.515972,83.64
15.0,15,15,False,US.AMD,AMD,2025-04-08,-0.547396,78.21
15.0,15,15,False,US.AMD,AMD,2025-04-09,-0.439583,96.84
15.0,15,15,False,US.AMD,AMD,2025-04-10,-0.48669,88.7
15.0,15,15,False,US.AMD,AMD,2025-04-11,-0.459491,93.4
15.0,15,15,False,US.AMD,AMD,2025-04-14,-0.453125,94.5
15.0,15,15,False,US.AMD,AMD,2025-04-15,-0.448553,95.29
15.0,15,15,False,US.AMD,AMD,2025-04-16,-0.489062,88.29
15.0,15,15,False,US.AMD,AMD,2025-04-17,-0.493634,87.5
15.0,15,15,False,US.AMD,AMD,2025-04-21,-0.504861,85.56
15.0,15,15,False,US.AMD,AMD,2025-04-22,-0.50081,86.26
15.0,15,15,False,US.AMD,AMD,2025-04-23,-0.47691,90.39
15.0,15,15,False,US.AMD,AMD,2025-04-24,-0.453299,94.47
15.0,15,15,False,US.AMD,AMD,2025-04-25,-0.440712,96.645
15.0,15,15,False,US.AMD,AMD,2025-04-28,-0.442188,96.39
15.0,15,15,False,US.AMD,AMD,2025-04-29,-0.444097,96.06
15.0,15,15,False,US.AMD,AMD,2025-04-30,-0.436632,97.35
15.0,15,15,False,US.AMD,AMD,2025-05-01,-0.440683,96.65
15.0,15,15,False,US.AMD,AMD,2025-05-02,-0.428241,98.8
15.0,15,15,False,US.AMD,AMD,2025-05-05,-0.417882,100.59
15.0,15,15,False,US.AMD,AMD,2025-05-06,-0.429282,98.62
15.0,15,15,False,US.AMD,AMD,2025-05-07,-0.419213,100.36
15.0,15,15,False,US.AMD,AMD,2025-05-08,-0.411458,101.7
15.0,15,15,False,US.AMD,AMD,2025-05-09,-0.404861,102.84
15.0,15,15,False,US.AMD,AMD,2025-05-12,-0.374306,108.12
15.0,15,15,False,US.AMD,AMD,2025-05-13,-0.34919,112.46
15.0,15,15,False,US.AMD,AMD,2025-05-14,-0.31875,117.72
15.0,15,15,False,US.AMD,AMD,2025-05-15,-0.334549,114.99
15.0,15,15,False,US.AMD,AMD,2025-05-16,-0.321933,117.17
15.0,15,15,False,US.AMD,AMD,2025-05-19,-0.335995,114.74
15.0,15,15,False,US.AMD,AMD,2025-05-20,-0.343113,113.51
15.0,15,15,False,US.AMD,AMD,2025-05-21,-0.351505,112.06
15.0,15,15,False,US.AMD,AMD,2025-05-22,-0.359317,110.71
15.0,15,15,False,US.AMD,AMD,2025-05-23,-0.361632,110.31
15.0,15,15,False,US.AMD,AMD,2025-05-27,-0.337037,114.56
15.0,15,15,False,US.AMD,AMD,2025-05-28,-0.346875,112.86
15.0,15,15,False,US.AMD,AMD,2025-05-29,-0.345891,113.03
15.0,15,15,False,US.AMD,AMD,2025-05-30,-0.359201,110.73
15.0,15,15,False,US.AMD,AMD,2025-06-02,-0.336632,114.63
15.0,15,15,False,US.AMD,AMD,2025-06-03,-0.321123,117.31
15.0,15,15,False,US.AMD,AMD,2025-06-04,-0.313773,118.58
15.0,15,15,False,US.AMD,AMD,2025-06-05,-0.330498,115.69
15.0,15,15,False,US.AMD,AMD,2025-06-06,-0.327604,116.19
15.0,15,15,False,US.AMD,AMD,2025-06-09,-0.295544,121.73
15.0,15,15,False,US.AMD,AMD,2025-06-10,-0.286806,123.24
15.0,15,15,False,US.AMD,AMD,2025-06-11,-0.298958,121.14
15.0,15,15,False,US.AMD,AMD,2025-06-12,-0.314236,118.5
15.0,15,15,False,US.AMD,AMD,2025-06-13,-0.327778,116.16
15.0,15,15,False,US.AMD,AMD,2025-06-16,-0.268576,126.39
15.0,15,15,False,US.AMD,AMD,2025-06-17,-0.264468,127.1
15.0,15,15,False,US.AMD,AMD,2025-06-18,-0.266262,126.79
15.0,15,15,False,US.AMD,AMD,2025-06-20,-0.25787,128.24
15.0,15,15,False,US.AMD,AMD,2025-06-23,-0.250116,129.58
15.0,15,15,False,US.AMD,AMD,2025-06-24,-0.1989,138.43
15.0,15,15,False,US.AMD,AMD,2025-06-25,-0.170139,143.4
15.0,15,15,False,US.AMD,AMD,2025-06-26,-0.168519,143.68
15.0,15,15,False,US.AMD,AMD,2025-06-27,-0.167766,143.81
15.0,15,15,False,US.AMD,AMD,2025-06-30,-0.178819,141.9
15.0,15,15,False,US.AMD,AMD,2025-07-01,-0.212326,136.11
15.0,15,15,False,US.AMD,AMD,2025-07-02,-0.19838,138.52
15.0,15,15,False,US.AMD,AMD,2025-07-03,-0.20191,137.91
15.0,15,15,False,US.AMD,AMD,2025-07-07,-0.219907,134.8
15.0,15,15,False,US.AMD,AMD,2025-07-08,-0.202431,137.82
15.0,15,15,False,US.AMD,AMD,2025-07-09,-0.199016,138.41
15.0,15,15,False,US.AMD,AMD,2025-07-10,-0.165741,144.16
15.0,15,15,False,US.AMD,AMD,2025-07-11,-0.152662,146.42
15.0,15,15,False,US.AMD,AMD,2025-07-14,-0.153704,146.24
15.0,15,15,False,US.AMD,AMD,2025-07-15,-0.099479,155.61
15.0,15,15,False,US.AMD,AMD,2025-07-16,-0.073611,160.08
15.0,15,15,False,US.AMD,AMD,2025-07-17,-0.071701,160.41
15.0,15,15,False,US.AMD,AMD,2025-07-18,-0.091493,156.99
15.0,15,15,False,US.AMD,AMD,2025-07-21,-0.091435,157.0
15.0,15,15,False,US.AMD,AMD,2025-07-22,-0.10463,154.72
15.0,15,15,False,US.AMD,AMD,2025-07-23,-0.081887,158.65
15.0,15,15,False,US.AMD,AMD,2025-07-24,-0.061806,162.12
15.0,15,15,False,US.AMD,AMD,2025-07-25,-0.036632,166.47
15.0,15,15,False,US.AMD,AMD,2025-07-28,0.0,173.66
15.0,15,15,False,US.AMD,AMD,2025-07-29,0.0,177.44
15.0,15,15,False,US.AMD,AMD,2025-07-30,0.0,179.51
15.0,15,15,False,US.AMD,AMD,2025-07-31,-0.017826,176.31
15.0,15,15,False,US.AMD,AMD,2025-08-01,-0.043507,171.7
15.0,15,15,False,US.AMD,AMD,2025-08-04,-0.015208,176.78
15.0,15,15,False,US.AMD,AMD,2025-08-05,-0.028968,174.31
15.0,15,15,False,US.AMD,AMD,2025-08-06,-0.091304,163.12
15.0,15,15,False,US.AMD,AMD,2025-08-07,-0.039608,172.4
15.0,15,15,False,US.AMD,AMD,2025-08-08,-0.037602,172.76
15.0,15,15,False,US.AMD,AMD,2025-08-11,-0.040276,172.28
15.0,15,15,False,US.AMD,AMD,2025-08-12,-0.025402,174.95
15.0,15,15,False,US.AMD,AMD,2025-08-13,0.0,184.42
15.0,15,15,False,US.AMD,AMD,2025-08-14,-0.018816,180.95
15.0,15,15,False,US.AMD,AMD,2025-08-15,-0.037469,177.51
15.0,15,15,False,US.AMD,AMD,2025-08-18,-0.044898,176.14
15.0,15,15,False,US.AMD,AMD,2025-08-19,-0.096898,166.55
15.0,15,15,False,US.AMD,AMD,2025-08-20,-0.104219,165.2
15.0,15,15,False,US.AMD,AMD,2025-08-21,-0.112298,163.71
15.0,15,15,False,US.AMD,AMD,2025-08-22,-0.090337,167.76
15.0,15,15,False,US.AMD,AMD,2025-08-25,-0.114196,163.36
15.0,15,15,False,US.AMD,AMD,2025-08-26,-0.096519,166.62
15.0,15,15,False,US.AMD,AMD,2025-08-27,-0.093753,167.13
15.0,15,15,False,US.AMD,AMD,2025-08-28,-0.085891,168.58
15.0,15,15,False,US.AMD,AMD,2025-08-29,-0.118154,162.63
15.0,15,15,False,US.AMD,AMD,2025-09-02,-0.119835,162.32
15.0,15,15,False,US.AMD,AMD,2025-09-03,-0.120865,162.13
15.0,15,15,False,US.AMD,AMD,2025-09-04,-0.122709,161.79
15.0,15,15,False,US.AMD,AMD,2025-09-05,-0.180458,151.14
15.0,15,15,False,US.AMD,AMD,2025-09-08,-0.178994,151.41
15.0,15,15,False,US.AMD,AMD,2025-09-09,-0.155081,155.82
15.0,15,15,False,US.AMD,AMD,2025-09-10,-0.134909,159.54
15.0,15,15,False,US.AMD,AMD,2025-09-11,-0.155894,155.67
15.0,15,15,False,US.AMD,AMD,2025-09-12,-0.140169,158.57
15.0,15,15,False,US.AMD,AMD,2025-09-15,-0.126125,161.16
15.0,15,15,False,US.AMD,AMD,2025-09-16,-0.129921,160.46
15.0,15,15,False,US.AMD,AMD,2025-09-17,-0.13697,159.16
15.0,15,15,False,US.AMD,AMD,2025-09-18,-0.143694,157.92
15.0,15,15,False,US.AMD,AMD,2025-09-19,-0.146568,157.39
15.0,15,15,False,US.AMD,AMD,2025-09-22,-0.133554,159.79
15.0,15,15,False,US.AMD,AMD,2025-09-23,-0.127535,160.9
15.0,15,15,False,US.AMD,AMD,2025-09-24,-0.127643,160.88
15.0,15,15,False,US.AMD,AMD,2025-09-25,-0.125529,161.27
15.0,15,15,False,US.AMD,AMD,2025-09-26,-0.135343,159.46
15.0,15,15,False,US.AMD,AMD,2025-09-29,-0.125041,161.36
15.0,15,15,False,US.AMD,AMD,2025-09-30,-0.122709,161.79
15.0,15,15,False,US.AMD,AMD,2025-10-01,-0.110671,164.01
15.0,15,15,False,US.AMD,AMD,2025-10-02,-0.079655,169.73
15.0,15,15,False,US.AMD,AMD,2025-10-03,-0.107093,164.67
15.0,15,15,False,US.AMD,AMD,2025-10-06,0.0,203.71
15.0,15,15,False,US.AMD,AMD,2025-10-07,0.0,211.51
15.0,15,15,False,US.AMD,AMD,2025-10-08,0.0,235.56
15.0,15,15,False,US.AMD,AMD,2025-10-09,-0.011335,232.89
15.0,15,15,False,US.AMD,AMD,2025-10-10,-0.087706,214.9
15.0,15,15,False,US.AMD,AMD,2025-10-13,-0.081253,216.42
15.0,15,15,False,US.AMD,AMD,2025-10-14,-0.074164,218.09
15.0,15,15,False,US.AMD,AMD,2025-10-15,0.0,238.6
15.0,15,15,False,US.AMD,AMD,2025-10-16,-0.016932,234.56
15.0,15,15,False,US.AMD,AMD,2025-10-17,-0.023135,233.08
15.0,15,15,False,US.AMD,AMD,2025-10-20,0.0,240.56
15.0,15,15,False,US.AMD,AMD,2025-10-21,-0.010517,238.03
15.0,15,15,False,US.AMD,AMD,2025-10-22,-0.042941,230.23
15.0,15,15,False,US.AMD,AMD,2025-10-23,-0.023154,234.99
15.0,15,15,False,US.AMD,AMD,2025-10-24,0.0,252.92
15.0,15,15,False,US.AMD,AMD,2025-10-27,0.0,259.67
15.0,15,15,False,US.AMD,AMD,2025-10-28,-0.006393,258.01
15.0,15,15,False,US.AMD,AMD,2025-10-29,0.0,264.33
15.0,15,15,False,US.AMD,AMD,2025-10-30,-0.035902,254.84
15.0,15,15,False,US.AMD,AMD,2025-10-31,-0.03106,256.12
15.0,15,15,False,US.AMD,AMD,2025-11-03,-0.017705,259.65
15.0,15,15,False,US.AMD,AMD,2025-11-04,-0.054023,250.05
15.0,15,15,False,US.AMD,AMD,2025-11-05,-0.030265,256.33
15.0,15,15,False,US.AMD,AMD,2025-11-06,-0.100745,237.7
15.0,15,15,False,US.AMD,AMD,2025-11-07,-0.116483,233.54
15.0,15,15,False,US.AMD,AMD,2025-11-10,-0.076987,243.98
15.0,15,15,False,US.AMD,AMD,2025-11-11,-0.101426,237.52
15.0,15,15,False,US.AMD,AMD,2025-11-12,-0.02058,258.89
15.0,15,15,False,US.AMD,AMD,2025-11-13,-0.06193,247.96
15.0,15,15,False,US.AMD,AMD,2025-11-14,-0.066281,246.81
15.0,15,15,False,US.AMD,AMD,2025-11-17,-0.090077,240.52
15.0,15,15,False,US.AMD,AMD,2025-11-18,-0.128778,230.29
15.0,15,15,False,US.AMD,AMD,2025-11-19,-0.154277,223.55
15.0,15,15,False,US.AMD,AMD,2025-11-20,-0.220595,206.02
15.0,15,15,False,US.AMD,AMD,2025-11-21,-0.22907,203.78
15.0,15,15,False,US.AMD,AMD,2025-11-24,-0.186434,215.05
15.0,15,15,False,US.AMD,AMD,2025-11-25,-0.220179,206.13
15.0,15,15,False,US.AMD,AMD,2025-11-26,-0.189498,214.24
15.0,15,15,False,US.AMD,AMD,2025-11-28,-0.177051,217.53
15.0,15,15,False,US.AMD,AMD,2025-12-01,-0.168615,219.76
15.0,15,15,False,US.AMD,AMD,2025-12-02,-0.185715,215.24
15.0,15,15,False,US.AMD,AMD,2025-12-03,-0.176787,217.6
15.0,15,15,False,US.AMD,AMD,2025-12-04,-0.182915,215.98
15.0,15,15,False,US.AMD,AMD,2025-12-05,-0.175387,217.97
15.0,15,15,False,US.AMD,AMD,2025-12-08,-0.163508,221.11
15.0,15,15,False,US.AMD,AMD,2025-12-09,-0.161578,221.62
15.0,15,15,False,US.AMD,AMD,2025-12-10,-0.162335,221.42
15.0,15,15,False,US.AMD,AMD,2025-12-11,-0.162297,221.43
15.0,15,15,False,US.AMD,AMD,2025-12-12,-0.202588,210.78
15.0,15,15,False,US.AMD,AMD,2025-12-15,-0.214694,207.58
15.0,15,15,False,US.AMD,AMD,2025-12-16,-0.208679,209.17
15.0,15,15,False,US.AMD,AMD,2025-12-17,-0.25052,198.11
15.0,15,15,False,US.AMD,AMD,2025-12-18,-0.23936,201.06
15.0,15,15,False,US.AMD,AMD,2025-12-19,-0.192562,213.43
15.0,15,15,False,US.AMD,AMD,2025-12-22,-0.186812,214.95
15.0,15,15,False,US.AMD,AMD,2025-12-23,-0.187001,214.9
15.0,15,15,False,US.AMD,AMD,2025-12-24,-0.186471,215.04
15.0,15,15,False,US.AMD,AMD,2025-12-26,-0.186661,214.99
15.0,15,15,False,US.AMD,AMD,2025-12-29,-0.184315,215.61
15.0,15,15,False,US.AMD,AMD,2025-12-30,-0.185337,215.34
15.0,15,15,False,US.AMD,AMD,2025-12-31,-0.189801,214.16
15.0,15,15,False,US.AMD,AMD,2026-01-02,-0.15458,223.47
15.0,15,15,False,US.AMD,AMD,2026-01-05,-0.163621,221.08
15.0,15,15,False,US.AMD,AMD,2026-01-06,-0.189082,214.35
15.0,15,15,False,US.AMD,AMD,2026-01-07,-0.205463,210.02
15.0,15,15,False,US.AMD,AMD,2026-01-08,-0.225665,204.68
15.0,15,15,False,US.AMD,AMD,2026-01-09,-0.231377,203.17
15.0,15,15,False,US.AMD,AMD,2026-01-12,-0.214278,207.69
15.0,15,15,False,US.AMD,AMD,2026-01-13,-0.164037,220.97
15.0,15,15,False,US.AMD,AMD,2026-01-14,-0.154088,223.6
15.0,15,15,False,US.AMD,AMD,2026-01-15,-0.137744,227.92
15.0,15,15,False,US.AMD,AMD,2026-01-16,-0.122952,231.83
15.0,15,15,False,US.AMD,AMD,2026-01-20,-0.122612,231.92
15.0,15,15,False,US.AMD,AMD,2026-01-21,-0.054969,249.8
15.0,15,15,False,US.AMD,AMD,2026-01-22,-0.040101,253.73
15.0,15,15,False,US.AMD,AMD,2026-01-23,-0.017592,259.68
15.0,15,15,False,US.AMD,AMD,2026-01-26,-0.049257,251.31
15.0,15,15,False,US.AMD,AMD,2026-01-27,-0.046533,252.03
15.0,15,15,False,US.AMD,AMD,2026-01-28,-0.043847,252.74
15.0,15,15,False,US.AMD,AMD,2026-01-29,-0.045965,252.18
15.0,15,15,False,US.AMD,AMD,2026-01-30,-0.104415,236.73
15.0,15,15,False,US.AMD,AMD,2026-02-02,-0.068324,246.27
15.0,15,15,False,US.AMD,AMD,2026-02-03,-0.084062,242.11
15.0,15,15,False,US.AMD,AMD,2026-02-04,-0.242651,200.19
15.0,15,15,False,US.AMD,AMD,2026-02-05,-0.271744,192.5
15.0,15,15,False,US.AMD,AMD,2026-02-06,-0.21144,208.44
15.0,15,15,False,US.AMD,AMD,2026-02-09,-0.18284,216.0
15.0,15,15,False,US.AMD,AMD,2026-02-10,-0.192033,213.57
15.0,15,15,False,US.AMD,AMD,2026-02-11,-0.191995,213.58
15.0,15,15,False,US.AMD,AMD,2026-02-12,-0.220898,205.94
15.0,15,15,False,US.AMD,AMD,2026-02-13,-0.215677,207.32
15.0,15,15,False,US.AMD,AMD,2026-02-17,-0.231718,203.08
15.0,15,15,False,US.AMD,AMD,2026-02-18,-0.242916,200.12
15.0,15,15,False,US.AMD,AMD,2026-02-19,-0.230621,203.37
15.0,15,15,False,US.AMD,AMD,2026-02-20,-0.242803,200.15
15.0,15,15,False,US.AMD,AMD,2026-02-23,-0.256233,196.6
15.0,15,15,False,US.AMD,AMD,2026-02-24,-0.191011,213.84
15.0,15,15,False,US.AMD,AMD,2026-02-25,-0.202285,210.86
15.0,15,15,False,US.AMD,AMD,2026-02-26,-0.229448,203.68
15.0,15,15,False,US.AMD,AMD,2026-02-27,-0.242576,200.21
15.0,15,15,False,US.AMD,AMD,2026-03-02,-0.248591,198.62
15.0,15,15,False,US.AMD,AMD,2026-03-03,-0.277608,190.95
15.0,15,15,False,US.AMD,AMD,2026-03-04,-0.235539,202.07
15.0,15,15,False,US.AMD,AMD,2026-03-05,-0.245451,199.45
15.0,15,15,False,US.AMD,AMD,2026-03-06,-0.272008,192.43
15.0,15,15,False,US.AMD,AMD,2026-03-09,-0.233231,202.68
15.0,15,15,False,US.AMD,AMD,2026-03-10,-0.23115,203.23
15.0,15,15,False,US.AMD,AMD,2026-03-11,-0.225097,204.83
15.0,15,15,False,US.AMD,AMD,2026-03-12,-0.25192,197.74
15.0,15,15,False,US.AMD,AMD,2026-03-13,-0.268377,193.39
15.0,15,15,False,US.AMD,AMD,2026-03-16,-0.256308,196.58
15.0,15,15,False,US.AMD,AMD,2026-03-17,-0.25733,196.31
15.0,15,15,False,US.AMD,AMD,2026-03-18,-0.245413,199.46
15.0,15,15,False,US.AMD,AMD,2026-03-19,-0.223433,205.27
15.0,15,15,False,US.AMD,AMD,2026-03-20,-0.238338,201.33
15.0,15,15,False,US.AMD,AMD,2026-03-23,-0.233231,202.68
15.0,15,15,False,US.AMD,AMD,2026-03-24,-0.223055,205.37
15.0,15,15,False,US.AMD,AMD,2026-03-25,-0.166686,220.27
15.0,15,15,False,US.AMD,AMD,2026-03-26,-0.229108,203.77
15.0,15,15,False,US.AMD,AMD,2026-03-27,-0.235842,201.99
15.0,15,15,False,US.AMD,AMD,2026-03-30,-0.258351,196.04
15.0,15,15,False,US.AMD,AMD,2026-03-31,-0.230394,203.43
15.0,15,15,False,US.AMD,AMD,2026-04-01,-0.204744,210.21
15.0,15,15,False,US.AMD,AMD,2026-04-02,-0.177165,217.5
15.0,15,15,False,US.AMD,AMD,2026-04-06,-0.167026,220.18
15.0,15,15,False,US.AMD,AMD,2026-04-07,-0.161919,221.53
15.0,15,15,False,US.AMD,AMD,2026-04-08,-0.12299,231.82
15.0,15,15,False,US.AMD,AMD,2026-04-09,-0.104755,236.64
15.0,15,15,False,US.AMD,AMD,2026-04-10,-0.072977,245.04
15.0,15,15,False,US.AMD,AMD,2026-04-13,-0.066205,246.83
15.0,15,15,False,US.AMD,AMD,2026-04-14,-0.035032,255.07
15.0,15,15,False,US.AMD,AMD,2026-04-15,-0.023493,258.12
15.0,15,15,False,US.AMD,AMD,2026-04-16,0.0,278.26
15.0,15,15,False,US.AMD,AMD,2026-04-17,0.0,278.39
15.0,15,15,False,US.AMD,AMD,2026-04-20,-0.012357,274.95
15.0,15,15,False,US.AMD,AMD,2026-04-21,0.0,284.49
15.0,15,15,False,US.AMD,AMD,2026-04-22,0.0,303.46
15.0,15,15,False,US.AMD,AMD,2026-04-23,0.0,305.33
15.0,15,15,False,US.AMD,AMD,2026-04-24,0.0,347.81
15.0,15,15,False,US.AMD,AMD,2026-04-27,-0.037894,334.63
15.0,15,15,False,US.AMD,AMD,2026-04-28,-0.070728,323.21
15.0,15,15,False,US.AMD,AMD,2026-04-29,-0.030764,337.11
15.0,15,15,False,US.AMD,AMD,2026-04-30,0.0,354.49
15.0,15,15,False,US.AMD,AMD,2026-05-01,0.0,360.54
15.0,15,15,False,US.AMD,AMD,2026-05-04,-0.052699,341.54
15.0,15,15,False,US.AMD,AMD,2026-05-05,-0.014645,355.26
15.0,15,15,False,US.AMD,AMD,2026-05-06,0.0,421.39
15.0,15,15,False,US.AMD,AMD,2026-05-07,-0.030684,408.46
15.0,15,15,False,US.AMD,AMD,2026-05-08,0.0,455.19
15.0,15,15,False,US.AMD,AMD,2026-05-11,0.0,458.79
15.0,15,15,False,US.AMD,AMD,2026-05-12,-0.022886,448.29
15.0,15,15,False,US.AMD,AMD,2026-05-13,-0.028968,445.5
15.0,15,15,False,US.AMD,AMD,2026-05-14,-0.019813,449.7
15.0,15,15,False,US.AMD,AMD,2026-05-15,-0.075612,424.1
15.0,15,15,False,US.AMD,AMD,2026-05-18,-0.082391,420.99
15.0,15,15,False,US.AMD,AMD,2026-05-19,-0.097517,414.05
15.0,15,15,False,US.AMD,AMD,2026-05-20,-0.024434,447.58
15.0,15,15,False,US.AMD,AMD,2026-05-21,-0.020053,449.59
15.0,15,15,False,US.AMD,AMD,2026-05-22,0.0,467.51
15.0,15,15,False,US.AMD,AMD,2026-05-26,0.0,503.89
15.0,15,15,False,US.AMD,AMD,2026-05-27,-0.016571,495.54
15.0,15,15,False,US.AMD,AMD,2026-05-28,0.0,518.09
15.0,15,15,False,US.AMD,AMD,2026-05-29,-0.003841,516.1
15.0,15,15,False,US.AMD,AMD,2026-06-01,-0.015364,510.13
15.0,15,15,False,US.AMD,AMD,2026-06-02,0.0,521.54
15.0,15,15,False,US.AMD,AMD,2026-06-03,0.0,542.52
15.0,15,15,False,US.AMD,AMD,2026-06-04,-0.035612,523.2
15.0,15,15,False,US.AMD,AMD,2026-06-05,-0.140345,466.38
15.0,15,15,False,US.AMD,AMD,2026-06-08,-0.096199,490.33
15.0,15,15,False,US.AMD,AMD,2026-06-09,-0.123525,475.505
15.0,15,15,False,US.AMD,AMD,2026-06-10,-0.166114,452.4
15.0,15,15,False,US.AMD,AMD,2026-06-11,-0.099665,488.45
15.0,15,15,False,US.AMD,AMD,2026-06-12,-0.057049,511.57
15.0,15,15,False,US.AMD,AMD,2026-06-15,0.0,547.26
15.0,15,15,False,US.AMD,AMD,2026-06-16,-0.073037,507.29
15.0,15,15,False,US.AMD,AMD,2026-06-17,-0.063553,512.48
15.0,15,15,False,US.AMD,AMD,2026-06-18,-0.018072,537.37
15.0,15,15,False,US.AMD,AMD,2026-06-22,0.0,551.63
15.0,15,15,False,US.AMD,AMD,2026-06-23,-0.057611,519.85
15.0,15,15,False,US.AMD,AMD,2026-06-24,-0.05781,519.74
15.0,15,15,False,US.AMD,AMD,2026-06-25,-0.034552,532.57
15.0,15,15,False,US.AMD,AMD,2026-06-26,-0.054475,521.58
15.0,15,15,False,US.AMD,AMD,2026-06-29,-0.022008,539.49
15.0,15,15,False,US.AMD,AMD,2026-06-30,0.0,580.91
15.0,15,15,False,US.AMD,AMD,2026-07-01,-0.068909,540.88
15.0,15,15,False,US.AMD,AMD,2026-07-02,-0.108605,517.82
15.0,15,15,False,US.AMD,AMD,2026-07-06,-0.049681,552.05
15.0,15,15,False,US.AMD,AMD,2026-07-07,-0.111549,516.11
15.0,15,15,False,US.AMD,AMD,2026-07-08,-0.10932,517.405
15.0,15,15,False,US.AMD,AMD,2026-07-09,-0.058856,546.72
15.0,15,15,False,US.AMD,AMD,2026-07-10,-0.039627,557.89
15.0,15,15,False,US.AMD,AMD,2026-07-13,-0.080081,534.39
15.0,15,15,False,US.AMD,AMD,2026-07-14,-0.056429,548.13
15.0,15,15,False,US.AMD,AMD,2026-07-15,-0.089119,529.14
15.0,15,15,False,US.AMD,AMD,2026-07-16,-0.137663,500.94
15.0,15,15,False,US.AMD,AMD,2026-07-17,-0.14658,495.76
15.0,15,15,False,US.AMD,AMD,2026-07-20,-0.133136,503.57
15.0,15,15,False,US.AMD,AMD,2026-07-21,-0.062798,544.43
15.0,15,15,False,US.AMD,AMD,2026-07-22,-0.049199,552.33
15.0,15,15,False,US.AMD,AMD,2026-07-23,-0.070958,539.69
15.0,15,15,False,US.AMD,AMD,2026-07-24,-0.101496,521.95
15.0,15,15,False,US.AMD,AMD,2026-07-27,-0.147975,494.95
15.0,15,15,False,US.AMD,AMD,2026-07-28,-0.2174,454.62
15.0,15,15,False,US.AMD,AMD,2026-07-29,-0.260539,429.56
15.0,15,15,False,US.AMD,AMD,2026-07-30,-0.164432,485.39
15.0,15,15,False,US.AMD,AMD,2026-07-31,-0.180338,476.15
15.0,15,15,False,US.AMD,AMD,2026-08-03,-0.165723,484.64
15.0,15,15,False,US.AMD,AMD,2026-08-04,-0.107297,518.58
15.0,15,15,False,US.AMD,AMD,2026-08-05,-0.170181,482.05
15.0,15,15,False,US.AMD,AMD,2026-08-06,-0.157735,489.28
15.0,15,15,False,US.AMD,AMD,2026-08-07,-0.167926,483.36
15.0,15,15,False,US.AMD,AMD,2026-08-10,-0.191682,469.56
15.0,15,15,False,US.AMD,AMD,2026-08-11,-0.183488,474.32
15.0,15,15,False,US.AMD,AMD,2026-08-12,-0.168666,482.93
15.0,15,15,False,US.AMD,AMD,2026-08-13,-0.168529,483.01
15.0,15,15,False,US.AMD,AMD,2026-08-14,-0.11451,514.39
15.0,15,15,False,US.AMD,AMD,2026-08-17,-0.128953,506.0
15.0,15,15,False,US.AMD,AMD,2026-08-18,-0.166153,484.39
15.0,15,15,False,US.AMD,AMD,2026-08-19,-0.197087,466.42
15.0,15,15,False,US.AMD,AMD,2026-08-20,-0.191863,469.455
15.0,15,15,False,US.AMD,AMD,2026-08-21,-0.18533,473.25
15.0,15,15,False,US.AMD,AMD,2026-08-24,-0.213742,456.745
15.0,15,15,False,US.AMD,AMD,2026-08-25,-0.175122,479.18
15.0,15,15,False,US.AMD,AMD,2026-08-26,-0.172109,480.93
15.0,15,15,False,US.AMD,AMD,2026-08-27,-0.179443,476.67
15.0,15,15,False,US.AMD,AMD,2026-08-28,-0.198533,465.58
15.0,15,15,False,US.AMD,AMD,2026-08-31,-0.189685,470.72
15.0,15,15,False,US.AMD,AMD,2026-09-01,-0.20881,459.61
15.0,15,15,False,US.AMD,AMD,2026-09-02,-0.2132,457.06
15.0,15,15,False,US.AMD,AMD,2026-09-03,-0.214749,456.16
15.0,15,15,False,US.AMD,AMD,2026-09-04,-0.177893,477.57
15.0,15,15,False,US.AMD,AMD,2026-09-08,-0.124993,508.3003
,常驻,16,True,US.SOXX,SOXX,2024-09-09,0.0,205.452576
,常驻,16,True,US.SOXX,SOXX,2024-09-10,0.0,207.61617
,常驻,16,True,US.SOXX,SOXX,2024-09-11,0.0,217.258492
,常驻,16,True,US.SOXX,SOXX,2024-09-12,-0.004411,216.300187
,常驻,16,True,US.SOXX,SOXX,2024-09-13,0.0,220.163043
,常驻,16,True,US.SOXX,SOXX,2024-09-16,-0.013327,217.228853
,常驻,16,True,US.SOXX,SOXX,2024-09-17,-0.012116,217.495598
,常驻,16,True,US.SOXX,SOXX,2024-09-18,-0.02302,215.094897
,常驻,16,True,US.SOXX,SOXX,2024-09-19,0.0,224.253126
,常驻,16,True,US.SOXX,SOXX,2024-09-20,-0.014626,220.973156
,常驻,16,True,US.SOXX,SOXX,2024-09-23,-0.010793,221.832667
,常驻,16,True,US.SOXX,SOXX,2024-09-24,0.0,224.519871
,常驻,16,True,US.SOXX,SOXX,2024-09-25,0.0,226.067174
,常驻,16,True,US.SOXX,SOXX,2024-09-26,0.0,234.148429
,常驻,16,True,US.SOXX,SOXX,2024-09-27,-0.015861,230.434617
,常驻,16,True,US.SOXX,SOXX,2024-09-30,-0.024701,228.364786
,常驻,16,True,US.SOXX,SOXX,2024-10-01,-0.052024,221.967125
,常驻,16,True,US.SOXX,SOXX,2024-10-02,-0.039251,224.957982
,常驻,16,True,US.SOXX,SOXX,2024-10-03,-0.035825,225.760165
,常驻,16,True,US.SOXX,SOXX,2024-10-04,-0.022628,228.850057
,常驻,16,True,US.SOXX,SOXX,2024-10-07,-0.025293,228.226137
,常驻,16,True,US.SOXX,SOXX,2024-10-08,-0.015692,230.474231
,常驻,16,True,US.SOXX,SOXX,2024-10-09,-0.005414,232.880781
,常驻,16,True,US.SOXX,SOXX,2024-10-10,-0.012393,231.246704
,常驻,16,True,US.SOXX,SOXX,2024-10-11,-0.004103,233.18779
,常驻,16,True,US.SOXX,SOXX,2024-10-14,0.0,237.485908
,常驻,16,True,US.SOXX,SOXX,2024-10-15,-0.051877,225.165956
,常驻,16,True,US.SOXX,SOXX,2024-10-16,-0.051877,225.165956
,常驻,16,True,US.SOXX,SOXX,2024-10-17,-0.044412,226.938682
,常驻,16,True,US.SOXX,SOXX,2024-10-18,-0.043536,227.146655
,常驻,16,True,US.SOXX,SOXX,2024-10-21,-0.045329,226.720805
,常驻,16,True,US.SOXX,SOXX,2024-10-22,-0.048874,225.879007
,常驻,16,True,US.SOXX,SOXX,2024-10-23,-0.057381,223.858694
,常驻,16,True,US.SOXX,SOXX,2024-10-24,-0.052127,225.106535
,常驻,16,True,US.SOXX,SOXX,2024-10-25,-0.042619,227.364532
,常驻,16,True,US.SOXX,SOXX,2024-10-28,-0.042035,227.503181
,常驻,16,True,US.SOXX,SOXX,2024-10-29,-0.018474,233.098658
,常驻,16,True,US.SOXX,SOXX,2024-10-30,-0.053086,224.878754
,常驻,16,True,US.SOXX,SOXX,2024-10-31,-0.089825,216.153771
,常驻,16,True,US.SOXX,SOXX,2024-11-01,-0.08015,218.451383
,常驻,16,True,US.SOXX,SOXX,2024-11-04,-0.085446,217.193639
,常驻,16,True,US.SOXX,SOXX,2024-11-05,-0.074771,219.728935
,常驻,16,True,US.SOXX,SOXX,2024-11-06,-0.04779,226.136498
,常驻,16,True,US.SOXX,SOXX,2024-11-07,-0.02794,230.850564
,常驻,16,True,US.SOXX,SOXX,2024-11-08,-0.035196,229.127355
,常驻,16,True,US.SOXX,SOXX,2024-11-11,-0.059341,223.393229
,常驻,16,True,US.SOXX,SOXX,2024-11-12,-0.0696,220.956968
,常驻,16,True,US.SOXX,SOXX,2024-11-13,-0.089366,216.26271
,常驻,16,True,US.SOXX,SOXX,2024-11-14,-0.089908,216.133964
,常驻,16,True,US.SOXX,SOXX,2024-11-15,-0.119224,209.171804
,常驻,16,True,US.SOXX,SOXX,2024-11-18,-0.10784,211.87546
,常驻,16,True,US.SOXX,SOXX,2024-11-19,-0.10613,212.281503
,常驻,16,True,US.SOXX,SOXX,2024-11-20,-0.112969,210.657329
,常驻,16,True,US.SOXX,SOXX,2024-11-21,-0.098916,213.994809
,常驻,16,True,US.SOXX,SOXX,2024-11-22,-0.09854,214.08394
,常驻,16,True,US.SOXX,SOXX,2024-11-25,-0.089741,216.173578
,常驻,16,True,US.SOXX,SOXX,2024-11-26,-0.101543,213.370888
,常驻,16,True,US.SOXX,SOXX,2024-11-27,-0.113595,210.508777
,常驻,16,True,US.SOXX,SOXX,2024-11-29,-0.101751,213.321371
,常驻,16,True,US.SOXX,SOXX,2024-12-02,-0.078148,218.926751
,常驻,16,True,US.SOXX,SOXX,2024-12-03,-0.083361,217.688814
,常驻,16,True,US.SOXX,SOXX,2024-12-04,-0.071226,220.570732
,常驻,16,True,US.SOXX,SOXX,2024-12-05,-0.088782,216.401359
,常驻,16,True,US.SOXX,SOXX,2024-12-06,-0.083278,217.708621
,常驻,16,True,US.SOXX,SOXX,2024-12-09,-0.087698,216.65885
,常驻,16,True,US.SOXX,SOXX,2024-12-10,-0.109383,211.50903
,常驻,16,True,US.SOXX,SOXX,2024-12-11,-0.086989,216.827209
,常驻,16,True,US.SOXX,SOXX,2024-12-12,-0.094078,215.143614
,常驻,16,True,US.SOXX,SOXX,2024-12-13,-0.068807,221.145135
,常驻,16,True,US.SOXX,SOXX,2024-12-16,-0.051543,225.245184
,常驻,16,True,US.SOXX,SOXX,2024-12-17,-0.064959,222.058999
,常驻,16,True,US.SOXX,SOXX,2024-12-18,-0.099542,213.84598
,常驻,16,True,US.SOXX,SOXX,2024-12-19,-0.114662,210.255264
,常驻,16,True,US.SOXX,SOXX,2024-12-20,-0.102759,213.082209
,常驻,16,True,US.SOXX,SOXX,2024-12-23,-0.07561,219.529627
,常驻,16,True,US.SOXX,SOXX,2024-12-24,-0.066087,221.791183
,常驻,16,True,US.SOXX,SOXX,2024-12-26,-0.066379,221.721749
,常驻,16,True,US.SOXX,SOXX,2024-12-27,-0.074273,219.847038
,常驻,16,True,US.SOXX,SOXX,2024-12-30,-0.092484,215.522309
,常驻,16,True,US.SOXX,SOXX,2024-12-31,-0.09996,213.746789
,常驻,16,True,US.SOXX,SOXX,2025-01-02,-0.094405,215.06603
,常驻,16,True,US.SOXX,SOXX,2025-01-03,-0.070807,220.670324
,常驻,16,True,US.SOXX,SOXX,2025-01-06,-0.043909,227.058228
,常驻,16,True,US.SOXX,SOXX,2025-01-07,-0.05694,223.963467
,常驻,16,True,US.SOXX,SOXX,2025-01-08,-0.066338,221.731668
,常驻,16,True,US.SOXX,SOXX,2025-01-10,-0.088641,216.434866
,常驻,16,True,US.SOXX,SOXX,2025-01-13,-0.09144,215.770286
,常驻,16,True,US.SOXX,SOXX,2025-01-14,-0.085467,217.188718
,常驻,16,True,US.SOXX,SOXX,2025-01-15,-0.067716,221.404338
,常驻,16,True,US.SOXX,SOXX,2025-01-16,-0.066338,221.731668
,常驻,16,True,US.SOXX,SOXX,2025-01-17,-0.040442,227.881513
,常驻,16,True,US.SOXX,SOXX,2025-01-21,-0.029123,230.569591
,常驻,16,True,US.SOXX,SOXX,2025-01-22,-0.015089,233.90241
,常驻,16,True,US.SOXX,SOXX,2025-01-23,-0.016927,233.465969
,常驻,16,True,US.SOXX,SOXX,2025-01-24,-0.036683,228.774233
,常驻,16,True,US.SOXX,SOXX,2025-01-27,-0.11224,210.830572
,常驻,16,True,US.SOXX,SOXX,2025-01-28,-0.108272,211.772887
,常驻,16,True,US.SOXX,SOXX,2025-01-29,-0.104596,212.645768
,常驻,16,True,US.SOXX,SOXX,2025-01-30,-0.086386,216.970498
,常驻,16,True,US.SOXX,SOXX,2025-01-31,-0.088934,216.365433
,常驻,16,True,US.SOXX,SOXX,2025-02-03,-0.105348,212.467224
,常驻,16,True,US.SOXX,SOXX,2025-02-04,-0.096159,214.649427
,常驻,16,True,US.SOXX,SOXX,2025-02-05,-0.078659,218.805532
,常驻,16,True,US.SOXX,SOXX,2025-02-06,-0.07987,218.517878
,常驻,16,True,US.SOXX,SOXX,2025-02-07,-0.094196,215.115625
,常驻,16,True,US.SOXX,SOXX,2025-02-10,-0.082376,217.922732
,常驻,16,True,US.SOXX,SOXX,2025-02-11,-0.081541,218.121114
,常驻,16,True,US.SOXX,SOXX,2025-02-12,-0.080538,218.359173
,常驻,16,True,US.SOXX,SOXX,2025-02-13,-0.069261,221.037331
,常驻,16,True,US.SOXX,SOXX,2025-02-14,-0.068301,221.26547
,常驻,16,True,US.SOXX,SOXX,2025-02-18,-0.052889,224.92562
,常驻,16,True,US.SOXX,SOXX,2025-02-19,-0.037142,228.665122
,常驻,16,True,US.SOXX,SOXX,2025-02-20,-0.034887,229.200754
,常驻,16,True,US.SOXX,SOXX,2025-02-21,-0.0645,222.168109
,常驻,16,True,US.SOXX,SOXX,2025-02-24,-0.086469,216.95066
,常驻,16,True,US.SOXX,SOXX,2025-02-25,-0.105306,212.477143
,常驻,16,True,US.SOXX,SOXX,2025-02-26,-0.089727,216.17697
,常驻,16,True,US.SOXX,SOXX,2025-02-27,-0.14273,203.589626
,常驻,16,True,US.SOXX,SOXX,2025-02-28,-0.129072,206.833173
,常驻,16,True,US.SOXX,SOXX,2025-03-03,-0.159854,199.522793
,常驻,16,True,US.SOXX,SOXX,2025-03-04,-0.155176,200.633732
,常驻,16,True,US.SOXX,SOXX,2025-03-05,-0.136966,204.958462
,常驻,16,True,US.SOXX,SOXX,2025-03-06,-0.172844,196.437951
,常驻,16,True,US.SOXX,SOXX,2025-03-07,-0.148577,202.200951
,常驻,16,True,US.SOXX,SOXX,2025-03-10,-0.187963,192.847235
,常驻,16,True,US.SOXX,SOXX,2025-03-11,-0.19757,190.565841
,常驻,16,True,US.SOXX,SOXX,2025-03-12,-0.18103,194.493807
,常驻,16,True,US.SOXX,SOXX,2025-03-13,-0.185123,193.521734
,常驻,16,True,US.SOXX,SOXX,2025-03-14,-0.159979,199.493035
,常驻,16,True,US.SOXX,SOXX,2025-03-17,-0.146113,202.786178
,常驻,16,True,US.SOXX,SOXX,2025-03-18,-0.157441,200.095776
,常驻,16,True,US.SOXX,SOXX,2025-03-19,-0.150583,201.724589
,常驻,16,True,US.SOXX,SOXX,2025-03-20,-0.157358,200.115639
,常驻,16,True,US.SOXX,SOXX,2025-03-21,-0.166182,198.020031
,常驻,16,True,US.SOXX,SOXX,2025-03-24,-0.141424,203.899651
,常驻,16,True,US.SOXX,SOXX,2025-03-25,-0.146066,202.797222
,常驻,16,True,US.SOXX,SOXX,2025-03-26,-0.169988,197.116239
,常驻,16,True,US.SOXX,SOXX,2025-03-27,-0.186339,193.232909
,常驻,16,True,US.SOXX,SOXX,2025-03-28,-0.21093,187.393016
,常驻,16,True,US.SOXX,SOXX,2025-03-31,-0.213063,186.886495
,常驻,16,True,US.SOXX,SOXX,2025-04-01,-0.212645,186.985813
,常驻,16,True,US.SOXX,SOXX,2025-04-02,-0.207584,188.187559
,常驻,16,True,US.SOXX,SOXX,2025-04-03,-0.287545,169.197976
,常驻,16,True,US.SOXX,SOXX,2025-04-04,-0.340783,156.554808
,常驻,16,True,US.SOXX,SOXX,2025-04-07,-0.32556,160.169979
,常驻,16,True,US.SOXX,SOXX,2025-04-08,-0.352367,153.803702
,常驻,16,True,US.SOXX,SOXX,2025-04-09,-0.232091,182.36753
,常驻,16,True,US.SOXX,SOXX,2025-04-10,-0.294864,167.459913
,常驻,16,True,US.SOXX,SOXX,2025-04-11,-0.279599,171.085017
,常驻,16,True,US.SOXX,SOXX,2025-04-14,-0.274832,172.217241
,常驻,16,True,US.SOXX,SOXX,2025-04-15,-0.271862,172.922398
,常驻,16,True,US.SOXX,SOXX,2025-04-16,-0.299966,166.248235
,常驻,16,True,US.SOXX,SOXX,2025-04-17,-0.303479,165.413964
,常驻,16,True,US.SOXX,SOXX,2025-04-21,-0.315649,162.523814
,常驻,16,True,US.SOXX,SOXX,2025-04-22,-0.30235,165.682123
,常驻,16,True,US.SOXX,SOXX,2025-04-23,-0.276212,171.889492
,常驻,16,True,US.SOXX,SOXX,2025-04-24,-0.234559,181.781555
,常驻,16,True,US.SOXX,SOXX,2025-04-25,-0.227115,183.549413
,常驻,16,True,US.SOXX,SOXX,2025-04-28,-0.228495,183.221664
,常驻,16,True,US.SOXX,SOXX,2025-04-29,-0.236733,181.265101
,常驻,16,True,US.SOXX,SOXX,2025-04-30,-0.231171,182.58603
,常驻,16,True,US.SOXX,SOXX,2025-05-01,-0.232217,182.337735
,常驻,16,True,US.SOXX,SOXX,2025-05-02,-0.205284,188.733808
,常驻,16,True,US.SOXX,SOXX,2025-05-05,-0.21139,187.283766
,常驻,16,True,US.SOXX,SOXX,2025-05-06,-0.218918,185.496044
,常驻,16,True,US.SOXX,SOXX,2025-05-07,-0.205242,188.743739
,常驻,16,True,US.SOXX,SOXX,2025-05-08,-0.198133,190.432144
,常驻,16,True,US.SOXX,SOXX,2025-05-09,-0.188932,192.617138
,常驻,16,True,US.SOXX,SOXX,2025-05-12,-0.130676,206.452121
,常驻,16,True,US.SOXX,SOXX,2025-05-13,-0.106044,212.301946
,常驻,16,True,US.SOXX,SOXX,2025-05-14,-0.101737,213.32492
,常驻,16,True,US.SOXX,SOXX,2025-05-15,-0.107508,211.954333
,常驻,16,True,US.SOXX,SOXX,2025-05-16,-0.108679,211.676243
,常驻,16,True,US.SOXX,SOXX,2025-05-19,-0.114032,210.404974
,常驻,16,True,US.SOXX,SOXX,2025-05-20,-0.115328,210.097088
,常驻,16,True,US.SOXX,SOXX,2025-05-21,-0.131513,206.253485
,常驻,16,True,US.SOXX,SOXX,2025-05-22,-0.139542,204.346582
,常驻,16,True,US.SOXX,SOXX,2025-05-23,-0.152883,201.178341
,常驻,16,True,US.SOXX,SOXX,2025-05-27,-0.124738,207.862435
,常驻,16,True,US.SOXX,SOXX,2025-05-28,-0.129129,206.819597
,常驻,16,True,US.SOXX,SOXX,2025-05-29,-0.125574,207.6638
,常驻,16,True,US.SOXX,SOXX,2025-05-30,-0.14293,203.542107
,常驻,16,True,US.SOXX,SOXX,2025-06-02,-0.130007,206.61103
,常驻,16,True,US.SOXX,SOXX,2025-06-03,-0.10663,212.162901
,常驻,16,True,US.SOXX,SOXX,2025-06-04,-0.093331,215.32121
,常驻,16,True,US.SOXX,SOXX,2025-06-05,-0.097136,214.417417
,常驻,16,True,US.SOXX,SOXX,2025-06-06,-0.091072,215.857526
,常驻,16,True,US.SOXX,SOXX,2025-06-09,-0.06966,220.942603
,常驻,16,True,US.SOXX,SOXX,2025-06-10,-0.049335,225.769453
,常驻,16,True,US.SOXX,SOXX,2025-06-11,-0.052514,225.014637
,常驻,16,True,US.SOXX,SOXX,2025-06-12,-0.051217,225.322522
,常驻,16,True,US.SOXX,SOXX,2025-06-13,-0.075933,219.452834
,常驻,16,True,US.SOXX,SOXX,2025-06-16,-0.046749,226.383778
,常驻,16,True,US.SOXX,SOXX,2025-06-17,-0.054293,224.592137
,常驻,16,True,US.SOXX,SOXX,2025-06-18,-0.050437,225.507864
,常驻,16,True,US.SOXX,SOXX,2025-06-20,-0.056514,224.064598
,常驻,16,True,US.SOXX,SOXX,2025-06-23,-0.050646,225.458096
,常驻,16,True,US.SOXX,SOXX,2025-06-24,-0.014644,234.008205
,常驻,16,True,US.SOXX,SOXX,2025-06-25,-0.0058,236.108406
,常驻,16,True,US.SOXX,SOXX,2025-06-26,0.0,237.959768
,常驻,16,True,US.SOXX,SOXX,2025-06-27,-0.000878,237.750743
,常驻,16,True,US.SOXX,SOXX,2025-06-30,-0.001548,237.591487
,常驻,16,True,US.SOXX,SOXX,2025-07-01,-0.006065,236.516502
,常驻,16,True,US.SOXX,SOXX,2025-07-02,0.0,241.015511
,常驻,16,True,US.SOXX,SOXX,2025-07-03,0.0,242.209939
,常驻,16,True,US.SOXX,SOXX,2025-07-07,-0.018739,237.671115
,常驻,16,True,US.SOXX,SOXX,2025-07-08,0.0,242.209939
,常驻,16,True,US.SOXX,SOXX,2025-07-09,0.0,242.986316
,常驻,16,True,US.SOXX,SOXX,2025-07-10,0.0,245.405031
,常驻,16,True,US.SOXX,SOXX,2025-07-11,-0.001541,245.026796
,常驻,16,True,US.SOXX,SOXX,2025-07-14,-0.011032,242.697663
,常驻,16,True,US.SOXX,SOXX,2025-07-15,-0.001176,245.116378
,常驻,16,True,US.SOXX,SOXX,2025-07-16,-0.003894,244.44949
,常驻,16,True,US.SOXX,SOXX,2025-07-17,-8.1e-05,245.385124
,常驻,16,True,US.SOXX,SOXX,2025-07-18,0.0,245.584196
,常驻,16,True,US.SOXX,SOXX,2025-07-21,0.0,245.803174
,常驻,16,True,US.SOXX,SOXX,2025-07-22,-0.013808,242.40901
,常驻,16,True,US.SOXX,SOXX,2025-07-23,-0.019802,240.935883
,常驻,16,True,US.SOXX,SOXX,2025-07-24,-0.021826,240.438205
,常驻,16,True,US.SOXX,SOXX,2025-07-25,-0.021907,240.418298
,常驻,16,True,US.SOXX,SOXX,2025-07-28,-0.004859,244.608747
,常驻,16,True,US.SOXX,SOXX,2025-07-29,-0.003078,245.046703
,常驻,16,True,US.SOXX,SOXX,2025-07-30,0.0,246.79853
,常驻,16,True,US.SOXX,SOXX,2025-07-31,-0.031942,238.91531
,常驻,16,True,US.SOXX,SOXX,2025-08-01,-0.043194,236.138267
,常驻,16,True,US.SOXX,SOXX,2025-08-04,-0.03045,239.283592
,常驻,16,True,US.SOXX,SOXX,2025-08-05,-0.037185,237.621347
,常驻,16,True,US.SOXX,SOXX,2025-08-06,-0.044444,235.829706
,常驻,16,True,US.SOXX,SOXX,2025-08-07,-0.028675,239.721548
,常驻,16,True,US.SOXX,SOXX,2025-08-08,-0.020488,241.742121
,常驻,16,True,US.SOXX,SOXX,2025-08-11,-0.022343,241.284257
,常驻,16,True,US.SOXX,SOXX,2025-08-12,0.0,248.998267
,常驻,16,True,US.SOXX,SOXX,2025-08-13,0.0,252.700991
,常驻,16,True,US.SOXX,SOXX,2025-08-14,0.0,252.959784
,常驻,16,True,US.SOXX,SOXX,2025-08-15,-0.022901,247.166812
,常驻,16,True,US.SOXX,SOXX,2025-08-18,-0.020028,247.893422
,常驻,16,True,US.SOXX,SOXX,2025-08-19,-0.035374,244.011533
,常驻,16,True,US.SOXX,SOXX,2025-08-20,-0.040922,242.608081
,常驻,16,True,US.SOXX,SOXX,2025-08-21,-0.046352,241.23449
,常驻,16,True,US.SOXX,SOXX,2025-08-22,-0.019871,247.933236
,常驻,16,True,US.SOXX,SOXX,2025-08-25,-0.022153,247.355929
,常驻,16,True,US.SOXX,SOXX,2025-08-26,-0.012946,249.685062
,常驻,16,True,US.SOXX,SOXX,2025-08-27,-0.011018,250.172787
,常驻,16,True,US.SOXX,SOXX,2025-08-28,-0.006256,251.377168
,常驻,16,True,US.SOXX,SOXX,2025-08-29,-0.034705,244.180743
,常驻,16,True,US.SOXX,SOXX,2025-09-02,-0.044503,241.702307
,常驻,16,True,US.SOXX,SOXX,2025-09-03,-0.049028,240.557648
,常驻,16,True,US.SOXX,SOXX,2025-09-04,-0.03923,243.036084
,常驻,16,True,US.SOXX,SOXX,2025-09-05,-0.027898,245.902709
,常驻,16,True,US.SOXX,SOXX,2025-09-08,-0.020815,247.69435
,常驻,16,True,US.SOXX,SOXX,2025-09-09,-0.019989,247.903375
,常驻,16,True,US.SOXX,SOXX,2025-09-10,-0.002715,252.272988
,常驻,16,True,US.SOXX,SOXX,2025-09-11,0.0,254.004908
,常驻,16,True,US.SOXX,SOXX,2025-09-12,0.0,254.452818
,常驻,16,True,US.SOXX,SOXX,2025-09-15,0.0,256.602787
,常驻,16,True,US.SOXX,SOXX,2025-09-16,0.0,257.920167
,常驻,16,True,US.SOXX,SOXX,2025-09-17,-0.000193,257.870294
,常驻,16,True,US.SOXX,SOXX,2025-09-18,0.0,266.887226
,常驻,16,True,US.SOXX,SOXX,2025-09-19,-0.006391,265.18159
,常驻,16,True,US.SOXX,SOXX,2025-09-22,0.0,269.141459
,常驻,16,True,US.SOXX,SOXX,2025-09-23,-0.001186,268.822276
,常驻,16,True,US.SOXX,SOXX,2025-09-24,-0.002705,268.413322
,常驻,16,True,US.SOXX,SOXX,2025-09-25,-0.005893,267.555517
,常驻,16,True,US.SOXX,SOXX,2025-09-26,-0.003706,268.144011
,常驻,16,True,US.SOXX,SOXX,2025-09-29,-0.003335,268.243756
,常驻,16,True,US.SOXX,SOXX,2025-09-30,0.0,270.428168
,常驻,16,True,US.SOXX,SOXX,2025-10-01,0.0,275.634847
,常驻,16,True,US.SOXX,SOXX,2025-10-02,0.0,280.971196
,常驻,16,True,US.SOXX,SOXX,2025-10-03,-0.006142,279.24561
,常驻,16,True,US.SOXX,SOXX,2025-10-06,0.0,287.624175
,常驻,16,True,US.SOXX,SOXX,2025-10-07,-0.022368,281.190634
,常驻,16,True,US.SOXX,SOXX,2025-10-08,0.0,290.796061
,常驻,16,True,US.SOXX,SOXX,2025-10-09,-0.004631,289.449506
,常驻,16,True,US.SOXX,SOXX,2025-10-10,-0.067058,271.295948
,常驻,16,True,US.SOXX,SOXX,2025-10-13,-0.022879,284.143081
,常驻,16,True,US.SOXX,SOXX,2025-10-14,-0.04291,278.317983
,常驻,16,True,US.SOXX,SOXX,2025-10-15,-0.013377,286.906013
,常驻,16,True,US.SOXX,SOXX,2025-10-16,-0.008781,288.242593
,常驻,16,True,US.SOXX,SOXX,2025-10-17,-0.011559,287.43466
,常驻,16,True,US.SOXX,SOXX,2025-10-20,0.0,292.222412
,常驻,16,True,US.SOXX,SOXX,2025-10-21,-0.005598,290.586597
,常驻,16,True,US.SOXX,SOXX,2025-10-22,-0.030174,283.404969
,常驻,16,True,US.SOXX,SOXX,2025-10-23,-0.006519,290.317286
,常驻,16,True,US.SOXX,SOXX,2025-10-24,0.0,295.105037
,常驻,16,True,US.SOXX,SOXX,2025-10-27,0.0,303.304062
,常驻,16,True,US.SOXX,SOXX,2025-10-28,0.0,303.673118
,常驻,16,True,US.SOXX,SOXX,2025-10-29,0.0,308.809976
,常驻,16,True,US.SOXX,SOXX,2025-10-30,-0.013534,304.630668
,常驻,16,True,US.SOXX,SOXX,2025-10-31,-0.009851,305.767759
,常驻,16,True,US.SOXX,SOXX,2025-11-03,-0.003941,307.593089
,常驻,16,True,US.SOXX,SOXX,2025-11-04,-0.043088,295.504016
,常驻,16,True,US.SOXX,SOXX,2025-11-05,-0.01334,304.690515
,常驻,16,True,US.SOXX,SOXX,2025-11-06,-0.039083,296.740852
,常驻,16,True,US.SOXX,SOXX,2025-11-07,-0.04916,293.628814
,常驻,16,True,US.SOXX,SOXX,2025-11-10,-0.024548,301.229369
,常驻,16,True,US.SOXX,SOXX,2025-11-11,-0.046673,294.396849
,常驻,16,True,US.SOXX,SOXX,2025-11-12,-0.032074,298.905315
,常驻,16,True,US.SOXX,SOXX,2025-11-13,-0.06531,288.641573
,常驻,16,True,US.SOXX,SOXX,2025-11-14,-0.068088,287.783767
,常驻,16,True,US.SOXX,SOXX,2025-11-17,-0.084109,282.836424
,常驻,16,True,US.SOXX,SOXX,2025-11-18,-0.105362,276.273214
,常驻,16,True,US.SOXX,SOXX,2025-11-19,-0.090407,280.8914
,常驻,16,True,US.SOXX,SOXX,2025-11-20,-0.134044,267.415874
,常驻,16,True,US.SOXX,SOXX,2025-11-21,-0.125226,270.138908
,常驻,16,True,US.SOXX,SOXX,2025-11-24,-0.086886,281.978618
,常驻,16,True,US.SOXX,SOXX,2025-11-25,-0.084044,282.856373
,常驻,16,True,US.SOXX,SOXX,2025-11-26,-0.058818,290.646444
,常驻,16,True,US.SOXX,SOXX,2025-11-28,-0.041537,295.982792
,常驻,16,True,US.SOXX,SOXX,2025-12-01,-0.040956,296.162332
,常驻,16,True,US.SOXX,SOXX,2025-12-02,-0.021835,302.067226
,常驻,16,True,US.SOXX,SOXX,2025-12-03,-0.000775,308.570588
,常驻,16,True,US.SOXX,SOXX,2025-12-04,-0.010724,305.498448
,常驻,16,True,US.SOXX,SOXX,2025-12-05,-0.000646,308.610486
,常驻,16,True,US.SOXX,SOXX,2025-12-08,0.0,311.961912
,常驻,16,True,US.SOXX,SOXX,2025-12-09,-0.001854,311.383392
,常驻,16,True,US.SOXX,SOXX,2025-12-10,0.0,315.522803
,常驻,16,True,US.SOXX,SOXX,2025-12-11,-0.005722,313.717421
,常驻,16,True,US.SOXX,SOXX,2025-12-12,-0.053267,298.7158
,常驻,16,True,US.SOXX,SOXX,2025-12-15,-0.057914,297.249551
,常驻,16,True,US.SOXX,SOXX,2025-12-16,-0.062263,295.877318
,常驻,16,True,US.SOXX,SOXX,2025-12-17,-0.096993,284.919268
,常驻,16,True,US.SOXX,SOXX,2025-12-18,-0.075433,291.72185
,常驻,16,True,US.SOXX,SOXX,2025-12-19,-0.050834,299.483385
,常驻,16,True,US.SOXX,SOXX,2025-12-22,-0.038076,303.508995
,常驻,16,True,US.SOXX,SOXX,2025-12-23,-0.03453,304.627774
,常驻,16,True,US.SOXX,SOXX,2025-12-24,-0.030794,305.806489
,常驻,16,True,US.SOXX,SOXX,2025-12-26,-0.031111,305.706598
,常驻,16,True,US.SOXX,SOXX,2025-12-29,-0.03339,304.987382
,常驻,16,True,US.SOXX,SOXX,2025-12-30,-0.034657,304.587818
,常驻,16,True,US.SOXX,SOXX,2025-12-31,-0.046592,300.821925
,常驻,16,True,US.SOXX,SOXX,2026-01-02,-0.006892,313.348264
,常驻,16,True,US.SOXX,SOXX,2026-01-05,0.0,317.713503
,常驻,16,True,US.SOXX,SOXX,2026-01-06,0.0,327.992293
,常驻,16,True,US.SOXX,SOXX,2026-01-07,-0.010538,324.536063
,常驻,16,True,US.SOXX,SOXX,2026-01-08,-0.026709,319.231847
,常驻,16,True,US.SOXX,SOXX,2026-01-09,0.0,328.421825
,常驻,16,True,US.SOXX,SOXX,2026-01-12,0.0,329.990114
,常驻,16,True,US.SOXX,SOXX,2026-01-13,0.0,332.936901
,常驻,16,True,US.SOXX,SOXX,2026-01-14,-0.0042,331.538426
,常驻,16,True,US.SOXX,SOXX,2026-01-15,0.0,336.85263
,常驻,16,True,US.SOXX,SOXX,2026-01-16,0.0,342.096911
,常驻,16,True,US.SOXX,SOXX,2026-01-20,-0.01495,336.982489
,常驻,16,True,US.SOXX,SOXX,2026-01-21,0.0,347.760734
,常驻,16,True,US.SOXX,SOXX,2026-01-22,0.0,348.290156
,常驻,16,True,US.SOXX,SOXX,2026-01-23,-0.011357,344.334471
,常驻,16,True,US.SOXX,SOXX,2026-01-26,-0.016061,342.696257
,常驻,16,True,US.SOXX,SOXX,2026-01-27,0.0,350.697531
,常驻,16,True,US.SOXX,SOXX,2026-01-28,0.0,360.067312
,常驻,16,True,US.SOXX,SOXX,2026-01-29,0.0,360.736582
,常驻,16,True,US.SOXX,SOXX,2026-01-30,-0.041066,345.922738
,常驻,16,True,US.SOXX,SOXX,2026-02-02,-0.023371,352.305777
,常驻,16,True,US.SOXX,SOXX,2026-02-03,-0.042893,345.263457
,常驻,16,True,US.SOXX,SOXX,2026-02-04,-0.085149,330.020082
,常驻,16,True,US.SOXX,SOXX,2026-02-05,-0.083903,330.469591
,常驻,16,True,US.SOXX,SOXX,2026-02-06,-0.034946,348.130331
,常驻,16,True,US.SOXX,SOXX,2026-02-09,-0.02315,352.38569
,常驻,16,True,US.SOXX,SOXX,2026-02-10,-0.02686,351.04715
,常驻,16,True,US.SOXX,SOXX,2026-02-11,-0.002575,359.807596
,常驻,16,True,US.SOXX,SOXX,2026-02-12,-0.026666,351.117073
,常驻,16,True,US.SOXX,SOXX,2026-02-13,-0.017916,354.273631
,常驻,16,True,US.SOXX,SOXX,2026-02-17,-0.019467,353.714241
,常驻,16,True,US.SOXX,SOXX,2026-02-18,-0.008889,357.530079
,常驻,16,True,US.SOXX,SOXX,2026-02-19,-0.014648,355.452345
,常驻,16,True,US.SOXX,SOXX,2026-02-20,-0.004707,359.038434
,常驻,16,True,US.SOXX,SOXX,2026-02-23,-0.011935,356.431278
,常驻,16,True,US.SOXX,SOXX,2026-02-24,0.0,361.645591
,常驻,16,True,US.SOXX,SOXX,2026-02-25,0.0,367.599098
,常驻,16,True,US.SOXX,SOXX,2026-02-26,-0.030435,356.4113
,常驻,16,True,US.SOXX,SOXX,2026-02-27,-0.04269,351.906213
,常驻,16,True,US.SOXX,SOXX,2026-03-02,-0.043342,351.666474
,常驻,16,True,US.SOXX,SOXX,2026-03-03,-0.090272,334.415288
,常驻,16,True,US.SOXX,SOXX,2026-03-04,-0.071902,341.167924
,常驻,16,True,US.SOXX,SOXX,2026-03-05,-0.082174,337.392042
,常驻,16,True,US.SOXX,SOXX,2026-03-06,-0.120897,323.157566
,常驻,16,True,US.SOXX,SOXX,2026-03-09,-0.085951,336.003556
,常驻,16,True,US.SOXX,SOXX,2026-03-10,-0.079321,338.440898
,常驻,16,True,US.SOXX,SOXX,2026-03-11,-0.070408,341.717325
,常驻,16,True,US.SOXX,SOXX,2026-03-12,-0.102745,329.830289
,常驻,16,True,US.SOXX,SOXX,2026-03-13,-0.099674,330.959058
,常驻,16,True,US.SOXX,SOXX,2026-03-16,-0.081984,337.461966
,常驻,16,True,US.SOXX,SOXX,2026-03-17,-0.074838,340.08866
,常驻,16,True,US.SOXX,SOXX,2026-03-18,-0.080168,338.129589
,常驻,16,True,US.SOXX,SOXX,2026-03-19,-0.074974,340.038684
,常驻,16,True,US.SOXX,SOXX,2026-03-20,-0.095884,332.35233
,常驻,16,True,US.SOXX,SOXX,2026-03-23,-0.08479,336.430395
,常驻,16,True,US.SOXX,SOXX,2026-03-24,-0.072744,340.858295
,常驻,16,True,US.SOXX,SOXX,2026-03-25,-0.061243,345.086289
,常驻,16,True,US.SOXX,SOXX,2026-03-26,-0.105835,328.694066
,常驻,16,True,US.SOXX,SOXX,2026-03-27,-0.120437,323.326612
,常驻,16,True,US.SOXX,SOXX,2026-03-30,-0.157661,309.643103
,常驻,16,True,US.SOXX,SOXX,2026-03-31,-0.106352,328.504156
,常驻,16,True,US.SOXX,SOXX,2026-04-01,-0.079488,338.379471
,常驻,16,True,US.SOXX,SOXX,2026-04-02,-0.076578,339.448963
,常驻,16,True,US.SOXX,SOXX,2026-04-06,-0.06437,343.936834
,常驻,16,True,US.SOXX,SOXX,2026-04-07,-0.054418,347.595099
,常驻,16,True,US.SOXX,SOXX,2026-04-08,0.0,370.224363
,常驻,16,True,US.SOXX,SOXX,2026-04-09,0.0,378.450461
,常驻,16,True,US.SOXX,SOXX,2026-04-10,0.0,386.416682
,常驻,16,True,US.SOXX,SOXX,2026-04-13,0.0,393.153486
,常驻,16,True,US.SOXX,SOXX,2026-04-14,0.0,401.04974
,常驻,16,True,US.SOXX,SOXX,2026-04-15,0.0,401.669446
,常驻,16,True,US.SOXX,SOXX,2026-04-16,0.0,405.757506
,常驻,16,True,US.SOXX,SOXX,2026-04-17,0.0,415.512878
,常驻,16,True,US.SOXX,SOXX,2026-04-20,0.0,417.352006
,常驻,16,True,US.SOXX,SOXX,2026-04-21,0.0,420.500512
,常驻,16,True,US.SOXX,SOXX,2026-04-22,0.0,431.565263
,常驻,16,True,US.SOXX,SOXX,2026-04-23,0.0,440.790886
,常驻,16,True,US.SOXX,SOXX,2026-04-24,0.0,461.381118
,常驻,16,True,US.SOXX,SOXX,2026-04-27,-0.01341,455.194053
,常驻,16,True,US.SOXX,SOXX,2026-04-28,-0.049588,438.501972
,常驻,16,True,US.SOXX,SOXX,2026-04-29,-0.025152,449.776623
,常驻,16,True,US.SOXX,SOXX,2026-04-30,-0.000347,461.221194
,常驻,16,True,US.SOXX,SOXX,2026-05-01,0.0,465.52915
,常驻,16,True,US.SOXX,SOXX,2026-05-04,-0.007923,461.8409
,常驻,16,True,US.SOXX,SOXX,2026-05-05,0.0,482.501099
,常驻,16,True,US.SOXX,SOXX,2026-05-06,0.0,506.629652
,常驻,16,True,US.SOXX,SOXX,2026-05-07,-0.028627,492.126532
,常驻,16,True,US.SOXX,SOXX,2026-05-08,0.0,520.053284
,常驻,16,True,US.SOXX,SOXX,2026-05-11,0.0,532.507375
,常驻,16,True,US.SOXX,SOXX,2026-05-12,-0.031478,515.745327
,常驻,16,True,US.SOXX,SOXX,2026-05-13,-0.00839,528.039495
,常驻,16,True,US.SOXX,SOXX,2026-05-14,-0.005124,529.77867
,常驻,16,True,US.SOXX,SOXX,2026-05-15,-0.045499,508.278869
,常驻,16,True,US.SOXX,SOXX,2026-05-18,-0.069243,495.634868
,常驻,16,True,US.SOXX,SOXX,2026-05-19,-0.06761,496.504455
,常驻,16,True,US.SOXX,SOXX,2026-05-20,-0.023369,520.063279
,常驻,16,True,US.SOXX,SOXX,2026-05-21,-0.01511,524.461192
,常驻,16,True,US.SOXX,SOXX,2026-05-22,0.0,537.075208
,常驻,16,True,US.SOXX,SOXX,2026-05-26,0.0,569.819674
,常驻,16,True,US.SOXX,SOXX,2026-05-27,-0.010718,563.712571
,常驻,16,True,US.SOXX,SOXX,2026-05-28,-0.001088,569.199968
,常驻,16,True,US.SOXX,SOXX,2026-05-29,-0.001772,568.810153
,常驻,16,True,US.SOXX,SOXX,2026-06-01,0.0,571.658802
,常驻,16,True,US.SOXX,SOXX,2026-06-02,0.0,604.733111
,常驻,16,True,US.SOXX,SOXX,2026-06-03,0.0,615.388056
,常驻,16,True,US.SOXX,SOXX,2026-06-04,-0.02105,602.434202
,常驻,16,True,US.SOXX,SOXX,2026-06-05,-0.123295,539.514051
,常驻,16,True,US.SOXX,SOXX,2026-06-08,-0.071839,571.179029
,常驻,16,True,US.SOXX,SOXX,2026-06-09,-0.086961,561.873444
,常驻,16,True,US.SOXX,SOXX,2026-06-10,-0.120468,541.253226
,常驻,16,True,US.SOXX,SOXX,2026-06-11,-0.046696,586.651689
,常驻,16,True,US.SOXX,SOXX,2026-06-12,-0.031559,595.96727
,常驻,16,True,US.SOXX,SOXX,2026-06-15,0.0,628.45
,常驻,16,True,US.SOXX,SOXX,2026-06-16,-0.059209,591.24
,常驻,16,True,US.SOXX,SOXX,2026-06-17,-0.0457,599.73
,常驻,16,True,US.SOXX,SOXX,2026-06-18,0.0,639.45
,常驻,16,True,US.SOXX,SOXX,2026-06-22,0.0,655.01
,常驻,16,True,US.SOXX,SOXX,2026-06-23,-0.078808,603.39
,常驻,16,True,US.SOXX,SOXX,2026-06-24,-0.081693,601.5
,常驻,16,True,US.SOXX,SOXX,2026-06-25,-0.045511,625.2
,常驻,16,True,US.SOXX,SOXX,2026-06-26,-0.099342,589.94
,常驻,16,True,US.SOXX,SOXX,2026-06-29,-0.062075,614.35
,常驻,16,True,US.SOXX,SOXX,2026-06-30,-0.021755,640.76
,常驻,16,True,US.SOXX,SOXX,2026-07-01,-0.084441,599.7
,常驻,16,True,US.SOXX,SOXX,2026-07-02,-0.135403,566.32
,常驻,16,True,US.SOXX,SOXX,2026-07-06,-0.112212,581.51
,常驻,16,True,US.SOXX,SOXX,2026-07-07,-0.157738,551.69
,常驻,16,True,US.SOXX,SOXX,2026-07-08,-0.141952,562.03
,常驻,16,True,US.SOXX,SOXX,2026-07-09,-0.111922,581.7
,常驻,16,True,US.SOXX,SOXX,2026-07-10,-0.112472,581.34
,常驻,16,True,US.SOXX,SOXX,2026-07-13,-0.154807,553.61
,常驻,16,True,US.SOXX,SOXX,2026-07-14,-0.13296,567.92
,常驻,16,True,US.SOXX,SOXX,2026-07-15,-0.152272,555.27
,常驻,16,True,US.SOXX,SOXX,2026-07-16,-0.190089,530.5
,常驻,16,True,US.SOXX,SOXX,2026-07-17,-0.203356,521.81
,常驻,16,True,US.SOXX,SOXX,2026-07-20,-0.199798,524.14
,常驻,16,True,US.SOXX,SOXX,2026-07-21,-0.156211,552.69
,常驻,16,True,US.SOXX,SOXX,2026-07-22,-0.151891,555.52
,常驻,16,True,US.SOXX,SOXX,2026-07-23,-0.158425,551.24
,常驻,16,True,US.SOXX,SOXX,2026-07-24,-0.195417,527.01
,常驻,16,True,US.SOXX,SOXX,2026-07-27,-0.211875,516.23
,常驻,16,True,US.SOXX,SOXX,2026-07-28,-0.249691,491.46
,常驻,16,True,US.SOXX,SOXX,2026-07-29,-0.290087,465.0
,常驻,16,True,US.SOXX,SOXX,2026-07-30,-0.229737,504.53
,常驻,16,True,US.SOXX,SOXX,2026-07-31,-0.229187,504.89
,常驻,16,True,US.SOXX,SOXX,2026-08-03,-0.224928,507.68
,常驻,16,True,US.SOXX,SOXX,2026-08-04,-0.172211,542.21
,常驻,16,True,US.SOXX,SOXX,2026-08-05,-0.189783,530.7
,常驻,16,True,US.SOXX,SOXX,2026-08-06,-0.187005,532.52
,常驻,16,True,US.SOXX,SOXX,2026-08-07,-0.170593,543.27
,常驻,16,True,US.SOXX,SOXX,2026-08-10,-0.191783,529.39
,常驻,16,True,US.SOXX,SOXX,2026-08-11,-0.18444,534.2
,常驻,16,True,US.SOXX,SOXX,2026-08-12,-0.165494,546.61
,常驻,16,True,US.SOXX,SOXX,2026-08-13,-0.159188,550.74
,常驻,16,True,US.SOXX,SOXX,2026-08-14,-0.159677,550.42
,常驻,16,True,US.SOXX,SOXX,2026-08-17,-0.146395,559.12
,常驻,16,True,US.SOXX,SOXX,2026-08-18,-0.18873,531.39
,常驻,16,True,US.SOXX,SOXX,2026-08-19,-0.206623,519.67
,常驻,16,True,US.SOXX,SOXX,2026-08-20,-0.202531,522.35
,常驻,16,True,US.SOXX,SOXX,2026-08-21,-0.206043,520.05
,常驻,16,True,US.SOXX,SOXX,2026-08-24,-0.227218,506.18
,常驻,16,True,US.SOXX,SOXX,2026-08-25,-0.215188,514.06
,常驻,16,True,US.SOXX,SOXX,2026-08-26,-0.213142,515.4
,常驻,16,True,US.SOXX,SOXX,2026-08-27,-0.197829,525.43
,常驻,16,True,US.SOXX,SOXX,2026-08-28,-0.223493,508.62
,常驻,16,True,US.SOXX,SOXX,2026-08-31,-0.219798,511.04
,常驻,16,True,US.SOXX,SOXX,2026-09-01,-0.23618,500.31
,常驻,16,True,US.SOXX,SOXX,2026-09-02,-0.234454,501.44
,常驻,16,True,US.SOXX,SOXX,2026-09-03,-0.233294,502.2
,常驻,16,True,US.SOXX,SOXX,2026-09-04,-0.206333,519.86
,常驻,16,True,US.SOXX,SOXX,2026-09-08,-0.185906,533.24
,常驻,17,True,US.EWY,EWY,2024-09-09,0.0,58.887407
,常驻,17,True,US.EWY,EWY,2024-09-10,-0.006002,58.533987
,常驻,17,True,US.EWY,EWY,2024-09-11,0.0,58.896959
,常驻,17,True,US.EWY,EWY,2024-09-12,0.0,59.70887
,常驻,17,True,US.EWY,EWY,2024-09-13,0.0,60.463469
,常驻,17,True,US.EWY,EWY,2024-09-16,0.0,60.673611
,常驻,17,True,US.EWY,EWY,2024-09-17,-0.004723,60.387054
,常驻,17,True,US.EWY,EWY,2024-09-18,-0.004093,60.425261
,常驻,17,True,US.EWY,EWY,2024-09-19,0.0,61.046134
,常驻,17,True,US.EWY,EWY,2024-09-20,-0.009232,60.482573
,常驻,17,True,US.EWY,EWY,2024-09-23,-0.003442,60.835993
,常驻,17,True,US.EWY,EWY,2024-09-24,0.0,62.125498
,常驻,17,True,US.EWY,EWY,2024-09-25,-0.02583,60.52078
,常驻,17,True,US.EWY,EWY,2024-09-26,0.0,64.074084
,常驻,17,True,US.EWY,EWY,2024-09-27,-0.011032,63.367244
,常驻,17,True,US.EWY,EWY,2024-09-30,-0.046512,61.093894
,常驻,17,True,US.EWY,EWY,2024-10-01,-0.053667,60.635403
,常驻,17,True,US.EWY,EWY,2024-10-02,-0.05486,60.558988
,常驻,17,True,US.EWY,EWY,2024-10-03,-0.065295,59.890356
,常驻,17,True,US.EWY,EWY,2024-10-04,-0.065295,59.890356
,常驻,17,True,US.EWY,EWY,2024-10-07,-0.060525,60.196016
,常驻,17,True,US.EWY,EWY,2024-10-08,-0.055009,60.549436
,常驻,17,True,US.EWY,EWY,2024-10-09,-0.052475,60.711818
,常驻,17,True,US.EWY,EWY,2024-10-10,-0.056202,60.473021
,常驻,17,True,US.EWY,EWY,2024-10-11,-0.055009,60.549436
,常驻,17,True,US.EWY,EWY,2024-10-14,-0.052326,60.72137
,常驻,17,True,US.EWY,EWY,2024-10-15,-0.07424,59.317242
,常驻,17,True,US.EWY,EWY,2024-10-16,-0.062761,60.052738
,常驻,17,True,US.EWY,EWY,2024-10-17,-0.069917,59.594247
,常驻,17,True,US.EWY,EWY,2024-10-18,-0.074687,59.288586
,常驻,17,True,US.EWY,EWY,2024-10-21,-0.081843,58.830096
,常驻,17,True,US.EWY,EWY,2024-10-22,-0.092427,58.151911
,常驻,17,True,US.EWY,EWY,2024-10-23,-0.087358,58.476676
,常驻,17,True,US.EWY,EWY,2024-10-24,-0.08706,58.49578
,常驻,17,True,US.EWY,EWY,2024-10-25,-0.088551,58.400261
,常驻,17,True,US.EWY,EWY,2024-10-28,-0.079905,58.95427
,常驻,17,True,US.EWY,EWY,2024-10-29,-0.080501,58.916063
,常驻,17,True,US.EWY,EWY,2024-10-30,-0.09362,58.075496
,常驻,17,True,US.EWY,EWY,2024-10-31,-0.106887,57.225378
,常驻,17,True,US.EWY,EWY,2024-11-01,-0.105247,57.330449
,常驻,17,True,US.EWY,EWY,2024-11-04,-0.092129,58.171015
,常驻,17,True,US.EWY,EWY,2024-11-05,-0.088849,58.381157
,常驻,17,True,US.EWY,EWY,2024-11-06,-0.114937,56.709576
,常驻,17,True,US.EWY,EWY,2024-11-07,-0.094812,57.999081
,常驻,17,True,US.EWY,EWY,2024-11-08,-0.117472,56.547194
,常驻,17,True,US.EWY,EWY,2024-11-11,-0.129845,55.754387
,常驻,17,True,US.EWY,EWY,2024-11-12,-0.152504,54.302499
,常驻,17,True,US.EWY,EWY,2024-11-13,-0.166965,53.375966
,常驻,17,True,US.EWY,EWY,2024-11-14,-0.16935,53.223136
,常驻,17,True,US.EWY,EWY,2024-11-15,-0.162194,53.681627
,常驻,17,True,US.EWY,EWY,2024-11-18,-0.138491,55.200377
,常驻,17,True,US.EWY,EWY,2024-11-19,-0.142367,54.952028
,常驻,17,True,US.EWY,EWY,2024-11-20,-0.144454,54.818302
,常驻,17,True,US.EWY,EWY,2024-11-21,-0.135212,55.410519
,常驻,17,True,US.EWY,EWY,2024-11-22,-0.133423,55.525141
,常驻,17,True,US.EWY,EWY,2024-11-25,-0.124329,56.107807
,常驻,17,True,US.EWY,EWY,2024-11-26,-0.126416,55.97408
,常驻,17,True,US.EWY,EWY,2024-11-27,-0.133274,55.534693
,常驻,17,True,US.EWY,EWY,2024-11-29,-0.143858,54.856509
,常驻,17,True,US.EWY,EWY,2024-12-02,-0.154592,54.168773
,常驻,17,True,US.EWY,EWY,2024-12-03,-0.168008,53.309103
,常驻,17,True,US.EWY,EWY,2024-12-04,-0.162045,53.691178
,常驻,17,True,US.EWY,EWY,2024-12-05,-0.172332,53.032098
,常驻,17,True,US.EWY,EWY,2024-12-06,-0.18068,52.497192
,常驻,17,True,US.EWY,EWY,2024-12-09,-0.199911,51.264998
,常驻,17,True,US.EWY,EWY,2024-12-10,-0.196035,51.513347
,常驻,17,True,US.EWY,EWY,2024-12-11,-0.17263,53.012994
,常驻,17,True,US.EWY,EWY,2024-12-12,-0.172928,52.99389
,常驻,17,True,US.EWY,EWY,2024-12-13,-0.165325,53.481037
,常驻,17,True,US.EWY,EWY,2024-12-16,-0.171437,53.089409
,常驻,17,True,US.EWY,EWY,2024-12-17,-0.182303,52.393187
,常驻,17,True,US.EWY,EWY,2024-12-18,-0.204589,50.96526
,常驻,17,True,US.EWY,EWY,2024-12-19,-0.197262,51.434716
,常驻,17,True,US.EWY,EWY,2024-12-20,-0.201078,51.190208
,常驻,17,True,US.EWY,EWY,2024-12-23,-0.194514,51.610762
,常驻,17,True,US.EWY,EWY,2024-12-24,-0.19543,51.55208
,常驻,17,True,US.EWY,EWY,2024-12-26,-0.206726,50.828336
,常驻,17,True,US.EWY,EWY,2024-12-27,-0.21451,50.329539
,常驻,17,True,US.EWY,EWY,2024-12-30,-0.218632,50.065471
,常驻,17,True,US.EWY,EWY,2024-12-31,-0.223211,49.772061
,常驻,17,True,US.EWY,EWY,2025-01-02,-0.2197,49.997008
,常驻,17,True,US.EWY,EWY,2025-01-03,-0.193446,51.679224
,常驻,17,True,US.EWY,EWY,2025-01-06,-0.169634,53.204954
,常驻,17,True,US.EWY,EWY,2025-01-07,-0.180013,52.539892
,常驻,17,True,US.EWY,EWY,2025-01-08,-0.170855,53.126711
,常驻,17,True,US.EWY,EWY,2025-01-10,-0.183066,52.344286
,常驻,17,True,US.EWY,EWY,2025-01-13,-0.183524,52.314945
,常驻,17,True,US.EWY,EWY,2025-01-14,-0.175739,52.813741
,常驻,17,True,US.EWY,EWY,2025-01-15,-0.163681,53.586387
,常驻,17,True,US.EWY,EWY,2025-01-16,-0.167497,53.341879
,常驻,17,True,US.EWY,EWY,2025-01-17,-0.16307,53.625508
,常驻,17,True,US.EWY,EWY,2025-01-21,-0.150096,54.456835
,常驻,17,True,US.EWY,EWY,2025-01-22,-0.143532,54.877389
,常驻,17,True,US.EWY,EWY,2025-01-23,-0.150248,54.447055
,常驻,17,True,US.EWY,EWY,2025-01-24,-0.146738,54.672002
,常驻,17,True,US.EWY,EWY,2025-01-27,-0.167344,53.351659
,常驻,17,True,US.EWY,EWY,2025-01-28,-0.17116,53.107151
,常驻,17,True,US.EWY,EWY,2025-01-29,-0.169329,53.224515
,常驻,17,True,US.EWY,EWY,2025-01-30,-0.156354,54.055842
,常驻,17,True,US.EWY,EWY,2025-01-31,-0.176197,52.7844
,常驻,17,True,US.EWY,EWY,2025-02-03,-0.185203,52.207361
,常驻,17,True,US.EWY,EWY,2025-02-04,-0.170397,53.156052
,常驻,17,True,US.EWY,EWY,2025-02-05,-0.161086,53.752652
,常驻,17,True,US.EWY,EWY,2025-02-06,-0.157117,54.006941
,常驻,17,True,US.EWY,EWY,2025-02-07,-0.173602,52.950666
,常驻,17,True,US.EWY,EWY,2025-02-10,-0.158338,53.928698
,常驻,17,True,US.EWY,EWY,2025-02-11,-0.159407,53.860236
,常驻,17,True,US.EWY,EWY,2025-02-12,-0.158033,53.948259
,常驻,17,True,US.EWY,EWY,2025-02-13,-0.139869,55.112117
,常驻,17,True,US.EWY,EWY,2025-02-14,-0.134832,55.434868
,常驻,17,True,US.EWY,EWY,2025-02-18,-0.123231,56.178172
,常驻,17,True,US.EWY,EWY,2025-02-19,-0.110409,56.999719
,常驻,17,True,US.EWY,EWY,2025-02-20,-0.107662,57.175765
,常驻,17,True,US.EWY,EWY,2025-02-21,-0.120941,56.324877
,常驻,17,True,US.EWY,EWY,2025-02-24,-0.122773,56.207513
,常驻,17,True,US.EWY,EWY,2025-02-25,-0.121552,56.285756
,常驻,17,True,US.EWY,EWY,2025-02-26,-0.117583,56.540044
,常驻,17,True,US.EWY,EWY,2025-02-27,-0.145974,54.720904
,常驻,17,True,US.EWY,EWY,2025-02-28,-0.165512,53.469023
,常驻,17,True,US.EWY,EWY,2025-03-03,-0.170855,53.126711
,常驻,17,True,US.EWY,EWY,2025-03-04,-0.167039,53.37122
,常驻,17,True,US.EWY,EWY,2025-03-05,-0.144448,54.818707
,常驻,17,True,US.EWY,EWY,2025-03-06,-0.161391,53.733091
,常驻,17,True,US.EWY,EWY,2025-03-07,-0.150096,54.456835
,常驻,17,True,US.EWY,EWY,2025-03-10,-0.174366,52.901764
,常驻,17,True,US.EWY,EWY,2025-03-11,-0.165207,53.488583
,常驻,17,True,US.EWY,EWY,2025-03-12,-0.145974,54.720904
,常驻,17,True,US.EWY,EWY,2025-03-13,-0.157117,54.006941
,常驻,17,True,US.EWY,EWY,2025-03-14,-0.143074,54.90673
,常驻,17,True,US.EWY,EWY,2025-03-17,-0.11682,56.588946
,常驻,17,True,US.EWY,EWY,2025-03-18,-0.130405,55.718497
,常驻,17,True,US.EWY,EWY,2025-03-19,-0.126284,55.982566
,常驻,17,True,US.EWY,EWY,2025-03-20,-0.134068,55.483769
,常驻,17,True,US.EWY,EWY,2025-03-21,-0.132084,55.610913
,常驻,17,True,US.EWY,EWY,2025-03-24,-0.125215,56.051028
,常驻,17,True,US.EWY,EWY,2025-03-25,-0.128879,55.8163
,常驻,17,True,US.EWY,EWY,2025-03-26,-0.132847,55.562012
,常驻,17,True,US.EWY,EWY,2025-03-27,-0.137732,55.249041
,常驻,17,True,US.EWY,EWY,2025-03-28,-0.163681,53.586387
,常驻,17,True,US.EWY,EWY,2025-03-31,-0.175129,52.852862
,常驻,17,True,US.EWY,EWY,2025-04-01,-0.162765,53.645069
,常驻,17,True,US.EWY,EWY,2025-04-02,-0.166123,53.429901
,常驻,17,True,US.EWY,EWY,2025-04-03,-0.188867,51.972633
,常驻,17,True,US.EWY,EWY,2025-04-04,-0.217716,50.124153
,常驻,17,True,US.EWY,EWY,2025-04-07,-0.22489,49.664477
,常驻,17,True,US.EWY,EWY,2025-04-08,-0.253281,47.845337
,常驻,17,True,US.EWY,EWY,2025-04-09,-0.18673,52.109558
,常驻,17,True,US.EWY,EWY,2025-04-10,-0.209015,50.681631
,常驻,17,True,US.EWY,EWY,2025-04-11,-0.171008,53.116931
,常驻,17,True,US.EWY,EWY,2025-04-14,-0.170397,53.156052
,常驻,17,True,US.EWY,EWY,2025-04-15,-0.169939,53.185393
,常驻,17,True,US.EWY,EWY,2025-04-16,-0.174824,52.872423
,常驻,17,True,US.EWY,EWY,2025-04-17,-0.171008,53.116931
,常驻,17,True,US.EWY,EWY,2025-04-21,-0.169786,53.195174
,常驻,17,True,US.EWY,EWY,2025-04-22,-0.163376,53.605947
,常驻,17,True,US.EWY,EWY,2025-04-23,-0.151317,54.378593
,常驻,17,True,US.EWY,EWY,2025-04-24,-0.145974,54.720904
,常驻,17,True,US.EWY,EWY,2025-04-25,-0.148111,54.58398
,常驻,17,True,US.EWY,EWY,2025-04-28,-0.150554,54.427494
,常驻,17,True,US.EWY,EWY,2025-04-29,-0.143685,54.867609
,常驻,17,True,US.EWY,EWY,2025-04-30,-0.142311,54.955632
,常驻,17,True,US.EWY,EWY,2025-05-01,-0.151317,54.378593
,常驻,17,True,US.EWY,EWY,2025-05-02,-0.11911,56.442241
,常驻,17,True,US.EWY,EWY,2025-05-05,-0.108883,57.097522
,常驻,17,True,US.EWY,EWY,2025-05-06,-0.107051,57.214886
,常驻,17,True,US.EWY,EWY,2025-05-07,-0.117889,56.520483
,常驻,17,True,US.EWY,EWY,2025-05-08,-0.126894,55.943444
,常驻,17,True,US.EWY,EWY,2025-05-09,-0.119415,56.42268
,常驻,17,True,US.EWY,EWY,2025-05-12,-0.114073,56.764991
,常驻,17,True,US.EWY,EWY,2025-05-13,-0.112851,56.843234
,常驻,17,True,US.EWY,EWY,2025-05-14,-0.105372,57.32247
,常驻,17,True,US.EWY,EWY,2025-05-15,-0.102472,57.508296
,常驻,17,True,US.EWY,EWY,2025-05-16,-0.102624,57.498516
,常驻,17,True,US.EWY,EWY,2025-05-19,-0.102167,57.527857
,常驻,17,True,US.EWY,EWY,2025-05-20,-0.108577,57.117083
,常驻,17,True,US.EWY,EWY,2025-05-21,-0.097893,57.801706
,常驻,17,True,US.EWY,EWY,2025-05-22,-0.110257,57.0095
,常驻,17,True,US.EWY,EWY,2025-05-23,-0.10003,57.664781
,常驻,17,True,US.EWY,EWY,2025-05-27,-0.08446,58.662374
,常驻,17,True,US.EWY,EWY,2025-05-28,-0.072707,59.415459
,常驻,17,True,US.EWY,EWY,2025-05-29,-0.05668,60.442393
,常驻,17,True,US.EWY,EWY,2025-05-30,-0.074539,59.298095
,常驻,17,True,US.EWY,EWY,2025-06-02,-0.057595,60.383711
,常驻,17,True,US.EWY,EWY,2025-06-03,-0.055306,60.530416
,常驻,17,True,US.EWY,EWY,2025-06-04,-0.023404,62.574503
,常驻,17,True,US.EWY,EWY,2025-06-05,-0.002339,63.924187
,常驻,17,True,US.EWY,EWY,2025-06-06,0.0,64.129574
,常驻,17,True,US.EWY,EWY,2025-06-09,0.0,65.019584
,常驻,17,True,US.EWY,EWY,2025-06-10,-0.004813,64.706613
,常驻,17,True,US.EWY,EWY,2025-06-11,0.0,65.51838
,常驻,17,True,US.EWY,EWY,2025-06-12,0.0,66.203003
,常驻,17,True,US.EWY,EWY,2025-06-13,-0.018762,64.960902
,常驻,17,True,US.EWY,EWY,2025-06-16,0.0,66.692019
,常驻,17,True,US.EWY,EWY,2025-06-17,-0.022877,65.166288
,常驻,17,True,US.EWY,EWY,2025-06-18,-0.004693,66.379048
,常驻,17,True,US.EWY,EWY,2025-06-20,0.0,67.02455
,常驻,17,True,US.EWY,EWY,2025-06-23,0.0,67.894998
,常驻,17,True,US.EWY,EWY,2025-06-24,0.0,71.054043
,常驻,17,True,US.EWY,EWY,2025-06-25,-0.003854,70.780193
,常驻,17,True,US.EWY,EWY,2025-06-26,-0.009773,70.35964
,常驻,17,True,US.EWY,EWY,2025-06-27,-0.02629,69.186001
,常驻,17,True,US.EWY,EWY,2025-06-30,-0.011975,70.203154
,常驻,17,True,US.EWY,EWY,2025-07-01,-0.013902,70.06623
,常驻,17,True,US.EWY,EWY,2025-07-02,-0.009635,70.36942
,常驻,17,True,US.EWY,EWY,2025-07-03,0.0,71.102944
,常驻,17,True,US.EWY,EWY,2025-07-07,-0.036176,68.530719
,常驻,17,True,US.EWY,EWY,2025-07-08,-0.008528,70.496564
,常驻,17,True,US.EWY,EWY,2025-07-09,-0.008528,70.496564
,常驻,17,True,US.EWY,EWY,2025-07-10,0.0,71.533278
,常驻,17,True,US.EWY,EWY,2025-07-11,-0.00793,70.96602
,常驻,17,True,US.EWY,EWY,2025-07-14,0.0,71.59196
,常驻,17,True,US.EWY,EWY,2025-07-15,-0.001776,71.464816
,常驻,17,True,US.EWY,EWY,2025-07-16,-0.001639,71.474596
,常驻,17,True,US.EWY,EWY,2025-07-17,-0.001913,71.455036
,常驻,17,True,US.EWY,EWY,2025-07-18,-0.011066,70.799754
,常驻,17,True,US.EWY,EWY,2025-07-21,0.0,72.247242
,常驻,17,True,US.EWY,EWY,2025-07-22,-0.013267,71.28877
,常驻,17,True,US.EWY,EWY,2025-07-23,-0.000271,72.227681
,常驻,17,True,US.EWY,EWY,2025-07-24,-0.007581,71.699544
,常驻,17,True,US.EWY,EWY,2025-07-25,-0.008935,71.601741
,常驻,17,True,US.EWY,EWY,2025-07-28,-0.015703,71.112724
,常驻,17,True,US.EWY,EWY,2025-07-29,-0.005144,71.87559
,常驻,17,True,US.EWY,EWY,2025-07-30,-0.002572,72.061416
,常驻,17,True,US.EWY,EWY,2025-07-31,-0.01435,71.210528
,常驻,17,True,US.EWY,EWY,2025-08-01,-0.04359,69.097978
,常驻,17,True,US.EWY,EWY,2025-08-04,-0.020847,70.741072
,常驻,17,True,US.EWY,EWY,2025-08-05,-0.013267,71.28877
,常驻,17,True,US.EWY,EWY,2025-08-06,-0.009341,71.5724
,常驻,17,True,US.EWY,EWY,2025-08-07,-0.005821,71.826688
,常驻,17,True,US.EWY,EWY,2025-08-08,-0.005009,71.88537
,常驻,17,True,US.EWY,EWY,2025-08-11,-0.011371,71.425695
,常驻,17,True,US.EWY,EWY,2025-08-12,0.0,72.472189
,常驻,17,True,US.EWY,EWY,2025-08-13,0.0,73.078569
,常驻,17,True,US.EWY,EWY,2025-08-14,-0.014186,72.041855
,常驻,17,True,US.EWY,EWY,2025-08-15,-0.0178,71.777786
,常驻,17,True,US.EWY,EWY,2025-08-18,-0.025696,71.200747
,常驻,17,True,US.EWY,EWY,2025-08-19,-0.043897,69.870624
,常驻,17,True,US.EWY,EWY,2025-08-20,-0.044968,69.792381
,常驻,17,True,US.EWY,EWY,2025-08-21,-0.046842,69.655456
,常驻,17,True,US.EWY,EWY,2025-08-22,-0.016194,71.89515
,常驻,17,True,US.EWY,EWY,2025-08-25,-0.026633,71.132285
,常驻,17,True,US.EWY,EWY,2025-08-26,-0.031183,70.799754
,常驻,17,True,US.EWY,EWY,2025-08-27,-0.030112,70.877997
,常驻,17,True,US.EWY,EWY,2025-08-28,-0.014454,72.022294
,常驻,17,True,US.EWY,EWY,2025-08-29,-0.033191,70.653049
,常驻,17,True,US.EWY,EWY,2025-09-02,-0.037473,70.340079
,常驻,17,True,US.EWY,EWY,2025-09-03,-0.024224,71.308331
,常驻,17,True,US.EWY,EWY,2025-09-04,-0.022082,71.464816
,常驻,17,True,US.EWY,EWY,2025-09-05,-0.014588,72.012514
,常驻,17,True,US.EWY,EWY,2025-09-08,-0.007093,72.560212
,常驻,17,True,US.EWY,EWY,2025-09-09,0.0,73.274176
,常驻,17,True,US.EWY,EWY,2025-09-10,0.0,74.966172
,常驻,17,True,US.EWY,EWY,2025-09-11,0.0,76.149591
,常驻,17,True,US.EWY,EWY,2025-09-12,0.0,76.932016
,常驻,17,True,US.EWY,EWY,2025-09-15,0.0,77.450373
,常驻,17,True,US.EWY,EWY,2025-09-16,0.0,78.917422
,常驻,17,True,US.EWY,EWY,2025-09-17,-0.010658,78.076314
,常驻,17,True,US.EWY,EWY,2025-09-18,0.0,78.976104
,常驻,17,True,US.EWY,EWY,2025-09-19,-0.008669,78.291481
,常驻,17,True,US.EWY,EWY,2025-09-22,0.0,79.76831
,常驻,17,True,US.EWY,EWY,2025-09-23,-0.001349,79.660726
,常驻,17,True,US.EWY,EWY,2025-09-24,-0.018637,78.281701
,常驻,17,True,US.EWY,EWY,2025-09-25,-0.020476,78.134996
,常驻,17,True,US.EWY,EWY,2025-09-26,-0.032982,77.137403
,常驻,17,True,US.EWY,EWY,2025-09-29,-0.016184,78.477307
,常驻,17,True,US.EWY,EWY,2025-09-30,-0.017901,78.340383
,常驻,17,True,US.EWY,EWY,2025-10-01,0.0,80.09106
,常驻,17,True,US.EWY,EWY,2025-10-02,0.0,81.695033
,常驻,17,True,US.EWY,EWY,2025-10-03,0.0,82.008004
,常驻,17,True,US.EWY,EWY,2025-10-06,0.0,82.917574
,常驻,17,True,US.EWY,EWY,2025-10-07,-0.016867,81.518988
,常驻,17,True,US.EWY,EWY,2025-10-08,-0.006959,82.340535
,常驻,17,True,US.EWY,EWY,2025-10-09,-0.015924,81.59723
,常驻,17,True,US.EWY,EWY,2025-10-10,-0.047889,78.946763
,常驻,17,True,US.EWY,EWY,2025-10-13,-0.013682,81.783056
,常驻,17,True,US.EWY,EWY,2025-10-14,-0.024652,80.873486
,常驻,17,True,US.EWY,EWY,2025-10-15,0.0,83.299006
,常驻,17,True,US.EWY,EWY,2025-10-16,0.0,85.949474
,常驻,17,True,US.EWY,EWY,2025-10-17,0.0,86.575414
,常驻,17,True,US.EWY,EWY,2025-10-20,0.0,88.443456
,常驻,17,True,US.EWY,EWY,2025-10-21,-0.019794,86.692778
,常驻,17,True,US.EWY,EWY,2025-10-22,-0.010837,87.484984
,常驻,17,True,US.EWY,EWY,2025-10-23,-0.003981,88.091364
,常驻,17,True,US.EWY,EWY,2025-10-24,0.0,90.027868
,常驻,17,True,US.EWY,EWY,2025-10-27,0.0,92.238221
,常驻,17,True,US.EWY,EWY,2025-10-28,0.0,92.375145
,常驻,17,True,US.EWY,EWY,2025-10-29,0.0,94.771324
,常驻,17,True,US.EWY,EWY,2025-10-30,-0.016925,93.167352
,常驻,17,True,US.EWY,EWY,2025-10-31,0.0,94.869128
,常驻,17,True,US.EWY,EWY,2025-11-03,0.0,98.56609
,常驻,17,True,US.EWY,EWY,2025-11-04,-0.049811,93.656368
,常驻,17,True,US.EWY,EWY,2025-11-05,-0.041278,94.497475
,常驻,17,True,US.EWY,EWY,2025-11-06,-0.072137,91.455795
,常驻,17,True,US.EWY,EWY,2025-11-07,-0.089105,89.78336
,常驻,17,True,US.EWY,EWY,2025-11-10,-0.050705,93.568345
,常驻,17,True,US.EWY,EWY,2025-11-11,-0.054475,93.196693
,常驻,17,True,US.EWY,EWY,2025-11-12,-0.048224,93.812853
,常驻,17,True,US.EWY,EWY,2025-11-13,-0.066581,92.003493
,常驻,17,True,US.EWY,EWY,2025-11-14,-0.065985,92.062175
,常驻,17,True,US.EWY,EWY,2025-11-17,-0.076999,90.976559
,常驻,17,True,US.EWY,EWY,2025-11-18,-0.091189,89.577973
,常驻,17,True,US.EWY,EWY,2025-11-19,-0.101409,88.5706
,常驻,17,True,US.EWY,EWY,2025-11-20,-0.121552,86.585195
,常驻,17,True,US.EWY,EWY,2025-11-21,-0.114705,87.260037
,常驻,17,True,US.EWY,EWY,2025-11-24,-0.103989,88.316312
,常驻,17,True,US.EWY,EWY,2025-11-25,-0.109049,87.817515
,常驻,17,True,US.EWY,EWY,2025-11-26,-0.091586,89.538852
,常驻,17,True,US.EWY,EWY,2025-11-28,-0.098333,88.87379
,常驻,17,True,US.EWY,EWY,2025-12-01,-0.100814,88.629282
,常驻,17,True,US.EWY,EWY,2025-12-02,-0.086426,90.047429
,常驻,17,True,US.EWY,EWY,2025-12-03,-0.077198,90.956999
,常驻,17,True,US.EWY,EWY,2025-12-04,-0.08841,89.851822
,常驻,17,True,US.EWY,EWY,2025-12-05,-0.064298,92.228441
,常驻,17,True,US.EWY,EWY,2025-12-08,-0.056658,92.981525
,常驻,17,True,US.EWY,EWY,2025-12-09,-0.051697,93.470542
,常驻,17,True,US.EWY,EWY,2025-12-10,-0.039988,94.62462
,常驻,17,True,US.EWY,EWY,2025-12-11,-0.05775,92.873942
,常驻,17,True,US.EWY,EWY,2025-12-12,-0.080472,90.634248
,常驻,17,True,US.EWY,EWY,2025-12-15,-0.079877,90.69293
,常驻,17,True,US.EWY,EWY,2025-12-16,-0.091777,89.52
,常驻,17,True,US.EWY,EWY,2025-12-17,-0.101314,88.58
,常驻,17,True,US.EWY,EWY,2025-12-18,-0.086197,90.07
,常驻,17,True,US.EWY,EWY,2025-12-19,-0.073312,91.34
,常驻,17,True,US.EWY,EWY,2025-12-22,-0.069152,91.75
,常驻,17,True,US.EWY,EWY,2025-12-23,-0.059514,92.7
,常驻,17,True,US.EWY,EWY,2025-12-24,-0.040238,94.6
,常驻,17,True,US.EWY,EWY,2025-12-26,-0.027657,95.84
,常驻,17,True,US.EWY,EWY,2025-12-29,0.0,98.72
,常驻,17,True,US.EWY,EWY,2025-12-30,-0.001013,98.62
,常驻,17,True,US.EWY,EWY,2025-12-31,-0.015194,97.22
,常驻,17,True,US.EWY,EWY,2026-01-02,0.0,102.22
,常驻,17,True,US.EWY,EWY,2026-01-05,0.0,104.83
,常驻,17,True,US.EWY,EWY,2026-01-06,0.0,107.61
,常驻,17,True,US.EWY,EWY,2026-01-07,-0.00539,107.03
,常驻,17,True,US.EWY,EWY,2026-01-08,-0.009479,106.59
,常驻,17,True,US.EWY,EWY,2026-01-09,0.0,108.89
,常驻,17,True,US.EWY,EWY,2026-01-12,0.0,108.93
,常驻,17,True,US.EWY,EWY,2026-01-13,-0.01276,107.54
,常驻,17,True,US.EWY,EWY,2026-01-14,0.0,109.64
,常驻,17,True,US.EWY,EWY,2026-01-15,0.0,111.05
,常驻,17,True,US.EWY,EWY,2026-01-16,0.0,112.22
,常驻,17,True,US.EWY,EWY,2026-01-20,-0.011139,110.97
,常驻,17,True,US.EWY,EWY,2026-01-21,0.0,115.66
,常驻,17,True,US.EWY,EWY,2026-01-22,0.0,115.99
,常驻,17,True,US.EWY,EWY,2026-01-23,0.0,117.97
,常驻,17,True,US.EWY,EWY,2026-01-26,-0.00551,117.32
,常驻,17,True,US.EWY,EWY,2026-01-27,0.0,122.7
,常驻,17,True,US.EWY,EWY,2026-01-28,0.0,125.56
,常驻,17,True,US.EWY,EWY,2026-01-29,-0.008442,124.5
,常驻,17,True,US.EWY,EWY,2026-01-30,-0.025088,122.41
,常驻,17,True,US.EWY,EWY,2026-02-02,-0.036875,120.93
,常驻,17,True,US.EWY,EWY,2026-02-03,-0.009876,124.32
,常驻,17,True,US.EWY,EWY,2026-02-04,-0.042211,120.26
,常驻,17,True,US.EWY,EWY,2026-02-05,-0.042609,120.21
,常驻,17,True,US.EWY,EWY,2026-02-06,-0.00677,124.71
,常驻,17,True,US.EWY,EWY,2026-02-09,0.0,126.05
,常驻,17,True,US.EWY,EWY,2026-02-10,-0.012693,124.45
,常驻,17,True,US.EWY,EWY,2026-02-11,0.0,130.6
,常驻,17,True,US.EWY,EWY,2026-02-12,0.0,130.8
,常驻,17,True,US.EWY,EWY,2026-02-13,0.0,133.97
,常驻,17,True,US.EWY,EWY,2026-02-17,-0.024558,130.68
,常驻,17,True,US.EWY,EWY,2026-02-18,-0.007763,132.93
,常驻,17,True,US.EWY,EWY,2026-02-19,0.0,135.21
,常驻,17,True,US.EWY,EWY,2026-02-20,0.0,141.88
,常驻,17,True,US.EWY,EWY,2026-02-23,-0.018184,139.3
,常驻,17,True,US.EWY,EWY,2026-02-24,0.0,144.55
,常驻,17,True,US.EWY,EWY,2026-02-25,0.0,148.89
,常驻,17,True,US.EWY,EWY,2026-02-26,0.0,150.41
,常驻,17,True,US.EWY,EWY,2026-02-27,0.0,151.37
,常驻,17,True,US.EWY,EWY,2026-03-02,-0.025302,147.54
,常驻,17,True,US.EWY,EWY,2026-03-03,-0.125718,132.34
,常驻,17,True,US.EWY,EWY,2026-03-04,-0.112308,134.37
,常驻,17,True,US.EWY,EWY,2026-03-05,-0.16932,125.74
,常驻,17,True,US.EWY,EWY,2026-03-06,-0.16278,126.73
,常驻,17,True,US.EWY,EWY,2026-03-09,-0.115479,133.89
,常驻,17,True,US.EWY,EWY,2026-03-10,-0.139195,130.3
,常驻,17,True,US.EWY,EWY,2026-03-11,-0.122349,132.85
,常驻,17,True,US.EWY,EWY,2026-03-12,-0.184118,123.5
,常驻,17,True,US.EWY,EWY,2026-03-13,-0.179824,124.15
,常驻,17,True,US.EWY,EWY,2026-03-16,-0.120698,133.1
,常驻,17,True,US.EWY,EWY,2026-03-17,-0.111911,134.43
,常驻,17,True,US.EWY,EWY,2026-03-18,-0.128757,131.88
,常驻,17,True,US.EWY,EWY,2026-03-19,-0.109335,134.82
,常驻,17,True,US.EWY,EWY,2026-03-20,-0.169056,125.78
,常驻,17,True,US.EWY,EWY,2026-03-23,-0.116007,133.81
,常驻,17,True,US.EWY,EWY,2026-03-24,-0.149435,128.75
,常驻,17,True,US.EWY,EWY,2026-03-25,-0.156108,127.74
,常驻,17,True,US.EWY,EWY,2026-03-26,-0.207307,119.99
,常驻,17,True,US.EWY,EWY,2026-03-27,-0.200766,120.98
,常驻,17,True,US.EWY,EWY,2026-03-30,-0.230825,116.43
,常驻,17,True,US.EWY,EWY,2026-03-31,-0.187355,123.01
,常驻,17,True,US.EWY,EWY,2026-04-01,-0.166149,126.22
,常驻,17,True,US.EWY,EWY,2026-04-02,-0.18828,122.87
,常驻,17,True,US.EWY,EWY,2026-04-06,-0.167999,125.94
,常驻,17,True,US.EWY,EWY,2026-04-07,-0.159741,127.19
,常驻,17,True,US.EWY,EWY,2026-04-08,-0.074652,140.07
,常驻,17,True,US.EWY,EWY,2026-04-09,-0.079804,139.29
,常驻,17,True,US.EWY,EWY,2026-04-10,-0.083504,138.73
,常驻,17,True,US.EWY,EWY,2026-04-13,-0.066988,141.23
,常驻,17,True,US.EWY,EWY,2026-04-14,-0.030984,146.68
,常驻,17,True,US.EWY,EWY,2026-04-15,-0.042611,144.92
,常驻,17,True,US.EWY,EWY,2026-04-16,-0.025765,147.47
,常驻,17,True,US.EWY,EWY,2026-04-17,0.0,152.33
,常驻,17,True,US.EWY,EWY,2026-04-20,-0.014705,150.09
,常驻,17,True,US.EWY,EWY,2026-04-21,-0.036368,146.79
,常驻,17,True,US.EWY,EWY,2026-04-22,0.0,155.8
,常驻,17,True,US.EWY,EWY,2026-04-23,-0.03344,150.59
,常驻,17,True,US.EWY,EWY,2026-04-24,-0.007895,154.57
,常驻,17,True,US.EWY,EWY,2026-04-27,0.0,156.73
,常驻,17,True,US.EWY,EWY,2026-04-28,-0.015058,154.37
,常驻,17,True,US.EWY,EWY,2026-04-29,-0.017674,153.96
,常驻,17,True,US.EWY,EWY,2026-04-30,0.0,160.76
,常驻,17,True,US.EWY,EWY,2026-05-01,0.0,162.0
,常驻,17,True,US.EWY,EWY,2026-05-04,0.0,163.59
,常驻,17,True,US.EWY,EWY,2026-05-05,0.0,173.47
,常驻,17,True,US.EWY,EWY,2026-05-06,0.0,181.98
,常驻,17,True,US.EWY,EWY,2026-05-07,-0.028739,176.75
,常驻,17,True,US.EWY,EWY,2026-05-08,0.0,190.2
,常驻,17,True,US.EWY,EWY,2026-05-11,0.0,192.85
,常驻,17,True,US.EWY,EWY,2026-05-12,-0.07441,178.5
,常驻,17,True,US.EWY,EWY,2026-05-13,-0.021882,188.63
,常驻,17,True,US.EWY,EWY,2026-05-14,-0.012082,190.52
,常驻,17,True,US.EWY,EWY,2026-05-15,-0.072543,178.86
,常驻,17,True,US.EWY,EWY,2026-05-18,-0.086855,176.1
,常驻,17,True,US.EWY,EWY,2026-05-19,-0.097641,174.02
,常驻,17,True,US.EWY,EWY,2026-05-20,-0.066062,180.11
,常驻,17,True,US.EWY,EWY,2026-05-21,-0.033342,186.42
,常驻,17,True,US.EWY,EWY,2026-05-22,-0.056106,182.03
,常驻,17,True,US.EWY,EWY,2026-05-26,0.0,200.65
,常驻,17,True,US.EWY,EWY,2026-05-27,-0.011762,198.29
,常驻,17,True,US.EWY,EWY,2026-05-28,0.0,206.41
,常驻,17,True,US.EWY,EWY,2026-05-29,-0.00281,205.83
,常驻,17,True,US.EWY,EWY,2026-06-01,0.0,216.7
,常驻,17,True,US.EWY,EWY,2026-06-02,-0.010014,214.53
,常驻,17,True,US.EWY,EWY,2026-06-03,-0.017259,212.96
,常驻,17,True,US.EWY,EWY,2026-06-04,-0.058745,203.97
,常驻,17,True,US.EWY,EWY,2026-06-05,-0.191555,175.19
,常驻,17,True,US.EWY,EWY,2026-06-08,-0.143332,185.64
,常驻,17,True,US.EWY,EWY,2026-06-09,-0.150669,184.05
,常驻,17,True,US.EWY,EWY,2026-06-10,-0.176511,178.45
,常驻,17,True,US.EWY,EWY,2026-06-11,-0.081957,198.94
,常驻,17,True,US.EWY,EWY,2026-06-12,-0.088832,197.45
,常驻,17,True,US.EWY,EWY,2026-06-15,-0.024227,211.45
,常驻,17,True,US.EWY,EWY,2026-06-16,-0.049792,205.91
,常驻,17,True,US.EWY,EWY,2026-06-17,-0.053623,205.08
,常驻,17,True,US.EWY,EWY,2026-06-18,0.0,219.2
,常驻,17,True,US.EWY,EWY,2026-06-22,-0.000821,219.02
,常驻,17,True,US.EWY,EWY,2026-06-23,-0.123175,192.2
,常驻,17,True,US.EWY,EWY,2026-06-24,-0.100091,197.26
,常驻,17,True,US.EWY,EWY,2026-06-25,-0.064781,205.0
,常驻,17,True,US.EWY,EWY,2026-06-26,-0.1,197.28
,常驻,17,True,US.EWY,EWY,2026-06-29,-0.098996,197.5
,常驻,17,True,US.EWY,EWY,2026-06-30,-0.078923,201.9
,常驻,17,True,US.EWY,EWY,2026-07-01,-0.153741,185.5
,常驻,17,True,US.EWY,EWY,2026-07-02,-0.178193,180.14
,常驻,17,True,US.EWY,EWY,2026-07-06,-0.133896,189.85
,常驻,17,True,US.EWY,EWY,2026-07-07,-0.172947,181.29
,常驻,17,True,US.EWY,EWY,2026-07-08,-0.166423,182.72
,常驻,17,True,US.EWY,EWY,2026-07-09,-0.157162,184.75
,常驻,17,True,US.EWY,EWY,2026-07-10,-0.162774,183.52
,常驻,17,True,US.EWY,EWY,2026-07-13,-0.233485,168.02
,常驻,17,True,US.EWY,EWY,2026-07-14,-0.192609,176.98
,常驻,17,True,US.EWY,EWY,2026-07-15,-0.216971,171.64
,常驻,17,True,US.EWY,EWY,2026-07-16,-0.254745,163.36
,常驻,17,True,US.EWY,EWY,2026-07-17,-0.258485,162.54
,常驻,17,True,US.EWY,EWY,2026-07-20,-0.257026,162.86
,常驻,17,True,US.EWY,EWY,2026-07-21,-0.211223,172.9
,常驻,17,True,US.EWY,EWY,2026-07-22,-0.222491,170.43
,常驻,17,True,US.EWY,EWY,2026-07-23,-0.206843,173.86
,常驻,17,True,US.EWY,EWY,2026-07-24,-0.256569,162.96
,常驻,17,True,US.EWY,EWY,2026-07-27,-0.264599,161.2
,常驻,17,True,US.EWY,EWY,2026-07-28,-0.309078,151.45
,常驻,17,True,US.EWY,EWY,2026-07-29,-0.342108,144.21
,常驻,17,True,US.EWY,EWY,2026-07-30,-0.264553,161.21
,常驻,17,True,US.EWY,EWY,2026-07-31,-0.283303,157.1
,常驻,17,True,US.EWY,EWY,2026-08-03,-0.268978,160.24
,常驻,17,True,US.EWY,EWY,2026-08-04,-0.219252,171.14
,常驻,17,True,US.EWY,EWY,2026-08-05,-0.228376,169.14
,常驻,17,True,US.EWY,EWY,2026-08-06,-0.251277,164.12
,常驻,17,True,US.EWY,EWY,2026-08-07,-0.24229,166.09
,常驻,17,True,US.EWY,EWY,2026-08-10,-0.255839,163.12
,常驻,17,True,US.EWY,EWY,2026-08-11,-0.237044,167.24
,常驻,17,True,US.EWY,EWY,2026-08-12,-0.197673,175.87
,常驻,17,True,US.EWY,EWY,2026-08-13,-0.185128,178.62
,常驻,17,True,US.EWY,EWY,2026-08-14,-0.180018,179.74
,常驻,17,True,US.EWY,EWY,2026-08-17,-0.155566,185.1
,常驻,17,True,US.EWY,EWY,2026-08-18,-0.224224,170.05
,常驻,17,True,US.EWY,EWY,2026-08-19,-0.204243,174.43
,常驻,17,True,US.EWY,EWY,2026-08-20,-0.187226,178.16
,常驻,17,True,US.EWY,EWY,2026-08-21,-0.186405,178.34
,常驻,17,True,US.EWY,EWY,2026-08-24,-0.207847,173.64
,常驻,17,True,US.EWY,EWY,2026-08-25,-0.178148,180.15
,常驻,17,True,US.EWY,EWY,2026-08-26,-0.182573,179.18
,常驻,17,True,US.EWY,EWY,2026-08-27,-0.169069,182.14
,常驻,17,True,US.EWY,EWY,2026-08-28,-0.17792,180.2
,常驻,17,True,US.EWY,EWY,2026-08-31,-0.174909,180.86
,常驻,17,True,US.EWY,EWY,2026-09-01,-0.197993,175.8
,常驻,17,True,US.EWY,EWY,2026-09-02,-0.184033,178.86
,常驻,17,True,US.EWY,EWY,2026-09-03,-0.176277,180.56
,常驻,17,True,US.EWY,EWY,2026-09-04,-0.138367,188.87
,常驻,17,True,US.EWY,EWY,2026-09-08,-0.12719,191.32
,常驻,18,True,US.QQQ,QQQ,2024-09-09,0.0,449.111939
,常驻,18,True,US.QQQ,QQQ,2024-09-10,0.0,453.262514
,常驻,18,True,US.QQQ,QQQ,2024-09-11,0.0,463.105305
,常驻,18,True,US.QQQ,QQQ,2024-09-12,0.0,467.651173
,常驻,18,True,US.QQQ,QQQ,2024-09-13,0.0,469.746225
,常驻,18,True,US.QQQ,QQQ,2024-09-16,-0.004418,467.670937
,常驻,18,True,US.QQQ,QQQ,2024-09-17,-0.003892,467.917995
,常驻,18,True,US.QQQ,QQQ,2024-09-18,-0.008205,465.89212
,常驻,18,True,US.QQQ,QQQ,2024-09-19,0.0,477.671846
,常驻,18,True,US.QQQ,QQQ,2024-09-20,-0.001903,476.762672
,常驻,18,True,US.QQQ,QQQ,2024-09-23,0.0,478.698834
,常驻,18,True,US.QQQ,QQQ,2024-09-24,0.0,481.007894
,常驻,18,True,US.QQQ,QQQ,2024-09-25,0.0,481.45385
,常驻,18,True,US.QQQ,QQQ,2024-09-26,0.0,485.071046
,常驻,18,True,US.QQQ,QQQ,2024-09-27,-0.005557,482.375492
,常驻,18,True,US.QQQ,QQQ,2024-09-30,-0.00286,483.683629
,常驻,18,True,US.QQQ,QQQ,2024-10-01,-0.016753,476.944741
,常驻,18,True,US.QQQ,QQQ,2024-10-02,-0.015364,477.61863
,常驻,18,True,US.QQQ,QQQ,2024-10-03,-0.016099,477.261865
,常驻,18,True,US.QQQ,QQQ,2024-10-04,-0.004393,482.940369
,常驻,18,True,US.QQQ,QQQ,2024-10-07,-0.015057,477.767282
,常驻,18,True,US.QQQ,QQQ,2024-10-08,-0.000347,484.902574
,常驻,18,True,US.QQQ,QQQ,2024-10-09,0.0,488.717974
,常驻,18,True,US.QQQ,QQQ,2024-10-10,-0.001136,488.163006
,常驻,18,True,US.QQQ,QQQ,2024-10-11,0.0,488.926086
,常驻,18,True,US.QQQ,QQQ,2024-10-14,0.0,493.028879
,常驻,18,True,US.QQQ,QQQ,2024-10-15,-0.013367,486.438644
,常驻,18,True,US.QQQ,QQQ,2024-10-16,-0.013246,486.498105
,常驻,18,True,US.QQQ,QQQ,2024-10-17,-0.012563,486.835049
,常驻,18,True,US.QQQ,QQQ,2024-10-18,-0.00609,490.026111
,常驻,18,True,US.QQQ,QQQ,2024-10-21,-0.004181,490.967573
,常驻,18,True,US.QQQ,QQQ,2024-10-22,-0.003095,491.50272
,常驻,18,True,US.QQQ,QQQ,2024-10-23,-0.018372,483.971022
,常驻,18,True,US.QQQ,QQQ,2024-10-24,-0.010412,487.895433
,常驻,18,True,US.QQQ,QQQ,2024-10-25,-0.004382,490.868471
,常驻,18,True,US.QQQ,QQQ,2024-10-28,-0.004221,490.947753
,常驻,18,True,US.QQQ,QQQ,2024-10-29,0.0,495.664974
,常驻,18,True,US.QQQ,QQQ,2024-10-30,-0.007558,491.918945
,常驻,18,True,US.QQQ,QQQ,2024-10-31,-0.03261,479.501554
,常驻,18,True,US.QQQ,QQQ,2024-11-01,-0.025452,483.04938
,常驻,18,True,US.QQQ,QQQ,2024-11-04,-0.028291,481.642142
,常驻,18,True,US.QQQ,QQQ,2024-11-05,-0.015895,487.786422
,常驻,18,True,US.QQQ,QQQ,2024-11-06,0.0,501.036263
,常驻,18,True,US.QQQ,QQQ,2024-11-07,0.0,508.924725
,常驻,18,True,US.QQQ,QQQ,2024-11-08,0.0,509.519333
,常驻,18,True,US.QQQ,QQQ,2024-11-11,-0.000583,509.222029
,常驻,18,True,US.QQQ,QQQ,2024-11-12,-0.002392,508.300387
,常驻,18,True,US.QQQ,QQQ,2024-11-13,-0.003676,507.646319
,常驻,18,True,US.QQQ,QQQ,2024-11-14,-0.0106,504.118313
,常驻,18,True,US.QQQ,QQQ,2024-11-15,-0.034174,492.107238
,常驻,18,True,US.QQQ,QQQ,2024-11-18,-0.027463,495.526232
,常驻,18,True,US.QQQ,QQQ,2024-11-19,-0.020773,498.935316
,常驻,18,True,US.QQQ,QQQ,2024-11-20,-0.021337,498.647922
,常驻,18,True,US.QQQ,QQQ,2024-11-21,-0.017816,500.441655
,常驻,18,True,US.QQQ,QQQ,2024-11-22,-0.016241,501.244376
,常驻,18,True,US.QQQ,QQQ,2024-11-25,-0.014685,502.037186
,常驻,18,True,US.QQQ,QQQ,2024-11-26,-0.009394,504.732741
,常驻,18,True,US.QQQ,QQQ,2024-11-27,-0.017194,500.758779
,常驻,18,True,US.QQQ,QQQ,2024-11-29,-0.008558,505.158876
,常驻,18,True,US.QQQ,QQQ,2024-12-02,0.0,510.658998
,常驻,18,True,US.QQQ,QQQ,2024-12-03,0.0,512.224798
,常驻,18,True,US.QQQ,QQQ,2024-12-04,0.0,518.55737
,常驻,18,True,US.QQQ,QQQ,2024-12-05,-0.002771,517.120401
,常驻,18,True,US.QQQ,QQQ,2024-12-06,0.0,521.748431
,常驻,18,True,US.QQQ,QQQ,2024-12-09,-0.007788,517.685278
,常驻,18,True,US.QQQ,QQQ,2024-12-10,-0.011169,515.921276
,常驻,18,True,US.QQQ,QQQ,2024-12-11,0.0,525.157515
,常驻,18,True,US.QQQ,QQQ,2024-12-12,-0.006454,521.768251
,常驻,18,True,US.QQQ,QQQ,2024-12-13,0.0,525.762033
,常驻,18,True,US.QQQ,QQQ,2024-12-16,0.0,533.333371
,常驻,18,True,US.QQQ,QQQ,2024-12-17,-0.004404,530.984671
,常驻,18,True,US.QQQ,QQQ,2024-12-18,-0.040322,511.828393
,常驻,18,True,US.QQQ,QQQ,2024-12-19,-0.044596,509.549063
,常驻,18,True,US.QQQ,QQQ,2024-12-20,-0.036252,513.998711
,常驻,18,True,US.QQQ,QQQ,2024-12-23,-0.026864,519.006092
,常驻,18,True,US.QQQ,QQQ,2024-12-24,-0.013668,526.043698
,常驻,18,True,US.QQQ,QQQ,2024-12-26,-0.014338,525.686359
,常驻,18,True,US.QQQ,QQQ,2024-12-27,-0.027441,518.698383
,常驻,18,True,US.QQQ,QQQ,2024-12-30,-0.040376,511.799742
,常驻,18,True,US.QQQ,QQQ,2024-12-31,-0.048527,507.452109
,常驻,18,True,US.QQQ,QQQ,2025-01-02,-0.050389,506.459499
,常驻,18,True,US.QQQ,QQQ,2025-01-03,-0.034848,514.747794
,常驻,18,True,US.QQQ,QQQ,2025-01-06,-0.023756,520.663751
,常驻,18,True,US.QQQ,QQQ,2025-01-07,-0.041176,511.37292
,常驻,18,True,US.QQQ,QQQ,2025-01-08,-0.041008,511.462255
,常驻,18,True,US.QQQ,QQQ,2025-01-10,-0.056046,503.441964
,常驻,18,True,US.QQQ,QQQ,2025-01-13,-0.05908,501.82401
,常驻,18,True,US.QQQ,QQQ,2025-01-14,-0.059973,501.347557
,常驻,18,True,US.QQQ,QQQ,2025-01-15,-0.038347,512.881687
,常驻,18,True,US.QQQ,QQQ,2025-01-16,-0.045084,509.288438
,常驻,18,True,US.QQQ,QQQ,2025-01-17,-0.028967,517.884443
,常驻,18,True,US.QQQ,QQQ,2025-01-21,-0.023272,520.92183
,常驻,18,True,US.QQQ,QQQ,2025-01-22,-0.010783,527.582244
,常驻,18,True,US.QQQ,QQQ,2025-01-23,-0.00868,528.703894
,常驻,18,True,US.QQQ,QQQ,2025-01-24,-0.014282,525.716137
,常驻,18,True,US.QQQ,QQQ,2025-01-27,-0.042981,510.410088
,常驻,18,True,US.QQQ,QQQ,2025-01-28,-0.028836,517.953925
,常驻,18,True,US.QQQ,QQQ,2025-01-29,-0.03066,516.981167
,常驻,18,True,US.QQQ,QQQ,2025-01-30,-0.026529,519.184762
,常驻,18,True,US.QQQ,QQQ,2025-01-31,-0.027943,518.430378
,常驻,18,True,US.QQQ,QQQ,2025-02-03,-0.035723,514.281268
,常驻,18,True,US.QQQ,QQQ,2025-02-04,-0.023886,520.594268
,常驻,18,True,US.QQQ,QQQ,2025-02-05,-0.019456,522.956681
,常驻,18,True,US.QQQ,QQQ,2025-02-06,-0.014338,525.686359
,常驻,18,True,US.QQQ,QQQ,2025-02-07,-0.026771,519.055723
,常驻,18,True,US.QQQ,QQQ,2025-02-10,-0.01499,525.338945
,常驻,18,True,US.QQQ,QQQ,2025-02-11,-0.017335,524.088256
,常驻,18,True,US.QQQ,QQQ,2025-02-12,-0.016758,524.395965
,常驻,18,True,US.QQQ,QQQ,2025-02-13,-0.002613,531.939803
,常驻,18,True,US.QQQ,QQQ,2025-02-14,0.0,534.173176
,常驻,18,True,US.QQQ,QQQ,2025-02-18,0.0,535.38416
,常驻,18,True,US.QQQ,QQQ,2025-02-19,0.0,535.533052
,常驻,18,True,US.QQQ,QQQ,2025-02-20,-0.004245,533.259975
,常驻,18,True,US.QQQ,QQQ,2025-02-21,-0.024911,522.192371
,常驻,18,True,US.QQQ,QQQ,2025-02-24,-0.036421,516.028262
,常驻,18,True,US.QQQ,QQQ,2025-02-25,-0.048562,509.526665
,常驻,18,True,US.QQQ,QQQ,2025-02-26,-0.046263,510.757501
,常驻,18,True,US.QQQ,QQQ,2025-02-27,-0.07275,496.573102
,常驻,18,True,US.QQQ,QQQ,2025-02-28,-0.058107,504.414722
,常驻,18,True,US.QQQ,QQQ,2025-03-03,-0.078718,493.376897
,常驻,18,True,US.QQQ,QQQ,2025-03-04,-0.081498,491.887982
,常驻,18,True,US.QQQ,QQQ,2025-03-05,-0.069525,498.300243
,常驻,18,True,US.QQQ,QQQ,2025-03-06,-0.095122,484.592297
,常驻,18,True,US.QQQ,QQQ,2025-03-07,-0.088468,488.155767
,常驻,18,True,US.QQQ,QQQ,2025-03-10,-0.123795,469.236617
,常驻,18,True,US.QQQ,QQQ,2025-03-11,-0.12589,468.114967
,常驻,18,True,US.QQQ,QQQ,2025-03-12,-0.116029,473.395654
,常驻,18,True,US.QQQ,QQQ,2025-03-13,-0.131932,464.879058
,常驻,18,True,US.QQQ,QQQ,2025-03-14,-0.11095,476.115406
,常驻,18,True,US.QQQ,QQQ,2025-03-17,-0.105186,479.202423
,常驻,18,True,US.QQQ,QQQ,2025-03-18,-0.12044,471.033241
,常驻,18,True,US.QQQ,QQQ,2025-03-19,-0.108671,477.336316
,常驻,18,True,US.QQQ,QQQ,2025-03-20,-0.111692,475.718362
,常驻,18,True,US.QQQ,QQQ,2025-03-21,-0.108763,477.286686
,常驻,18,True,US.QQQ,QQQ,2025-03-24,-0.089206,487.760128
,常驻,18,True,US.QQQ,QQQ,2025-03-25,-0.084009,490.54358
,常驻,18,True,US.QQQ,QQQ,2025-03-26,-0.100864,481.517244
,常驻,18,True,US.QQQ,QQQ,2025-03-27,-0.105987,478.773556
,常驻,18,True,US.QQQ,QQQ,2025-03-28,-0.129524,466.168497
,常驻,18,True,US.QQQ,QQQ,2025-03-31,-0.129561,466.148615
,常驻,18,True,US.QQQ,QQQ,2025-04-01,-0.122545,469.906274
,常驻,18,True,US.QQQ,QQQ,2025-04-02,-0.116141,473.335884
,常驻,18,True,US.QQQ,QQQ,2025-04-03,-0.163457,447.996534
,常驻,18,True,US.QQQ,QQQ,2025-04-04,-0.215414,420.171959
,常驻,18,True,US.QQQ,QQQ,2025-04-07,-0.21352,421.185931
,常驻,18,True,US.QQQ,QQQ,2025-04-08,-0.227683,413.601025
,常驻,18,True,US.QQQ,QQQ,2025-04-09,-0.134982,463.245872
,常驻,18,True,US.QQQ,QQQ,2025-04-10,-0.171773,443.543012
,常驻,18,True,US.QQQ,QQQ,2025-04-11,-0.156514,451.71443
,常驻,18,True,US.QQQ,QQQ,2025-04-14,-0.150797,454.776227
,常驻,18,True,US.QQQ,QQQ,2025-04-15,-0.14985,455.283213
,常驻,18,True,US.QQQ,QQQ,2025-04-16,-0.175485,441.554832
,常驻,18,True,US.QQQ,QQQ,2025-04-17,-0.175634,441.475305
,常驻,18,True,US.QQQ,QQQ,2025-04-21,-0.196034,430.550257
,常驻,18,True,US.QQQ,QQQ,2025-04-22,-0.174928,441.853059
,常驻,18,True,US.QQQ,QQQ,2025-04-23,-0.156217,451.873484
,常驻,18,True,US.QQQ,QQQ,2025-04-24,-0.132476,464.587894
,常驻,18,True,US.QQQ,QQQ,2025-04-25,-0.122805,469.767102
,常驻,18,True,US.QQQ,QQQ,2025-04-28,-0.123083,469.617988
,常驻,18,True,US.QQQ,QQQ,2025-04-29,-0.117292,472.719549
,常驻,18,True,US.QQQ,QQQ,2025-04-30,-0.117403,472.659903
,常驻,18,True,US.QQQ,QQQ,2025-05-01,-0.105876,478.833201
,常驻,18,True,US.QQQ,QQQ,2025-05-02,-0.092603,485.940944
,常驻,18,True,US.QQQ,QQQ,2025-05-05,-0.097986,483.058083
,常驻,18,True,US.QQQ,QQQ,2025-05-06,-0.106377,478.564797
,常驻,18,True,US.QQQ,QQQ,2025-05-07,-0.102868,480.443627
,常驻,18,True,US.QQQ,QQQ,2025-05-08,-0.093606,485.404135
,常驻,18,True,US.QQQ,QQQ,2025-05-09,-0.0942,485.086027
,常驻,18,True,US.QQQ,QQQ,2025-05-12,-0.057297,504.848533
,常驻,18,True,US.QQQ,QQQ,2025-05-13,-0.04293,512.542788
,常驻,18,True,US.QQQ,QQQ,2025-05-14,-0.037194,515.614526
,常驻,18,True,US.QQQ,QQQ,2025-05-15,-0.036136,516.181157
,常驻,18,True,US.QQQ,QQQ,2025-05-16,-0.031941,518.4278
,常驻,18,True,US.QQQ,QQQ,2025-05-19,-0.031012,518.924845
,常驻,18,True,US.QQQ,QQQ,2025-05-20,-0.034242,517.195129
,常驻,18,True,US.QQQ,QQQ,2025-05-21,-0.047663,510.007859
,常驻,18,True,US.QQQ,QQQ,2025-05-22,-0.045881,510.962185
,常驻,18,True,US.QQQ,QQQ,2025-05-23,-0.054717,506.230318
,常驻,18,True,US.QQQ,QQQ,2025-05-27,-0.032479,518.139514
,常驻,18,True,US.QQQ,QQQ,2025-05-28,-0.036767,515.843167
,常驻,18,True,US.QQQ,QQQ,2025-05-29,-0.034874,516.857138
,常驻,18,True,US.QQQ,QQQ,2025-05-30,-0.036396,516.041985
,常驻,18,True,US.QQQ,QQQ,2025-06-02,-0.028785,520.117753
,常驻,18,True,US.QQQ,QQQ,2025-06-03,-0.021193,524.183581
,常驻,18,True,US.QQQ,QQQ,2025-06-04,-0.018464,525.644893
,常驻,18,True,US.QQQ,QQQ,2025-06-05,-0.025852,521.688415
,常驻,18,True,US.QQQ,QQQ,2025-06-06,-0.016329,526.788096
,常驻,18,True,US.QQQ,QQQ,2025-06-09,-0.014882,527.563486
,常驻,18,True,US.QQQ,QQQ,2025-06-10,-0.008366,531.052741
,常驻,18,True,US.QQQ,QQQ,2025-06-11,-0.011707,529.26338
,常驻,18,True,US.QQQ,QQQ,2025-06-12,-0.009387,530.505992
,常驻,18,True,US.QQQ,QQQ,2025-06-13,-0.021824,523.84559
,常驻,18,True,US.QQQ,QQQ,2025-06-16,-0.008218,531.132269
,常驻,18,True,US.QQQ,QQQ,2025-06-17,-0.017889,525.95306
,常驻,18,True,US.QQQ,QQQ,2025-06-18,-0.018056,525.863592
,常驻,18,True,US.QQQ,QQQ,2025-06-20,-0.022065,523.716358
,常驻,18,True,US.QQQ,QQQ,2025-06-23,-0.01201,529.10153
,常驻,18,True,US.QQQ,QQQ,2025-06-24,0.0,537.192559
,常驻,18,True,US.QQQ,QQQ,2025-06-25,0.0,538.565944
,常驻,18,True,US.QQQ,QQQ,2025-06-26,0.0,543.601689
,常驻,18,True,US.QQQ,QQQ,2025-06-27,0.0,545.462725
,常驻,18,True,US.QQQ,QQQ,2025-06-30,0.0,548.995708
,常驻,18,True,US.QQQ,QQQ,2025-07-01,-0.008429,544.367998
,常驻,18,True,US.QQQ,QQQ,2025-07-02,-0.001523,548.159735
,常驻,18,True,US.QQQ,QQQ,2025-07-03,0.0,553.553754
,常驻,18,True,US.QQQ,QQQ,2025-07-07,-0.007533,549.383839
,常驻,18,True,US.QQQ,QQQ,2025-07-08,-0.006976,549.692353
,常驻,18,True,US.QQQ,QQQ,2025-07-09,0.0,553.58361
,常驻,18,True,US.QQQ,QQQ,2025-07-10,-0.001438,552.787445
,常驻,18,True,US.QQQ,QQQ,2025-07-11,-0.003685,551.543437
,常驻,18,True,US.QQQ,QQQ,2025-07-14,-7.2e-05,553.543802
,常驻,18,True,US.QQQ,QQQ,2025-07-15,0.0,554.051357
,常驻,18,True,US.QQQ,QQQ,2025-07-16,0.0,554.618625
,常驻,18,True,US.QQQ,QQQ,2025-07-17,0.0,559.107006
,常驻,18,True,US.QQQ,QQQ,2025-07-18,-0.000961,558.569595
,常驻,18,True,US.QQQ,QQQ,2025-07-21,0.0,561.465645
,常驻,18,True,US.QQQ,QQQ,2025-07-22,-0.005176,558.559643
,常驻,18,True,US.QQQ,QQQ,2025-07-23,-0.000638,561.107371
,常驻,18,True,US.QQQ,QQQ,2025-07-24,0.0,562.301619
,常驻,18,True,US.QQQ,QQQ,2025-07-25,0.0,563.6551
,常驻,18,True,US.QQQ,QQQ,2025-07-28,0.0,565.416615
,常驻,18,True,US.QQQ,QQQ,2025-07-29,-0.001549,564.540834
,常驻,18,True,US.QQQ,QQQ,2025-07-30,-0.000211,565.29719
,常驻,18,True,US.QQQ,QQQ,2025-07-31,-0.005509,562.301619
,常驻,18,True,US.QQQ,QQQ,2025-08-01,-0.025099,551.224971
,常驻,18,True,US.QQQ,QQQ,2025-08-04,-0.007111,561.395981
,常驻,18,True,US.QQQ,QQQ,2025-08-05,-0.013852,557.58434
,常驻,18,True,US.QQQ,QQQ,2025-08-06,-0.001443,564.600546
,常驻,18,True,US.QQQ,QQQ,2025-08-07,0.0,566.511342
,常驻,18,True,US.QQQ,QQQ,2025-08-08,0.0,571.795889
,常驻,18,True,US.QQQ,QQQ,2025-08-11,-0.002959,570.104038
,常驻,18,True,US.QQQ,QQQ,2025-08-12,0.0,577.269525
,常驻,18,True,US.QQQ,QQQ,2025-08-13,0.0,577.558134
,常驻,18,True,US.QQQ,QQQ,2025-08-14,-0.000775,577.110291
,常驻,18,True,US.QQQ,QQQ,2025-08-15,-0.005169,574.572515
,常驻,18,True,US.QQQ,QQQ,2025-08-18,-0.005566,574.343617
,常驻,18,True,US.QQQ,QQQ,2025-08-19,-0.019058,566.551151
,常驻,18,True,US.QQQ,QQQ,2025-08-20,-0.024882,563.187353
,常驻,18,True,US.QQQ,QQQ,2025-08-21,-0.029397,560.579912
,常驻,18,True,US.QQQ,QQQ,2025-08-22,-0.014423,569.228256
,常驻,18,True,US.QQQ,QQQ,2025-08-25,-0.017266,567.586165
,常驻,18,True,US.QQQ,QQQ,2025-08-26,-0.01332,569.865188
,常驻,18,True,US.QQQ,QQQ,2025-08-27,-0.011803,570.74097
,常驻,18,True,US.QQQ,QQQ,2025-08-28,-0.005617,574.313761
,常驻,18,True,US.QQQ,QQQ,2025-08-29,-0.017128,567.665782
,常驻,18,True,US.QQQ,QQQ,2025-09-02,-0.025364,562.908695
,常驻,18,True,US.QQQ,QQQ,2025-09-03,-0.017697,567.337364
,常驻,18,True,US.QQQ,QQQ,2025-09-04,-0.008805,572.472629
,常驻,18,True,US.QQQ,QQQ,2025-09-05,-0.007375,573.298651
,常驻,18,True,US.QQQ,QQQ,2025-09-08,-0.002533,576.095181
,常驻,18,True,US.QQQ,QQQ,2025-09-09,0.0,577.72732
,常驻,18,True,US.QQQ,QQQ,2025-09-10,0.0,577.916409
,常驻,18,True,US.QQQ,QQQ,2025-09-11,0.0,581.280207
,常驻,18,True,US.QQQ,QQQ,2025-09-12,0.0,583.847839
,常驻,18,True,US.QQQ,QQQ,2025-09-15,0.0,588.843776
,常驻,18,True,US.QQQ,QQQ,2025-09-16,-0.000845,588.346173
,常驻,18,True,US.QQQ,QQQ,2025-09-17,-0.002839,587.171829
,常驻,18,True,US.QQQ,QQQ,2025-09-18,0.0,592.466328
,常驻,18,True,US.QQQ,QQQ,2025-09-19,0.0,596.47701
,常驻,18,True,US.QQQ,QQQ,2025-09-22,0.0,600.00806
,常驻,18,True,US.QQQ,QQQ,2025-09-23,-0.006642,596.02262
,常驻,18,True,US.QQQ,QQQ,2025-09-24,-0.01013,593.930263
,常驻,18,True,US.QQQ,QQQ,2025-09-25,-0.014397,591.369618
,常驻,18,True,US.QQQ,QQQ,2025-09-26,-0.010345,593.800737
,常驻,18,True,US.QQQ,QQQ,2025-09-29,-0.005762,596.55069
,常驻,18,True,US.QQQ,QQQ,2025-09-30,-0.003039,598.184721
,常驻,18,True,US.QQQ,QQQ,2025-10-01,0.0,601.054238
,常驻,18,True,US.QQQ,QQQ,2025-10-02,0.0,603.525211
,常驻,18,True,US.QQQ,QQQ,2025-10-03,-0.00421,600.984493
,常驻,18,True,US.QQQ,QQQ,2025-10-06,0.0,605.498004
,常驻,18,True,US.QQQ,QQQ,2025-10-07,-0.005266,602.309652
,常驻,18,True,US.QQQ,QQQ,2025-10-08,0.0,609.214427
,常驻,18,True,US.QQQ,QQQ,2025-10-09,-0.00121,608.477121
,常驻,18,True,US.QQQ,QQQ,2025-10-10,-0.035883,587.354287
,常驻,18,True,US.QQQ,QQQ,2025-10-13,-0.015423,599.818752
,常驻,18,True,US.QQQ,QQQ,2025-10-14,-0.021981,595.823348
,常驻,18,True,US.QQQ,QQQ,2025-10-15,-0.015079,600.027987
,常驻,18,True,US.QQQ,QQQ,2025-10-16,-0.018726,597.806104
,常驻,18,True,US.QQQ,QQQ,2025-10-17,-0.012282,601.731763
,常驻,18,True,US.QQQ,QQQ,2025-10-20,0.0,609.314064
,常驻,18,True,US.QQQ,QQQ,2025-10-21,-0.000262,609.154646
,常驻,18,True,US.QQQ,QQQ,2025-10-22,-0.009893,603.286085
,常驻,18,True,US.QQQ,QQQ,2025-10-23,-0.00157,608.357558
,常驻,18,True,US.QQQ,QQQ,2025-10-24,0.0,614.853826
,常驻,18,True,US.QQQ,QQQ,2025-10-27,0.0,625.803823
,常驻,18,True,US.QQQ,QQQ,2025-10-28,0.0,630.616243
,常驻,18,True,US.QQQ,QQQ,2025-10-29,0.0,633.455869
,常驻,18,True,US.QQQ,QQQ,2025-10-30,-0.015289,623.771249
,常驻,18,True,US.QQQ,QQQ,2025-10-31,-0.010538,626.780256
,常驻,18,True,US.QQQ,QQQ,2025-11-03,-0.005804,629.7793
,常驻,18,True,US.QQQ,QQQ,2025-11-04,-0.025984,616.996
,常驻,18,True,US.QQQ,QQQ,2025-11-05,-0.019645,621.011331
,常驻,18,True,US.QQQ,QQQ,2025-11-06,-0.037907,609.44359
,常驻,18,True,US.QQQ,QQQ,2025-11-07,-0.040942,607.520615
,常驻,18,True,US.QQQ,QQQ,2025-11-10,-0.019724,620.961513
,常驻,18,True,US.QQQ,QQQ,2025-11-11,-0.022335,619.307555
,常驻,18,True,US.QQQ,QQQ,2025-11-12,-0.023106,618.819339
,常驻,18,True,US.QQQ,QQQ,2025-11-13,-0.04305,606.185493
,常驻,18,True,US.QQQ,QQQ,2025-11-14,-0.042327,606.643818
,常驻,18,True,US.QQQ,QQQ,2025-11-17,-0.050506,601.462746
,常驻,18,True,US.QQQ,QQQ,2025-11-18,-0.062066,594.139499
,常驻,18,True,US.QQQ,QQQ,2025-11-19,-0.056467,597.686541
,常驻,18,True,US.QQQ,QQQ,2025-11-20,-0.078802,583.538227
,常驻,18,True,US.QQQ,QQQ,2025-11-21,-0.071881,587.922212
,常驻,18,True,US.QQQ,QQQ,2025-11-24,-0.048146,602.957286
,常驻,18,True,US.QQQ,QQQ,2025-11-25,-0.042279,606.673709
,常驻,18,True,US.QQQ,QQQ,2025-11-26,-0.033817,612.034127
,常驻,18,True,US.QQQ,QQQ,2025-11-28,-0.025984,616.996
,常驻,18,True,US.QQQ,QQQ,2025-12-01,-0.029256,614.923571
,常驻,18,True,US.QQQ,QQQ,2025-12-02,-0.021659,619.73599
,常驻,18,True,US.QQQ,QQQ,2025-12-03,-0.019268,621.250458
,常驻,18,True,US.QQQ,QQQ,2025-12-04,-0.02018,620.672569
,常驻,18,True,US.QQQ,QQQ,2025-12-05,-0.016185,623.203323
,常驻,18,True,US.QQQ,QQQ,2025-12-08,-0.018073,622.007691
,常驻,18,True,US.QQQ,QQQ,2025-12-09,-0.016861,622.774889
,常驻,18,True,US.QQQ,QQQ,2025-12-10,-0.012835,625.325571
,常驻,18,True,US.QQQ,QQQ,2025-12-11,-0.016028,623.302959
,常驻,18,True,US.QQQ,QQQ,2025-12-12,-0.03484,611.386493
,常驻,18,True,US.QQQ,QQQ,2025-12-15,-0.039684,608.317703
,常驻,18,True,US.QQQ,QQQ,2025-12-16,-0.037781,609.523299
,常驻,18,True,US.QQQ,QQQ,2025-12-17,-0.055618,598.224575
,常驻,18,True,US.QQQ,QQQ,2025-12-18,-0.041933,606.892908
,常驻,18,True,US.QQQ,QQQ,2025-12-19,-0.029445,614.804008
,常驻,18,True,US.QQQ,QQQ,2025-12-22,-0.024792,617.751128
,常驻,18,True,US.QQQ,QQQ,2025-12-23,-0.020225,620.644296
,常驻,18,True,US.QQQ,QQQ,2025-12-24,-0.017359,622.460008
,常驻,18,True,US.QQQ,QQQ,2025-12-26,-0.017422,622.420102
,常驻,18,True,US.QQQ,QQQ,2025-12-29,-0.022178,619.407217
,常驻,18,True,US.QQQ,QQQ,2025-12-30,-0.024446,617.97061
,常驻,18,True,US.QQQ,QQQ,2025-12-31,-0.032509,612.862673
,常驻,18,True,US.QQQ,QQQ,2026-01-02,-0.034383,611.675476
,常驻,18,True,US.QQQ,QQQ,2026-01-05,-0.026714,616.534003
,常驻,18,True,US.QQQ,QQQ,2026-01-06,-0.018162,621.951209
,常驻,18,True,US.QQQ,QQQ,2026-01-07,-0.017217,622.549796
,常驻,18,True,US.QQQ,QQQ,2026-01-08,-0.022808,619.00816
,常驻,18,True,US.QQQ,QQQ,2026-01-09,-0.013075,625.173599
,常驻,18,True,US.QQQ,QQQ,2026-01-12,-0.012256,625.692374
,常驻,18,True,US.QQQ,QQQ,2026-01-13,-0.01372,624.764565
,常驻,18,True,US.QQQ,QQQ,2026-01-14,-0.024257,618.090327
,常驻,18,True,US.QQQ,QQQ,2026-01-15,-0.020745,620.315073
,常驻,18,True,US.QQQ,QQQ,2026-01-16,-0.021564,619.796298
,常驻,18,True,US.QQQ,QQQ,2026-01-20,-0.042353,606.627398
,常驻,18,True,US.QQQ,QQQ,2026-01-21,-0.029407,614.828031
,常驻,18,True,US.QQQ,QQQ,2026-01-22,-0.022351,619.297476
,常驻,18,True,US.QQQ,QQQ,2026-01-23,-0.019264,621.252859
,常驻,18,True,US.QQQ,QQQ,2026-01-26,-0.014949,623.986403
,常驻,18,True,US.QQQ,QQQ,2026-01-27,-0.006019,629.643044
,常驻,18,True,US.QQQ,QQQ,2026-01-28,-0.002727,631.72812
,常驻,18,True,US.QQQ,QQQ,2026-01-29,-0.008696,627.94705
,常驻,18,True,US.QQQ,QQQ,2026-01-30,-0.020603,620.404861
,常驻,18,True,US.QQQ,QQQ,2026-02-02,-0.013878,624.664801
,常驻,18,True,US.QQQ,QQQ,2026-02-03,-0.029029,615.067466
,常驻,18,True,US.QQQ,QQQ,2026-02-04,-0.045991,604.32284
,常驻,18,True,US.QQQ,QQQ,2026-02-05,-0.059724,595.623385
,常驻,18,True,US.QQQ,QQQ,2026-02-06,-0.039848,608.213652
,常驻,18,True,US.QQQ,QQQ,2026-02-09,-0.032494,612.872649
,常驻,18,True,US.QQQ,QQQ,2026-02-10,-0.036982,610.029364
,常驻,18,True,US.QQQ,QQQ,2026-02-11,-0.034399,611.6655
,常驻,18,True,US.QQQ,QQQ,2026-02-12,-0.054038,599.22488
,常驻,18,True,US.QQQ,QQQ,2026-02-13,-0.052023,600.501864
,常驻,18,True,US.QQQ,QQQ,2026-02-17,-0.052999,599.883325
,常驻,18,True,US.QQQ,QQQ,2026-02-18,-0.045928,604.362746
,常驻,18,True,US.QQQ,QQQ,2026-02-19,-0.049581,602.048212
,常驻,18,True,US.QQQ,QQQ,2026-02-20,-0.041171,607.375631
,常驻,18,True,US.QQQ,QQQ,2026-02-23,-0.052826,599.993065
,常驻,18,True,US.QQQ,QQQ,2026-02-24,-0.042652,606.437846
,常驻,18,True,US.QQQ,QQQ,2026-02-25,-0.028777,615.227089
,常驻,18,True,US.QQQ,QQQ,2026-02-26,-0.040494,607.804618
,常驻,18,True,US.QQQ,QQQ,2026-02-27,-0.043565,605.859212
,常驻,18,True,US.QQQ,QQQ,2026-03-02,-0.042305,606.657327
,常驻,18,True,US.QQQ,QQQ,2026-03-03,-0.052558,600.162665
,常驻,18,True,US.QQQ,QQQ,2026-03-04,-0.038116,609.31106
,常驻,18,True,US.QQQ,QQQ,2026-03-05,-0.041014,607.475395
,常驻,18,True,US.QQQ,QQQ,2026-03-06,-0.05544,598.336976
,常驻,18,True,US.QQQ,QQQ,2026-03-09,-0.042825,606.328105
,常驻,18,True,US.QQQ,QQQ,2026-03-10,-0.042809,606.338081
,常驻,18,True,US.QQQ,QQQ,2026-03-11,-0.042935,606.25827
,常驻,18,True,US.QQQ,QQQ,2026-03-12,-0.059362,595.852843
,常驻,18,True,US.QQQ,QQQ,2026-03-13,-0.064937,592.321183
,常驻,18,True,US.QQQ,QQQ,2026-03-16,-0.054448,598.965492
,常驻,18,True,US.QQQ,QQQ,2026-03-17,-0.049833,601.888589
,常驻,18,True,US.QQQ,QQQ,2026-03-18,-0.063079,593.498403
,常驻,18,True,US.QQQ,QQQ,2026-03-19,-0.066039,591.622832
,常驻,18,True,US.QQQ,QQQ,2026-03-20,-0.083301,580.688654
,常驻,18,True,US.QQQ,QQQ,2026-03-23,-0.072778,587.354146
,常驻,18,True,US.QQQ,QQQ,2026-03-24,-0.079117,583.338562
,常驻,18,True,US.QQQ,QQQ,2026-03-25,-0.073062,587.174344
,常驻,18,True,US.QQQ,QQQ,2026-03-26,-0.095186,573.159754
,常驻,18,True,US.QQQ,QQQ,2026-03-27,-0.112863,561.962067
,常驻,18,True,US.QQQ,QQQ,2026-03-30,-0.119644,557.66679
,常驻,18,True,US.QQQ,QQQ,2026-03-31,-0.08984,576.546031
,常驻,18,True,US.QQQ,QQQ,2026-04-01,-0.078597,583.668199
,常驻,18,True,US.QQQ,QQQ,2026-04-02,-0.07754,584.337463
,常驻,18,True,US.QQQ,QQQ,2026-04-06,-0.07199,587.853597
,常驻,18,True,US.QQQ,QQQ,2026-04-07,-0.071848,587.943498
,常驻,18,True,US.QQQ,QQQ,2026-04-08,-0.044252,605.424276
,常驻,18,True,US.QQQ,QQQ,2026-04-09,-0.037787,609.519773
,常驻,18,True,US.QQQ,QQQ,2026-04-10,-0.036399,610.398806
,常驻,18,True,US.QQQ,QQQ,2026-04-13,-0.026433,616.711864
,常驻,18,True,US.QQQ,QQQ,2026-04-14,-0.008756,627.909551
,常驻,18,True,US.QQQ,QQQ,2026-04-15,0.0,636.699886
,常驻,18,True,US.QQQ,QQQ,2026-04-16,0.0,639.766514
,常驻,18,True,US.QQQ,QQQ,2026-04-17,0.0,648.137309
,常驻,18,True,US.QQQ,QQQ,2026-04-20,-0.003175,646.079572
,常驻,18,True,US.QQQ,QQQ,2026-04-21,-0.006966,643.622274
,常驻,18,True,US.QQQ,QQQ,2026-04-22,0.0,654.390433
,常驻,18,True,US.QQQ,QQQ,2026-04-23,-0.005633,650.704486
,常驻,18,True,US.QQQ,QQQ,2026-04-24,0.0,663.1508
,常驻,18,True,US.QQQ,QQQ,2026-04-27,0.0,663.500416
,常驻,18,True,US.QQQ,QQQ,2026-04-28,-0.010057,656.827753
,常驻,18,True,US.QQQ,QQQ,2026-04-29,-0.004005,660.843337
,常驻,18,True,US.QQQ,QQQ,2026-04-30,0.0,667.00656
,常驻,18,True,US.QQQ,QQQ,2026-05-01,0.0,673.40952
,常驻,18,True,US.QQQ,QQQ,2026-05-04,-0.001884,672.140915
,常驻,18,True,US.QQQ,QQQ,2026-05-05,0.0,680.861326
,常驻,18,True,US.QQQ,QQQ,2026-05-06,0.0,695.005772
,常驻,18,True,US.QQQ,QQQ,2026-05-07,-0.001193,694.176684
,常驻,18,True,US.QQQ,QQQ,2026-05-08,0.0,710.448791
,常驻,18,True,US.QQQ,QQQ,2026-05-11,0.0,712.506529
,常驻,18,True,US.QQQ,QQQ,2026-05-12,-0.008482,706.463174
,常驻,18,True,US.QQQ,QQQ,2026-05-13,0.0,713.924969
,常驻,18,True,US.QQQ,QQQ,2026-05-14,0.0,718.999389
,常驻,18,True,US.QQQ,QQQ,2026-05-15,-0.015088,708.151318
,常驻,18,True,US.QQQ,QQQ,2026-05-18,-0.019325,705.104668
,常驻,18,True,US.QQQ,QQQ,2026-05-19,-0.025369,700.759446
,常驻,18,True,US.QQQ,QQQ,2026-05-20,-0.009225,712.366682
,常驻,18,True,US.QQQ,QQQ,2026-05-21,-0.007335,713.725189
,常驻,18,True,US.QQQ,QQQ,2026-05-22,-0.003126,716.751861
,常驻,18,True,US.QQQ,QQQ,2026-05-26,0.0,729.477867
,常驻,18,True,US.QQQ,QQQ,2026-05-27,-0.001137,728.648779
,常驻,18,True,US.QQQ,QQQ,2026-05-28,0.0,734.792024
,常驻,18,True,US.QQQ,QQQ,2026-05-29,0.0,737.499047
,常驻,18,True,US.QQQ,QQQ,2026-06-01,0.0,741.924181
,常驻,18,True,US.QQQ,QQQ,2026-06-02,0.0,745.340425
,常驻,18,True,US.QQQ,QQQ,2026-06-03,-0.002613,743.392566
,常驻,18,True,US.QQQ,QQQ,2026-06-04,-0.007438,739.796521
,常驻,18,True,US.QQQ,QQQ,2026-06-05,-0.055082,704.285568
,常驻,18,True,US.QQQ,QQQ,2026-06-08,-0.040326,715.283475
,常驻,18,True,US.QQQ,QQQ,2026-06-09,-0.05137,707.052526
,常驻,18,True,US.QQQ,QQQ,2026-06-10,-0.07032,692.928057
,常驻,18,True,US.QQQ,QQQ,2026-06-11,-0.038919,716.332322
,常驻,18,True,US.QQQ,QQQ,2026-06-12,-0.033264,720.547687
,常驻,18,True,US.QQQ,QQQ,2026-06-15,-0.002895,743.182797
,常驻,18,True,US.QQQ,QQQ,2026-06-16,-0.021845,729.058328
,常驻,18,True,US.QQQ,QQQ,2026-06-17,-0.031696,721.716402
,常驻,18,True,US.QQQ,QQQ,2026-06-18,-0.007425,739.80651
,常驻,18,True,US.QQQ,QQQ,2026-06-22,-0.009916,737.95
,常驻,18,True,US.QQQ,QQQ,2026-06-23,-0.042518,713.65
,常驻,18,True,US.QQQ,QQQ,2026-06-24,-0.046583,710.62
,常驻,18,True,US.QQQ,QQQ,2026-06-25,-0.038855,716.38
,常驻,18,True,US.QQQ,QQQ,2026-06-26,-0.052084,706.52
,常驻,18,True,US.QQQ,QQQ,2026-06-29,-0.028524,724.08
,常驻,18,True,US.QQQ,QQQ,2026-06-30,-0.011995,736.4
,常驻,18,True,US.QQQ,QQQ,2026-07-01,-0.027062,725.17
,常驻,18,True,US.QQQ,QQQ,2026-07-02,-0.043927,712.6
,常驻,18,True,US.QQQ,QQQ,2026-07-06,-0.030215,722.82
,常驻,18,True,US.QQQ,QQQ,2026-07-07,-0.04818,709.43
,常驻,18,True,US.QQQ,QQQ,2026-07-08,-0.045483,711.44
,常驻,18,True,US.QQQ,QQQ,2026-07-09,-0.029598,723.28
,常驻,18,True,US.QQQ,QQQ,2026-07-10,-0.026606,725.51
,常驻,18,True,US.QQQ,QQQ,2026-07-13,-0.045081,711.74
,常驻,18,True,US.QQQ,QQQ,2026-07-14,-0.034414,719.69
,常驻,18,True,US.QQQ,QQQ,2026-07-15,-0.037031,717.74
,常驻,18,True,US.QQQ,QQQ,2026-07-16,-0.052862,705.94
,常驻,18,True,US.QQQ,QQQ,2026-07-17,-0.067097,695.33
,常驻,18,True,US.QQQ,QQQ,2026-07-20,-0.066118,696.06
,常驻,18,True,US.QQQ,QQQ,2026-07-21,-0.048797,708.97
,常驻,18,True,US.QQQ,QQQ,2026-07-22,-0.053654,705.35
,常驻,18,True,US.QQQ,QQQ,2026-07-23,-0.071619,691.96
,常驻,18,True,US.QQQ,QQQ,2026-07-24,-0.08199,684.23
,常驻,18,True,US.QQQ,QQQ,2026-07-27,-0.084821,682.12
,常驻,18,True,US.QQQ,QQQ,2026-07-28,-0.093716,675.49
,常驻,18,True,US.QQQ,QQQ,2026-07-29,-0.112177,661.73
,常驻,18,True,US.QQQ,QQQ,2026-07-30,-0.082902,683.55
,常驻,18,True,US.QQQ,QQQ,2026-07-31,-0.076945,687.99
,常驻,18,True,US.QQQ,QQQ,2026-08-03,-0.060738,700.07
,常驻,18,True,US.QQQ,QQQ,2026-08-04,-0.028833,723.85
,常驻,18,True,US.QQQ,QQQ,2026-08-05,-0.037621,717.3
,常驻,18,True,US.QQQ,QQQ,2026-08-06,-0.041176,714.65
,常驻,18,True,US.QQQ,QQQ,2026-08-07,-0.029933,723.03
,常驻,18,True,US.QQQ,QQQ,2026-08-10,-0.032831,720.87
,常驻,18,True,US.QQQ,QQQ,2026-08-11,-0.036078,718.45
,常驻,18,True,US.QQQ,QQQ,2026-08-12,-0.029034,723.7
,常驻,18,True,US.QQQ,QQQ,2026-08-13,-0.017805,732.07
,常驻,18,True,US.QQQ,QQQ,2026-08-14,-0.019146,731.07
,常驻,18,True,US.QQQ,QQQ,2026-08-17,-0.020756,729.87
,常驻,18,True,US.QQQ,QQQ,2026-08-18,-0.037339,717.51
,常驻,18,True,US.QQQ,QQQ,2026-08-19,-0.039258,716.08
,常驻,18,True,US.QQQ,QQQ,2026-08-20,-0.046167,710.93
,常驻,18,True,US.QQQ,QQQ,2026-08-21,-0.0428,713.44
,常驻,18,True,US.QQQ,QQQ,2026-08-24,-0.052352,706.32
,常驻,18,True,US.QQQ,QQQ,2026-08-25,-0.046449,710.72
,常驻,18,True,US.QQQ,QQQ,2026-08-26,-0.045577,711.37
,常驻,18,True,US.QQQ,QQQ,2026-08-27,-0.032509,721.11
,常驻,18,True,US.QQQ,QQQ,2026-08-28,-0.038788,716.43
,常驻,18,True,US.QQQ,QQQ,2026-08-31,-0.038345,716.76
,常驻,18,True,US.QQQ,QQQ,2026-09-01,-0.050581,707.64
,常驻,18,True,US.QQQ,QQQ,2026-09-02,-0.048435,709.24
,常驻,18,True,US.QQQ,QQQ,2026-09-03,-0.037125,717.67
,常驻,18,True,US.QQQ,QQQ,2026-09-04,-0.035394,718.96
,常驻,18,True,US.QQQ,QQQ,2026-09-08,-0.033958,720.03
,常驻,19,True,KR.000660,000660,2024-09-09,0.0,157000.0
,常驻,19,True,KR.000660,000660,2024-09-10,-0.009554,155500.0
,常驻,19,True,KR.000660,000660,2024-09-11,0.0,157200.0
,常驻,19,True,KR.000660,000660,2024-09-12,0.0,168800.0
,常驻,19,True,KR.000660,000660,2024-09-13,-0.035545,162800.0
,常驻,19,True,KR.000660,000660,2024-09-19,-0.094787,152800.0
,常驻,19,True,KR.000660,000660,2024-09-20,-0.069313,157100.0
,常驻,19,True,KR.000660,000660,2024-09-23,-0.040284,162000.0
,常驻,19,True,KR.000660,000660,2024-09-24,-0.031398,163500.0
,常驻,19,True,KR.000660,000660,2024-09-25,-0.020735,165300.0
,常驻,19,True,KR.000660,000660,2024-09-26,0.0,180900.0
,常驻,19,True,KR.000660,000660,2024-09-27,0.0,183800.0
,常驻,19,True,KR.000660,000660,2024-09-30,-0.050054,174600.0
,常驻,19,True,KR.000660,000660,2024-10-02,-0.079978,169100.0
,常驻,19,True,KR.000660,000660,2024-10-04,-0.052775,174100.0
,常驻,19,True,KR.000660,000660,2024-10-07,0.0,184900.0
,常驻,19,True,KR.000660,000660,2024-10-08,-0.037317,178000.0
,常驻,19,True,KR.000660,000660,2024-10-10,0.0,186700.0
,常驻,19,True,KR.000660,000660,2024-10-11,-0.003749,186000.0
,常驻,19,True,KR.000660,000660,2024-10-14,-0.003749,186000.0
,常驻,19,True,KR.000660,000660,2024-10-15,0.0,192900.0
,常驻,19,True,KR.000660,000660,2024-10-16,-0.021773,188700.0
,常驻,19,True,KR.000660,000660,2024-10-17,0.0,196000.0
,常驻,19,True,KR.000660,000660,2024-10-18,-0.044388,187300.0
,常驻,19,True,KR.000660,000660,2024-10-21,-0.02602,190900.0
,常驻,19,True,KR.000660,000660,2024-10-22,-0.041837,187800.0
,常驻,19,True,KR.000660,000660,2024-10-23,0.0,196000.0
,常驻,19,True,KR.000660,000660,2024-10-24,0.0,198200.0
,常驻,19,True,KR.000660,000660,2024-10-25,0.0,201000.0
,常驻,19,True,KR.000660,000660,2024-10-28,-0.024876,196000.0
,常驻,19,True,KR.000660,000660,2024-10-29,-0.053234,190300.0
,常驻,19,True,KR.000660,000660,2024-10-30,-0.029851,195000.0
,常驻,19,True,KR.000660,000660,2024-10-31,-0.073134,186300.0
,常驻,19,True,KR.000660,000660,2024-11-01,-0.093532,182200.0
,常驻,19,True,KR.000660,000660,2024-11-04,-0.034826,194000.0
,常驻,19,True,KR.000660,000660,2024-11-05,-0.038806,193200.0
,常驻,19,True,KR.000660,000660,2024-11-06,-0.025871,195800.0
,常驻,19,True,KR.000660,000660,2024-11-07,-0.025871,195800.0
,常驻,19,True,KR.000660,000660,2024-11-08,-0.002488,200500.0
,常驻,19,True,KR.000660,000660,2024-11-11,-0.041791,192600.0
,常驻,19,True,KR.000660,000660,2024-11-12,-0.075622,185800.0
,常驻,19,True,KR.000660,000660,2024-11-13,-0.09005,182900.0
,常驻,19,True,KR.000660,000660,2024-11-14,-0.139303,173000.0
,常驻,19,True,KR.000660,000660,2024-11-15,-0.113433,178200.0
,常驻,19,True,KR.000660,000660,2024-11-18,-0.145771,171700.0
,常驻,19,True,KR.000660,000660,2024-11-19,-0.151244,170600.0
,常驻,19,True,KR.000660,000660,2024-11-20,-0.151244,170600.0
,常驻,19,True,KR.000660,000660,2024-11-21,-0.160199,168800.0
,常驻,19,True,KR.000660,000660,2024-11-22,-0.120896,176700.0
,常驻,19,True,KR.000660,000660,2024-11-25,-0.119403,177000.0
,常驻,19,True,KR.000660,000660,2024-11-26,-0.118905,177100.0
,常驻,19,True,KR.000660,000660,2024-11-27,-0.162687,168300.0
,常驻,19,True,KR.000660,000660,2024-11-28,-0.198507,161100.0
,常驻,19,True,KR.000660,000660,2024-11-29,-0.204478,159900.0
,常驻,19,True,KR.000660,000660,2024-12-02,-0.20995,158800.0
,常驻,19,True,KR.000660,000660,2024-12-03,-0.179602,164900.0
,常驻,19,True,KR.000660,000660,2024-12-04,-0.164179,168000.0
,常驻,19,True,KR.000660,000660,2024-12-05,-0.139303,173000.0
,常驻,19,True,KR.000660,000660,2024-12-06,-0.168657,167100.0
,常驻,19,True,KR.000660,000660,2024-12-09,-0.159701,168900.0
,常驻,19,True,KR.000660,000660,2024-12-10,-0.152239,170400.0
,常驻,19,True,KR.000660,000660,2024-12-11,-0.145274,171800.0
,常驻,19,True,KR.000660,000660,2024-12-12,-0.123881,176100.0
,常驻,19,True,KR.000660,000660,2024-12-13,-0.126866,175500.0
,常驻,19,True,KR.000660,000660,2024-12-16,-0.10796,179300.0
,常驻,19,True,KR.000660,000660,2024-12-17,-0.084577,184000.0
,常驻,19,True,KR.000660,000660,2024-12-18,-0.087065,183500.0
,常驻,19,True,KR.000660,000660,2024-12-19,-0.129353,175000.0
,常驻,19,True,KR.000660,000660,2024-12-20,-0.161692,168500.0
,常驻,19,True,KR.000660,000660,2024-12-23,-0.156219,169600.0
,常驻,19,True,KR.000660,000660,2024-12-24,-0.161692,168500.0
,常驻,19,True,KR.000660,000660,2024-12-26,-0.153731,170100.0
,常驻,19,True,KR.000660,000660,2024-12-27,-0.131841,174500.0
,常驻,19,True,KR.000660,000660,2024-12-30,-0.134826,173900.0
,常驻,19,True,KR.000660,000660,2025-01-02,-0.148259,171200.0
,常驻,19,True,KR.000660,000660,2025-01-03,-0.095025,181900.0
,常驻,19,True,KR.000660,000660,2025-01-06,-0.00597,199800.0
,常驻,19,True,KR.000660,000660,2025-01-07,-0.029851,195000.0
,常驻,19,True,KR.000660,000660,2025-01-08,-0.031343,194700.0
,常驻,19,True,KR.000660,000660,2025-01-09,0.0,205000.0
,常驻,19,True,KR.000660,000660,2025-01-10,-0.007317,203500.0
,常驻,19,True,KR.000660,000660,2025-01-13,-0.052195,194300.0
,常驻,19,True,KR.000660,000660,2025-01-14,-0.04878,195000.0
,常驻,19,True,KR.000660,000660,2025-01-15,-0.033171,198200.0
,常驻,19,True,KR.000660,000660,2025-01-16,0.0,210000.0
,常驻,19,True,KR.000660,000660,2025-01-17,0.0,214500.0
,常驻,19,True,KR.000660,000660,2025-01-20,-0.011655,212000.0
,常驻,19,True,KR.000660,000660,2025-01-21,0.0,218000.0
,常驻,19,True,KR.000660,000660,2025-01-22,0.0,225500.0
,常驻,19,True,KR.000660,000660,2025-01-23,-0.026608,219500.0
,常驻,19,True,KR.000660,000660,2025-01-24,-0.019956,221000.0
,常驻,19,True,KR.000660,000660,2025-01-31,-0.11663,199200.0
,常驻,19,True,KR.000660,000660,2025-02-03,-0.153437,190900.0
,常驻,19,True,KR.000660,000660,2025-02-04,-0.15255,191100.0
,常驻,19,True,KR.000660,000660,2025-02-05,-0.118404,198800.0
,常驻,19,True,KR.000660,000660,2025-02-06,-0.097561,203500.0
,常驻,19,True,KR.000660,000660,2025-02-07,-0.099778,203000.0
,常驻,19,True,KR.000660,000660,2025-02-10,-0.121508,198100.0
,常驻,19,True,KR.000660,000660,2025-02-11,-0.114412,199700.0
,常驻,19,True,KR.000660,000660,2025-02-12,-0.11796,198900.0
,常驻,19,True,KR.000660,000660,2025-02-13,-0.075388,208500.0
,常驻,19,True,KR.000660,000660,2025-02-14,-0.068736,210000.0
,常驻,19,True,KR.000660,000660,2025-02-17,-0.059867,212000.0
,常驻,19,True,KR.000660,000660,2025-02-18,-0.068736,210000.0
,常驻,19,True,KR.000660,000660,2025-02-19,-0.031042,218500.0
,常驻,19,True,KR.000660,000660,2025-02-20,-0.059867,212000.0
,常驻,19,True,KR.000660,000660,2025-02-21,-0.070953,209500.0
,常驻,19,True,KR.000660,000660,2025-02-24,-0.090909,205000.0
,常驻,19,True,KR.000660,000660,2025-02-25,-0.110865,200500.0
,常驻,19,True,KR.000660,000660,2025-02-26,-0.099778,203000.0
,常驻,19,True,KR.000660,000660,2025-02-27,-0.11663,199200.0
,常驻,19,True,KR.000660,000660,2025-02-28,-0.156541,190200.0
,常驻,19,True,KR.000660,000660,2025-03-04,-0.174723,186100.0
,常驻,19,True,KR.000660,000660,2025-03-05,-0.143681,193100.0
,常驻,19,True,KR.000660,000660,2025-03-06,-0.146785,192400.0
,常驻,19,True,KR.000660,000660,2025-03-07,-0.146785,192400.0
,常驻,19,True,KR.000660,000660,2025-03-10,-0.166741,187900.0
,常驻,19,True,KR.000660,000660,2025-03-11,-0.167184,187800.0
,常驻,19,True,KR.000660,000660,2025-03-12,-0.11796,198900.0
,常驻,19,True,KR.000660,000660,2025-03-13,-0.114412,199700.0
,常驻,19,True,KR.000660,000660,2025-03-14,-0.093126,204500.0
,常驻,19,True,KR.000660,000660,2025-03-17,-0.086475,206000.0
,常驻,19,True,KR.000660,000660,2025-03-18,-0.099778,203000.0
,常驻,19,True,KR.000660,000660,2025-03-19,-0.088692,205500.0
,常驻,19,True,KR.000660,000660,2025-03-20,-0.068736,210000.0
,常驻,19,True,KR.000660,000660,2025-03-21,-0.044346,215500.0
,常驻,19,True,KR.000660,000660,2025-03-24,-0.062084,211500.0
,常驻,19,True,KR.000660,000660,2025-03-25,-0.077605,208000.0
,常驻,19,True,KR.000660,000660,2025-03-26,-0.050998,214000.0
,常驻,19,True,KR.000660,000660,2025-03-27,-0.08204,207000.0
,常驻,19,True,KR.000660,000660,2025-03-28,-0.116186,199300.0
,常驻,19,True,KR.000660,000660,2025-03-31,-0.154324,190700.0
,常驻,19,True,KR.000660,000660,2025-04-01,-0.126386,197000.0
,常驻,19,True,KR.000660,000660,2025-04-02,-0.122395,197900.0
,常驻,19,True,KR.000660,000660,2025-04-03,-0.137029,194600.0
,常驻,19,True,KR.000660,000660,2025-04-04,-0.192018,182200.0
,常驻,19,True,KR.000660,000660,2025-04-07,-0.26918,164800.0
,常驻,19,True,KR.000660,000660,2025-04-08,-0.248337,169500.0
,常驻,19,True,KR.000660,000660,2025-04-09,-0.268293,165000.0
,常驻,19,True,KR.000660,000660,2025-04-10,-0.187583,183200.0
,常驻,19,True,KR.000660,000660,2025-04-11,-0.198226,180800.0
,常驻,19,True,KR.000660,000660,2025-04-14,-0.200887,180200.0
,常驻,19,True,KR.000660,000660,2025-04-15,-0.199113,180600.0
,常驻,19,True,KR.000660,000660,2025-04-16,-0.228381,174000.0
,常驻,19,True,KR.000660,000660,2025-04-17,-0.223947,175000.0
,常驻,19,True,KR.000660,000660,2025-04-18,-0.223947,175000.0
,常驻,19,True,KR.000660,000660,2025-04-21,-0.216851,176600.0
,常驻,19,True,KR.000660,000660,2025-04-22,-0.229268,173800.0
,常驻,19,True,KR.000660,000660,2025-04-23,-0.197339,181000.0
,常驻,19,True,KR.000660,000660,2025-04-24,-0.209313,178300.0
,常驻,19,True,KR.000660,000660,2025-04-25,-0.182262,184400.0
,常驻,19,True,KR.000660,000660,2025-04-28,-0.192905,182000.0
,常驻,19,True,KR.000660,000660,2025-04-29,-0.198226,180800.0
,常驻,19,True,KR.000660,000660,2025-04-30,-0.21286,177500.0
,常驻,19,True,KR.000660,000660,2025-05-02,-0.175166,186000.0
,常驻,19,True,KR.000660,000660,2025-05-07,-0.15388,190800.0
,常驻,19,True,KR.000660,000660,2025-05-08,-0.156098,190300.0
,常驻,19,True,KR.000660,000660,2025-05-09,-0.156984,190100.0
,常驻,19,True,KR.000660,000660,2025-05-12,-0.135255,195000.0
,常驻,19,True,KR.000660,000660,2025-05-13,-0.119734,198500.0
,常驻,19,True,KR.000660,000660,2025-05-14,-0.086475,206000.0
,常驻,19,True,KR.000660,000660,2025-05-15,-0.110865,200500.0
,常驻,19,True,KR.000660,000660,2025-05-16,-0.093126,204500.0
,常驻,19,True,KR.000660,000660,2025-05-19,-0.115743,199400.0
,常驻,19,True,KR.000660,000660,2025-05-20,-0.104213,202000.0
,常驻,19,True,KR.000660,000660,2025-05-21,-0.110865,200500.0
,常驻,19,True,KR.000660,000660,2025-05-22,-0.126829,196900.0
,常驻,19,True,KR.000660,000660,2025-05-23,-0.113082,200000.0
,常驻,19,True,KR.000660,000660,2025-05-26,-0.099778,203000.0
,常驻,19,True,KR.000660,000660,2025-05-27,-0.101996,202500.0
,常驻,19,True,KR.000660,000660,2025-05-28,-0.077605,208000.0
,常驻,19,True,KR.000660,000660,2025-05-29,-0.059867,212000.0
,常驻,19,True,KR.000660,000660,2025-05-30,-0.093126,204500.0
,常驻,19,True,KR.000660,000660,2025-06-02,-0.079823,207500.0
,常驻,19,True,KR.000660,000660,2025-06-04,-0.035477,217500.0
,常驻,19,True,KR.000660,000660,2025-06-05,-0.004435,224500.0
,常驻,19,True,KR.000660,000660,2025-06-09,0.0,229000.0
,常驻,19,True,KR.000660,000660,2025-06-10,0.0,230500.0
,常驻,19,True,KR.000660,000660,2025-06-11,0.0,240000.0
,常驻,19,True,KR.000660,000660,2025-06-12,-0.01875,235500.0
,常驻,19,True,KR.000660,000660,2025-06-13,-0.01875,235500.0
,常驻,19,True,KR.000660,000660,2025-06-16,0.0,248000.0
,常驻,19,True,KR.000660,000660,2025-06-17,0.0,249000.0
,常驻,19,True,KR.000660,000660,2025-06-18,-0.01004,246500.0
,常驻,19,True,KR.000660,000660,2025-06-19,-0.012048,246000.0
,常驻,19,True,KR.000660,000660,2025-06-20,0.0,257000.0
,常驻,19,True,KR.000660,000660,2025-06-23,0.0,259500.0
,常驻,19,True,KR.000660,000660,2025-06-24,0.0,278500.0
,常驻,19,True,KR.000660,000660,2025-06-25,0.0,286000.0
,常驻,19,True,KR.000660,000660,2025-06-26,0.0,293000.0
,常驻,19,True,KR.000660,000660,2025-06-27,-0.030717,284000.0
,常驻,19,True,KR.000660,000660,2025-06-30,-0.003413,292000.0
,常驻,19,True,KR.000660,000660,2025-07-01,-0.025597,285500.0
,常驻,19,True,KR.000660,000660,2025-07-02,-0.047782,279000.0
,常驻,19,True,KR.000660,000660,2025-07-03,-0.049488,278500.0
,常驻,19,True,KR.000660,000660,2025-07-04,-0.076792,270500.0
,常驻,19,True,KR.000660,000660,2025-07-07,-0.075085,271000.0
,常驻,19,True,KR.000660,000660,2025-07-08,-0.037543,282000.0
,常驻,19,True,KR.000660,000660,2025-07-09,-0.040956,281000.0
,常驻,19,True,KR.000660,000660,2025-07-10,0.0,297000.0
,常驻,19,True,KR.000660,000660,2025-07-11,-0.008418,294500.0
,常驻,19,True,KR.000660,000660,2025-07-14,0.0,300000.0
,常驻,19,True,KR.000660,000660,2025-07-15,-0.005,298500.0
,常驻,19,True,KR.000660,000660,2025-07-16,-0.013333,296000.0
,常驻,19,True,KR.000660,000660,2025-07-17,-0.101667,269500.0
,常驻,19,True,KR.000660,000660,2025-07-18,-0.103333,269000.0
,常驻,19,True,KR.000660,000660,2025-07-21,-0.091667,272500.0
,常驻,19,True,KR.000660,000660,2025-07-22,-0.105,268500.0
,常驻,19,True,KR.000660,000660,2025-07-23,-0.103333,269000.0
,常驻,19,True,KR.000660,000660,2025-07-24,-0.101667,269500.0
,常驻,19,True,KR.000660,000660,2025-07-25,-0.113333,266000.0
,常驻,19,True,KR.000660,000660,2025-07-28,-0.126667,262000.0
,常驻,19,True,KR.000660,000660,2025-07-29,-0.125,262500.0
,常驻,19,True,KR.000660,000660,2025-07-30,-0.121667,263500.0
,常驻,19,True,KR.000660,000660,2025-07-31,-0.088333,273500.0
,常驻,19,True,KR.000660,000660,2025-08-01,-0.14,258000.0
,常驻,19,True,KR.000660,000660,2025-08-04,-0.14,258000.0
,常驻,19,True,KR.000660,000660,2025-08-05,-0.121667,263500.0
,常驻,19,True,KR.000660,000660,2025-08-06,-0.138333,258500.0
,常驻,19,True,KR.000660,000660,2025-08-07,-0.126667,262000.0
,常驻,19,True,KR.000660,000660,2025-08-08,-0.145,256500.0
,常驻,19,True,KR.000660,000660,2025-08-11,-0.11,267000.0
,常驻,19,True,KR.000660,000660,2025-08-12,-0.103333,269000.0
,常驻,19,True,KR.000660,000660,2025-08-13,-0.073333,278000.0
,常驻,19,True,KR.000660,000660,2025-08-14,-0.078333,276500.0
,常驻,19,True,KR.000660,000660,2025-08-18,-0.108333,267500.0
,常驻,19,True,KR.000660,000660,2025-08-19,-0.123333,263000.0
,常驻,19,True,KR.000660,000660,2025-08-20,-0.148333,255500.0
,常驻,19,True,KR.000660,000660,2025-08-21,-0.183333,245000.0
,常驻,19,True,KR.000660,000660,2025-08-22,-0.163333,251000.0
,常驻,19,True,KR.000660,000660,2025-08-25,-0.135,259500.0
,常驻,19,True,KR.000660,000660,2025-08-26,-0.128333,261500.0
,常驻,19,True,KR.000660,000660,2025-08-27,-0.133333,260000.0
,常驻,19,True,KR.000660,000660,2025-08-28,-0.105,268500.0
,常驻,19,True,KR.000660,000660,2025-08-29,-0.103333,269000.0
,常驻,19,True,KR.000660,000660,2025-09-01,-0.146667,256000.0
,常驻,19,True,KR.000660,000660,2025-09-02,-0.131667,260500.0
,常驻,19,True,KR.000660,000660,2025-09-03,-0.125,262500.0
,常驻,19,True,KR.000660,000660,2025-09-04,-0.115,265500.0
,常驻,19,True,KR.000660,000660,2025-09-05,-0.088333,273500.0
,常驻,19,True,KR.000660,000660,2025-09-08,-0.076667,277000.0
,常驻,19,True,KR.000660,000660,2025-09-09,-0.04,288000.0
,常驻,19,True,KR.000660,000660,2025-09-10,0.0,304000.0
,常驻,19,True,KR.000660,000660,2025-09-11,0.0,307000.0
,常驻,19,True,KR.000660,000660,2025-09-12,0.0,328500.0
,常驻,19,True,KR.000660,000660,2025-09-15,0.0,331000.0
,常驻,19,True,KR.000660,000660,2025-09-16,0.0,348000.0
,常驻,19,True,KR.000660,000660,2025-09-17,-0.041667,333500.0
,常驻,19,True,KR.000660,000660,2025-09-18,0.0,355500.0
,常驻,19,True,KR.000660,000660,2025-09-19,-0.007032,353000.0
,常驻,19,True,KR.000660,000660,2025-09-22,-0.012658,351000.0
,常驻,19,True,KR.000660,000660,2025-09-23,0.0,361000.0
,常驻,19,True,KR.000660,000660,2025-09-24,-0.009695,357500.0
,常驻,19,True,KR.000660,000660,2025-09-25,-0.012465,356500.0
,常驻,19,True,KR.000660,000660,2025-09-26,-0.067867,336500.0
,常驻,19,True,KR.000660,000660,2025-09-29,-0.033241,349000.0
,常驻,19,True,KR.000660,000660,2025-09-30,-0.037396,347500.0
,常驻,19,True,KR.000660,000660,2025-10-01,-0.00277,360000.0
,常驻,19,True,KR.000660,000660,2025-10-02,0.0,395500.0
,常驻,19,True,KR.000660,000660,2025-10-10,0.0,428000.0
,常驻,19,True,KR.000660,000660,2025-10-13,-0.030374,415000.0
,常驻,19,True,KR.000660,000660,2025-10-14,-0.038551,411500.0
,常驻,19,True,KR.000660,000660,2025-10-15,-0.01285,422500.0
,常驻,19,True,KR.000660,000660,2025-10-16,0.0,452500.0
,常驻,19,True,KR.000660,000660,2025-10-17,0.0,465500.0
,常驻,19,True,KR.000660,000660,2025-10-20,0.0,485500.0
,常驻,19,True,KR.000660,000660,2025-10-21,-0.013388,479000.0
,常驻,19,True,KR.000660,000660,2025-10-22,-0.008239,481500.0
,常驻,19,True,KR.000660,000660,2025-10-23,-0.014418,478500.0
,常驻,19,True,KR.000660,000660,2025-10-24,0.0,510000.0
,常驻,19,True,KR.000660,000660,2025-10-27,0.0,535000.0
,常驻,19,True,KR.000660,000660,2025-10-28,-0.026168,521000.0
,常驻,19,True,KR.000660,000660,2025-10-29,0.0,558000.0
,常驻,19,True,KR.000660,000660,2025-10-30,0.0,568000.0
,常驻,19,True,KR.000660,000660,2025-10-31,-0.015845,559000.0
,常驻,19,True,KR.000660,000660,2025-11-03,0.0,620000.0
,常驻,19,True,KR.000660,000660,2025-11-04,-0.054839,586000.0
,常驻,19,True,KR.000660,000660,2025-11-05,-0.066129,579000.0
,常驻,19,True,KR.000660,000660,2025-11-06,-0.043548,593000.0
,常驻,19,True,KR.000660,000660,2025-11-07,-0.064516,580000.0
,常驻,19,True,KR.000660,000660,2025-11-10,-0.022581,606000.0
,常驻,19,True,KR.000660,000660,2025-11-11,-0.001613,619000.0
,常驻,19,True,KR.000660,000660,2025-11-12,-0.004839,617000.0
,常驻,19,True,KR.000660,000660,2025-11-13,-0.012903,612000.0
,常驻,19,True,KR.000660,000660,2025-11-14,-0.096774,560000.0
,常驻,19,True,KR.000660,000660,2025-11-17,-0.022581,606000.0
,常驻,19,True,KR.000660,000660,2025-11-18,-0.080645,570000.0
,常驻,19,True,KR.000660,000660,2025-11-19,-0.093548,562000.0
,常驻,19,True,KR.000660,000660,2025-11-20,-0.079032,571000.0
,常驻,19,True,KR.000660,000660,2025-11-21,-0.159677,521000.0
,常驻,19,True,KR.000660,000660,2025-11-24,-0.16129,520000.0
,常驻,19,True,KR.000660,000660,2025-11-25,-0.162903,519000.0
,常驻,19,True,KR.000660,000660,2025-11-26,-0.154839,524000.0
,常驻,19,True,KR.000660,000660,2025-11-27,-0.122581,544000.0
,常驻,19,True,KR.000660,000660,2025-11-28,-0.145161,530000.0
,常驻,19,True,KR.000660,000660,2025-12-01,-0.132258,538000.0
,常驻,19,True,KR.000660,000660,2025-12-02,-0.1,558000.0
,常驻,19,True,KR.000660,000660,2025-12-03,-0.109677,552000.0
,常驻,19,True,KR.000660,000660,2025-12-04,-0.125806,542000.0
,常驻,19,True,KR.000660,000660,2025-12-05,-0.122581,544000.0
,常驻,19,True,KR.000660,000660,2025-12-08,-0.069355,577000.0
,常驻,19,True,KR.000660,000660,2025-12-09,-0.087097,566000.0
,常驻,19,True,KR.000660,000660,2025-12-10,-0.053226,587000.0
,常驻,19,True,KR.000660,000660,2025-12-11,-0.08871,565000.0
,常驻,19,True,KR.000660,000660,2025-12-12,-0.079032,571000.0
,常驻,19,True,KR.000660,000660,2025-12-15,-0.106452,554000.0
,常驻,19,True,KR.000660,000660,2025-12-16,-0.145161,530000.0
,常驻,19,True,KR.000660,000660,2025-12-17,-0.11129,551000.0
,常驻,19,True,KR.000660,000660,2025-12-18,-0.109677,552000.0
,常驻,19,True,KR.000660,000660,2025-12-19,-0.117742,547000.0
,常驻,19,True,KR.000660,000660,2025-12-22,-0.064516,580000.0
,常驻,19,True,KR.000660,000660,2025-12-23,-0.058065,584000.0
,常驻,19,True,KR.000660,000660,2025-12-24,-0.051613,588000.0
,常驻,19,True,KR.000660,000660,2025-12-26,-0.033871,599000.0
,常驻,19,True,KR.000660,000660,2025-12-29,0.0,640000.0
,常驻,19,True,KR.000660,000660,2025-12-30,0.0,651000.0
,常驻,19,True,KR.000660,000660,2026-01-02,0.0,677000.0
,常驻,19,True,KR.000660,000660,2026-01-05,0.0,696000.0
,常驻,19,True,KR.000660,000660,2026-01-06,0.0,726000.0
,常驻,19,True,KR.000660,000660,2026-01-07,0.0,742000.0
,常驻,19,True,KR.000660,000660,2026-01-08,0.0,756000.0
,常驻,19,True,KR.000660,000660,2026-01-09,-0.015873,744000.0
,常驻,19,True,KR.000660,000660,2026-01-12,-0.009259,749000.0
,常驻,19,True,KR.000660,000660,2026-01-13,-0.02381,738000.0
,常驻,19,True,KR.000660,000660,2026-01-14,-0.018519,742000.0
,常驻,19,True,KR.000660,000660,2026-01-15,-0.009259,749000.0
,常驻,19,True,KR.000660,000660,2026-01-16,0.0,756000.0
,常驻,19,True,KR.000660,000660,2026-01-19,0.0,764000.0
,常驻,19,True,KR.000660,000660,2026-01-20,-0.027487,743000.0
,常驻,19,True,KR.000660,000660,2026-01-21,-0.031414,740000.0
,常驻,19,True,KR.000660,000660,2026-01-22,-0.01178,755000.0
,常驻,19,True,KR.000660,000660,2026-01-23,0.0,767000.0
,常驻,19,True,KR.000660,000660,2026-01-26,-0.040417,736000.0
,常驻,19,True,KR.000660,000660,2026-01-27,0.0,800000.0
,常驻,19,True,KR.000660,000660,2026-01-28,0.0,841000.0
,常驻,19,True,KR.000660,000660,2026-01-29,0.0,861000.0
,常驻,19,True,KR.000660,000660,2026-01-30,0.0,909000.0
,常驻,19,True,KR.000660,000660,2026-02-02,-0.086909,830000.0
,常驻,19,True,KR.000660,000660,2026-02-03,-0.0022,907000.0
,常驻,19,True,KR.000660,000660,2026-02-04,-0.009901,900000.0
,常驻,19,True,KR.000660,000660,2026-02-05,-0.073707,842000.0
,常驻,19,True,KR.000660,000660,2026-02-06,-0.077008,839000.0
,常驻,19,True,KR.000660,000660,2026-02-09,-0.024202,887000.0
,常驻,19,True,KR.000660,000660,2026-02-10,-0.036304,876000.0
,常驻,19,True,KR.000660,000660,2026-02-11,-0.053905,860000.0
,常驻,19,True,KR.000660,000660,2026-02-12,-0.023102,888000.0
,常驻,19,True,KR.000660,000660,2026-02-13,-0.031903,880000.0
,常驻,19,True,KR.000660,000660,2026-02-19,-0.016502,894000.0
,常驻,19,True,KR.000660,000660,2026-02-20,0.0,949000.0
,常驻,19,True,KR.000660,000660,2026-02-23,0.0,951000.0
,常驻,19,True,KR.000660,000660,2026-02-24,0.0,1005000.0
,常驻,19,True,KR.000660,000660,2026-02-25,0.0,1018000.0
,常驻,19,True,KR.000660,000660,2026-02-26,0.0,1099000.0
,常驻,19,True,KR.000660,000660,2026-02-27,-0.034577,1061000.0
,常驻,19,True,KR.000660,000660,2026-03-03,-0.145587,939000.0
,常驻,19,True,KR.000660,000660,2026-03-04,-0.22748,849000.0
,常驻,19,True,KR.000660,000660,2026-03-05,-0.143767,941000.0
,常驻,19,True,KR.000660,000660,2026-03-06,-0.159236,924000.0
,常驻,19,True,KR.000660,000660,2026-03-09,-0.239308,836000.0
,常驻,19,True,KR.000660,000660,2026-03-10,-0.146497,938000.0
,常驻,19,True,KR.000660,000660,2026-03-11,-0.131028,955000.0
,常驻,19,True,KR.000660,000660,2026-03-12,-0.153776,930000.0
,常驻,19,True,KR.000660,000660,2026-03-13,-0.171975,910000.0
,常驻,19,True,KR.000660,000660,2026-03-16,-0.11374,974000.0
,常驻,19,True,KR.000660,000660,2026-03-17,-0.117379,970000.0
,常驻,19,True,KR.000660,000660,2026-03-18,-0.039126,1056000.0
,常驻,19,True,KR.000660,000660,2026-03-19,-0.078253,1013000.0
,常驻,19,True,KR.000660,000660,2026-03-20,-0.083712,1007000.0
,常驻,19,True,KR.000660,000660,2026-03-23,-0.151046,933000.0
,常驻,19,True,KR.000660,000660,2026-03-24,-0.102821,986000.0
,常驻,19,True,KR.000660,000660,2026-03-25,-0.094631,995000.0
,常驻,19,True,KR.000660,000660,2026-03-26,-0.151046,933000.0
,常驻,19,True,KR.000660,000660,2026-03-27,-0.151046,933000.0
,常驻,19,True,KR.000660,000660,2026-03-30,-0.205641,873000.0
,常驻,19,True,KR.000660,000660,2026-03-31,-0.265696,807000.0
,常驻,19,True,KR.000660,000660,2026-04-01,-0.183803,897000.0
,常驻,19,True,KR.000660,000660,2026-04-02,-0.244768,830000.0
,常驻,19,True,KR.000660,000660,2026-04-03,-0.202912,876000.0
,常驻,19,True,KR.000660,000660,2026-04-06,-0.193813,886000.0
,常驻,19,True,KR.000660,000660,2026-04-07,-0.166515,916000.0
,常驻,19,True,KR.000660,000660,2026-04-08,-0.060055,1033000.0
,常驻,19,True,KR.000660,000660,2026-04-09,-0.091902,998000.0
,常驻,19,True,KR.000660,000660,2026-04-10,-0.065514,1027000.0
,常驻,19,True,KR.000660,000660,2026-04-13,-0.053685,1040000.0
,常驻,19,True,KR.000660,000660,2026-04-14,0.0,1103000.0
,常驻,19,True,KR.000660,000660,2026-04-15,0.0,1136000.0
,常驻,19,True,KR.000660,000660,2026-04-16,0.0,1155000.0
,常驻,19,True,KR.000660,000660,2026-04-17,-0.023377,1128000.0
,常驻,19,True,KR.000660,000660,2026-04-20,0.0,1166000.0
,常驻,19,True,KR.000660,000660,2026-04-21,0.0,1224000.0
,常驻,19,True,KR.000660,000660,2026-04-22,-0.000817,1223000.0
,常驻,19,True,KR.000660,000660,2026-04-23,0.0,1225000.0
,常驻,19,True,KR.000660,000660,2026-04-24,-0.002449,1222000.0
,常驻,19,True,KR.000660,000660,2026-04-27,0.0,1292000.0
,常驻,19,True,KR.000660,000660,2026-04-28,0.0,1300000.0
,常驻,19,True,KR.000660,000660,2026-04-29,-0.005385,1293000.0
,常驻,19,True,KR.000660,000660,2026-04-30,-0.010769,1286000.0
,常驻,19,True,KR.000660,000660,2026-05-04,0.0,1447000.0
,常驻,19,True,KR.000660,000660,2026-05-06,0.0,1601000.0
,常驻,19,True,KR.000660,000660,2026-05-07,0.0,1654000.0
,常驻,19,True,KR.000660,000660,2026-05-08,0.0,1686000.0
,常驻,19,True,KR.000660,000660,2026-05-11,0.0,1880000.0
,常驻,19,True,KR.000660,000660,2026-05-12,-0.023936,1835000.0
,常驻,19,True,KR.000660,000660,2026-05-13,0.0,1976000.0
,常驻,19,True,KR.000660,000660,2026-05-14,-0.003036,1970000.0
,常驻,19,True,KR.000660,000660,2026-05-15,-0.079453,1819000.0
,常驻,19,True,KR.000660,000660,2026-05-18,-0.068826,1840000.0
,常驻,19,True,KR.000660,000660,2026-05-19,-0.116903,1745000.0
,常驻,19,True,KR.000660,000660,2026-05-20,-0.116903,1745000.0
,常驻,19,True,KR.000660,000660,2026-05-21,-0.018219,1940000.0
,常驻,19,True,KR.000660,000660,2026-05-22,-0.017713,1941000.0
,常驻,19,True,KR.000660,000660,2026-05-26,0.0,2052000.0
,常驻,19,True,KR.000660,000660,2026-05-27,0.0,2243000.0
,常驻,19,True,KR.000660,000660,2026-05-28,0.0,2289000.0
,常驻,19,True,KR.000660,000660,2026-05-29,0.0,2333000.0
,常驻,19,True,KR.000660,000660,2026-06-01,0.0,2363000.0
,常驻,19,True,KR.000660,000660,2026-06-02,-0.00127,2360000.0
,常驻,19,True,KR.000660,000660,2026-06-04,-0.027507,2298000.0
,常驻,19,True,KR.000660,000660,2026-06-05,-0.123995,2070000.0
,常驻,19,True,KR.000660,000660,2026-06-08,-0.191282,1911000.0
,常驻,19,True,KR.000660,000660,2026-06-09,-0.062632,2215000.0
,常驻,19,True,KR.000660,000660,2026-06-10,-0.133305,2048000.0
,常驻,19,True,KR.000660,000660,2026-06-11,-0.110876,2101000.0
,常驻,19,True,KR.000660,000660,2026-06-12,-0.09014,2150000.0
,常驻,19,True,KR.000660,000660,2026-06-15,-0.031739,2288000.0
,常驻,19,True,KR.000660,000660,2026-06-16,0.0,2382000.0
,常驻,19,True,KR.000660,000660,2026-06-17,0.0,2521000.0
,常驻,19,True,KR.000660,000660,2026-06-18,0.0,2685000.0
,常驻,19,True,KR.000660,000660,2026-06-19,0.0,2764000.0
,常驻,19,True,KR.000660,000660,2026-06-22,0.0,2919000.0
,常驻,19,True,KR.000660,000660,2026-06-23,-0.1247,2555000.0
,常驻,19,True,KR.000660,000660,2026-06-24,-0.10209,2621000.0
,常驻,19,True,KR.000660,000660,2026-06-25,-0.000685,2917000.0
,常驻,19,True,KR.000660,000660,2026-06-26,-0.084275,2673000.0
,常驻,19,True,KR.000660,000660,2026-06-29,-0.099692,2628000.0
,常驻,19,True,KR.000660,000660,2026-06-30,-0.092155,2650000.0
,常驻,19,True,KR.000660,000660,2026-07-01,-0.122987,2560000.0
,常驻,19,True,KR.000660,000660,2026-07-02,-0.250771,2187000.0
,常驻,19,True,KR.000660,000660,2026-07-03,-0.169236,2425000.0
,常驻,19,True,KR.000660,000660,2026-07-06,-0.197328,2343000.0
,常驻,19,True,KR.000660,000660,2026-07-07,-0.245975,2201000.0
,常驻,19,True,KR.000660,000660,2026-07-08,-0.288798,2076000.0
,常驻,19,True,KR.000660,000660,2026-07-09,-0.251113,2186000.0
,常驻,19,True,KR.000660,000660,2026-07-10,-0.253169,2180000.0
,常驻,19,True,KR.000660,000660,2026-07-13,-0.367934,1845000.0
,常驻,19,True,KR.000660,000660,2026-07-14,-0.344639,1913000.0
,常驻,19,True,KR.000660,000660,2026-07-15,-0.286742,2082000.0
,常驻,19,True,KR.000660,000660,2026-07-16,-0.368962,1842000.0
,常驻,19,True,KR.000660,000660,2026-07-20,-0.395683,1764000.0
,常驻,19,True,KR.000660,000660,2026-07-21,-0.371017,1836000.0
,常驻,19,True,KR.000660,000660,2026-07-22,-0.373073,1830000.0
,常驻,19,True,KR.000660,000660,2026-07-23,-0.342583,1919000.0
,常驻,19,True,KR.000660,000660,2026-07-24,-0.397396,1759000.0
,常驻,19,True,KR.000660,000660,2026-07-27,-0.377869,1816000.0
,常驻,19,True,KR.000660,000660,2026-07-28,-0.468996,1550000.0
,常驻,19,True,KR.000660,000660,2026-07-29,-0.520041,1401000.0
,常驻,19,True,KR.000660,000660,2026-07-30,-0.547105,1322000.0
,常驻,19,True,KR.000660,000660,2026-07-31,-0.411442,1718000.0
,常驻,19,True,KR.000660,000660,2026-08-03,-0.463172,1567000.0
,常驻,19,True,KR.000660,000660,2026-08-04,-0.459746,1577000.0
,常驻,19,True,KR.000660,000660,2026-08-05,-0.428571,1668000.0
,常驻,19,True,KR.000660,000660,2026-08-06,-0.487838,1495000.0
,常驻,19,True,KR.000660,000660,2026-08-07,-0.512847,1422000.0
,常驻,19,True,KR.000660,000660,2026-08-10,-0.513532,1420000.0
,常驻,19,True,KR.000660,000660,2026-08-11,-0.511819,1425000.0
,常驻,19,True,KR.000660,000660,2026-08-12,-0.484755,1504000.0
,常驻,19,True,KR.000660,000660,2026-08-13,-0.454265,1593000.0
,常驻,19,True,KR.000660,000660,2026-08-14,-0.436451,1645000.0
,常驻,19,True,KR.000660,000660,2026-08-18,-0.430627,1662000.0
,常驻,19,True,KR.000660,000660,2026-08-19,-0.486125,1500000.0
,常驻,19,True,KR.000660,000660,2026-08-20,-0.420692,1691000.0
,常驻,19,True,KR.000660,000660,2026-08-21,-0.407331,1730000.0
,常驻,19,True,KR.000660,000660,2026-08-24,-0.427544,1671000.0
,常驻,19,True,KR.000660,000660,2026-08-25,-0.425146,1678000.0
,常驻,19,True,KR.000660,000660,2026-08-26,-0.42172,1688000.0
,常驻,19,True,KR.000660,000660,2026-08-27,-0.407331,1730000.0
,常驻,19,True,KR.000660,000660,2026-08-28,-0.43371,1653000.0
,常驻,19,True,KR.000660,000660,2026-08-31,-0.426516,1674000.0
,常驻,19,True,KR.000660,000660,2026-09-01,-0.420007,1693000.0
,常驻,19,True,KR.000660,000660,2026-09-02,-0.447413,1613000.0
,常驻,19,True,KR.000660,000660,2026-09-03,-0.453237,1596000.0
,常驻,19,True,KR.000660,000660,2026-09-04,-0.435766,1647000.0
,常驻,19,True,KR.000660,000660,2026-09-07,-0.389174,1783000.0
,常驻,19,True,KR.000660,000660,2026-09-08,-0.385749,1793000.0
,常驻,20,True,KR.005930,005930,2024-09-09,0.0,67500.0
,常驻,20,True,KR.005930,005930,2024-09-10,-0.019259,66200.0
,常驻,20,True,KR.005930,005930,2024-09-11,-0.038519,64900.0
,常驻,20,True,KR.005930,005930,2024-09-12,-0.017778,66300.0
,常驻,20,True,KR.005930,005930,2024-09-13,-0.045926,64400.0
,常驻,20,True,KR.005930,005930,2024-09-19,-0.065185,63100.0
,常驻,20,True,KR.005930,005930,2024-09-20,-0.066667,63000.0
,常驻,20,True,KR.005930,005930,2024-09-23,-0.072593,62600.0
,常驻,20,True,KR.005930,005930,2024-09-24,-0.063704,63200.0
,常驻,20,True,KR.005930,005930,2024-09-25,-0.078519,62200.0
,常驻,20,True,KR.005930,005930,2024-09-26,-0.041481,64700.0
,常驻,20,True,KR.005930,005930,2024-09-27,-0.048889,64200.0
,常驻,20,True,KR.005930,005930,2024-09-30,-0.088889,61500.0
,常驻,20,True,KR.005930,005930,2024-10-02,-0.091852,61300.0
,常驻,20,True,KR.005930,005930,2024-10-04,-0.102222,60600.0
,常驻,20,True,KR.005930,005930,2024-10-07,-0.096296,61000.0
,常驻,20,True,KR.005930,005930,2024-10-08,-0.106667,60300.0
,常驻,20,True,KR.005930,005930,2024-10-10,-0.127407,58900.0
,常驻,20,True,KR.005930,005930,2024-10-11,-0.121481,59300.0
,常驻,20,True,KR.005930,005930,2024-10-14,-0.121481,59300.0
,常驻,20,True,KR.005930,005930,2024-10-15,-0.096296,61000.0
,常驻,20,True,KR.005930,005930,2024-10-16,-0.118519,59500.0
,常驻,20,True,KR.005930,005930,2024-10-17,-0.115556,59700.0
,常驻,20,True,KR.005930,005930,2024-10-18,-0.122963,59200.0
,常驻,20,True,KR.005930,005930,2024-10-21,-0.125926,59000.0
,常驻,20,True,KR.005930,005930,2024-10-22,-0.145185,57700.0
,常驻,20,True,KR.005930,005930,2024-10-23,-0.124444,59100.0
,常驻,20,True,KR.005930,005930,2024-10-24,-0.161481,56600.0
,常驻,20,True,KR.005930,005930,2024-10-25,-0.171852,55900.0
,常驻,20,True,KR.005930,005930,2024-10-28,-0.139259,58100.0
,常驻,20,True,KR.005930,005930,2024-10-29,-0.117037,59600.0
,常驻,20,True,KR.005930,005930,2024-10-30,-0.124444,59100.0
,常驻,20,True,KR.005930,005930,2024-10-31,-0.122963,59200.0
,常驻,20,True,KR.005930,005930,2024-11-01,-0.136296,58300.0
,常驻,20,True,KR.005930,005930,2024-11-04,-0.13037,58700.0
,常驻,20,True,KR.005930,005930,2024-11-05,-0.146667,57600.0
,常驻,20,True,KR.005930,005930,2024-11-06,-0.151111,57300.0
,常驻,20,True,KR.005930,005930,2024-11-07,-0.151111,57300.0
,常驻,20,True,KR.005930,005930,2024-11-08,-0.155556,57000.0
,常驻,20,True,KR.005930,005930,2024-11-11,-0.185185,55000.0
,常驻,20,True,KR.005930,005930,2024-11-12,-0.214815,53000.0
,常驻,20,True,KR.005930,005930,2024-11-13,-0.25037,50600.0
,常驻,20,True,KR.005930,005930,2024-11-14,-0.260741,49900.0
,常驻,20,True,KR.005930,005930,2024-11-15,-0.207407,53500.0
,常驻,20,True,KR.005930,005930,2024-11-18,-0.16,56700.0
,常驻,20,True,KR.005930,005930,2024-11-19,-0.165926,56300.0
,常驻,20,True,KR.005930,005930,2024-11-20,-0.180741,55300.0
,常驻,20,True,KR.005930,005930,2024-11-21,-0.164444,56400.0
,常驻,20,True,KR.005930,005930,2024-11-22,-0.17037,56000.0
,常驻,20,True,KR.005930,005930,2024-11-25,-0.142222,57900.0
,常驻,20,True,KR.005930,005930,2024-11-26,-0.136296,58300.0
,常驻,20,True,KR.005930,005930,2024-11-27,-0.165926,56300.0
,常驻,20,True,KR.005930,005930,2024-11-28,-0.177778,55500.0
,常驻,20,True,KR.005930,005930,2024-11-29,-0.197037,54200.0
,常驻,20,True,KR.005930,005930,2024-12-02,-0.205926,53600.0
,常驻,20,True,KR.005930,005930,2024-12-03,-0.205926,53600.0
,常驻,20,True,KR.005930,005930,2024-12-04,-0.213333,53100.0
,常驻,20,True,KR.005930,005930,2024-12-05,-0.204444,53700.0
,常驻,20,True,KR.005930,005930,2024-12-06,-0.198519,54100.0
,常驻,20,True,KR.005930,005930,2024-12-09,-0.208889,53400.0
,常驻,20,True,KR.005930,005930,2024-12-10,-0.2,54000.0
,常驻,20,True,KR.005930,005930,2024-12-11,-0.2,54000.0
,常驻,20,True,KR.005930,005930,2024-12-12,-0.171852,55900.0
,常驻,20,True,KR.005930,005930,2024-12-13,-0.168889,56100.0
,常驻,20,True,KR.005930,005930,2024-12-16,-0.176296,55600.0
,常驻,20,True,KR.005930,005930,2024-12-17,-0.197037,54200.0
,常驻,20,True,KR.005930,005930,2024-12-18,-0.186667,54900.0
,常驻,20,True,KR.005930,005930,2024-12-19,-0.213333,53100.0
,常驻,20,True,KR.005930,005930,2024-12-20,-0.214815,53000.0
,常驻,20,True,KR.005930,005930,2024-12-23,-0.207407,53500.0
,常驻,20,True,KR.005930,005930,2024-12-24,-0.194074,54400.0
,常驻,20,True,KR.005930,005930,2024-12-26,-0.205926,53600.0
,常驻,20,True,KR.005930,005930,2024-12-27,-0.204444,53700.0
,常驻,20,True,KR.005930,005930,2024-12-30,-0.211852,53200.0
,常驻,20,True,KR.005930,005930,2025-01-02,-0.208889,53400.0
,常驻,20,True,KR.005930,005930,2025-01-03,-0.194074,54400.0
,常驻,20,True,KR.005930,005930,2025-01-06,-0.171852,55900.0
,常驻,20,True,KR.005930,005930,2025-01-07,-0.179259,55400.0
,常驻,20,True,KR.005930,005930,2025-01-08,-0.151111,57300.0
,常驻,20,True,KR.005930,005930,2025-01-09,-0.168889,56100.0
,常驻,20,True,KR.005930,005930,2025-01-10,-0.180741,55300.0
,常驻,20,True,KR.005930,005930,2025-01-13,-0.198519,54100.0
,常驻,20,True,KR.005930,005930,2025-01-14,-0.201481,53900.0
,常驻,20,True,KR.005930,005930,2025-01-15,-0.204444,53700.0
,常驻,20,True,KR.005930,005930,2025-01-16,-0.195556,54300.0
,常驻,20,True,KR.005930,005930,2025-01-17,-0.204444,53700.0
,常驻,20,True,KR.005930,005930,2025-01-20,-0.208889,53400.0
,常驻,20,True,KR.005930,005930,2025-01-21,-0.207407,53500.0
,常驻,20,True,KR.005930,005930,2025-01-22,-0.195556,54300.0
,常驻,20,True,KR.005930,005930,2025-01-23,-0.204444,53700.0
,常驻,20,True,KR.005930,005930,2025-01-24,-0.204444,53700.0
,常驻,20,True,KR.005930,005930,2025-01-31,-0.223704,52400.0
,常驻,20,True,KR.005930,005930,2025-02-03,-0.244444,51000.0
,常驻,20,True,KR.005930,005930,2025-02-04,-0.219259,52700.0
,常驻,20,True,KR.005930,005930,2025-02-05,-0.216296,52900.0
,常驻,20,True,KR.005930,005930,2025-02-06,-0.2,54000.0
,常驻,20,True,KR.005930,005930,2025-02-07,-0.204444,53700.0
,常驻,20,True,KR.005930,005930,2025-02-10,-0.176296,55600.0
,常驻,20,True,KR.005930,005930,2025-02-11,-0.174815,55700.0
,常驻,20,True,KR.005930,005930,2025-02-12,-0.173333,55800.0
,常驻,20,True,KR.005930,005930,2025-02-13,-0.173333,55800.0
,常驻,20,True,KR.005930,005930,2025-02-14,-0.17037,56000.0
,常驻,20,True,KR.005930,005930,2025-02-17,-0.17037,56000.0
,常驻,20,True,KR.005930,005930,2025-02-18,-0.157037,56900.0
,常驻,20,True,KR.005930,005930,2025-02-19,-0.13037,58700.0
,常驻,20,True,KR.005930,005930,2025-02-20,-0.134815,58400.0
,常驻,20,True,KR.005930,005930,2025-02-21,-0.137778,58200.0
,常驻,20,True,KR.005930,005930,2025-02-24,-0.151111,57300.0
,常驻,20,True,KR.005930,005930,2025-02-25,-0.152593,57200.0
,常驻,20,True,KR.005930,005930,2025-02-26,-0.161481,56600.0
,常驻,20,True,KR.005930,005930,2025-02-27,-0.165926,56300.0
,常驻,20,True,KR.005930,005930,2025-02-28,-0.192593,54500.0
,常驻,20,True,KR.005930,005930,2025-03-04,-0.192593,54500.0
,常驻,20,True,KR.005930,005930,2025-03-05,-0.2,54000.0
,常驻,20,True,KR.005930,005930,2025-03-06,-0.195556,54300.0
,常驻,20,True,KR.005930,005930,2025-03-07,-0.204444,53700.0
,常驻,20,True,KR.005930,005930,2025-03-10,-0.204444,53700.0
,常驻,20,True,KR.005930,005930,2025-03-11,-0.205926,53600.0
,常驻,20,True,KR.005930,005930,2025-03-12,-0.186667,54900.0
,常驻,20,True,KR.005930,005930,2025-03-13,-0.18963,54700.0
,常驻,20,True,KR.005930,005930,2025-03-14,-0.18963,54700.0
,常驻,20,True,KR.005930,005930,2025-03-17,-0.146667,57600.0
,常驻,20,True,KR.005930,005930,2025-03-18,-0.146667,57600.0
,常驻,20,True,KR.005930,005930,2025-03-19,-0.133333,58500.0
,常驻,20,True,KR.005930,005930,2025-03-20,-0.108148,60200.0
,常驻,20,True,KR.005930,005930,2025-03-21,-0.085926,61700.0
,常驻,20,True,KR.005930,005930,2025-03-24,-0.103704,60500.0
,常驻,20,True,KR.005930,005930,2025-03-25,-0.114074,59800.0
,常驻,20,True,KR.005930,005930,2025-03-26,-0.09037,61400.0
,常驻,20,True,KR.005930,005930,2025-03-27,-0.084444,61800.0
,常驻,20,True,KR.005930,005930,2025-03-28,-0.108148,60200.0
,常驻,20,True,KR.005930,005930,2025-03-31,-0.143704,57800.0
,常驻,20,True,KR.005930,005930,2025-04-01,-0.128889,58800.0
,常驻,20,True,KR.005930,005930,2025-04-02,-0.128889,58800.0
,常驻,20,True,KR.005930,005930,2025-04-03,-0.146667,57600.0
,常驻,20,True,KR.005930,005930,2025-04-04,-0.168889,56100.0
,常驻,20,True,KR.005930,005930,2025-04-07,-0.211852,53200.0
,常驻,20,True,KR.005930,005930,2025-04-08,-0.207407,53500.0
,常驻,20,True,KR.005930,005930,2025-04-09,-0.214815,53000.0
,常驻,20,True,KR.005930,005930,2025-04-10,-0.164444,56400.0
,常驻,20,True,KR.005930,005930,2025-04-11,-0.182222,55200.0
,常驻,20,True,KR.005930,005930,2025-04-14,-0.167407,56200.0
,常驻,20,True,KR.005930,005930,2025-04-15,-0.161481,56600.0
,常驻,20,True,KR.005930,005930,2025-04-16,-0.18963,54700.0
,常驻,20,True,KR.005930,005930,2025-04-17,-0.183704,55100.0
,常驻,20,True,KR.005930,005930,2025-04-18,-0.180741,55300.0
,常驻,20,True,KR.005930,005930,2025-04-21,-0.179259,55400.0
,常驻,20,True,KR.005930,005930,2025-04-22,-0.185185,55000.0
,常驻,20,True,KR.005930,005930,2025-04-23,-0.174815,55700.0
,常驻,20,True,KR.005930,005930,2025-04-24,-0.174815,55700.0
,常驻,20,True,KR.005930,005930,2025-04-25,-0.174815,55700.0
,常驻,20,True,KR.005930,005930,2025-04-28,-0.173333,55800.0
,常驻,20,True,KR.005930,005930,2025-04-29,-0.173333,55800.0
,常驻,20,True,KR.005930,005930,2025-04-30,-0.177778,55500.0
,常驻,20,True,KR.005930,005930,2025-05-02,-0.195556,54300.0
,常驻,20,True,KR.005930,005930,2025-05-07,-0.191111,54600.0
,常驻,20,True,KR.005930,005930,2025-05-08,-0.191111,54600.0
,常驻,20,True,KR.005930,005930,2025-05-09,-0.188148,54800.0
,常驻,20,True,KR.005930,005930,2025-05-12,-0.146667,57600.0
,常驻,20,True,KR.005930,005930,2025-05-13,-0.157037,56900.0
,常驻,20,True,KR.005930,005930,2025-05-14,-0.14963,57400.0
,常驻,20,True,KR.005930,005930,2025-05-15,-0.151111,57300.0
,常驻,20,True,KR.005930,005930,2025-05-16,-0.158519,56800.0
,常驻,20,True,KR.005930,005930,2025-05-19,-0.173333,55800.0
,常驻,20,True,KR.005930,005930,2025-05-20,-0.171852,55900.0
,常驻,20,True,KR.005930,005930,2025-05-21,-0.174815,55700.0
,常驻,20,True,KR.005930,005930,2025-05-22,-0.18963,54700.0
,常驻,20,True,KR.005930,005930,2025-05-23,-0.197037,54200.0
,常驻,20,True,KR.005930,005930,2025-05-26,-0.18963,54700.0
,常驻,20,True,KR.005930,005930,2025-05-27,-0.201481,53900.0
,常驻,20,True,KR.005930,005930,2025-05-28,-0.171852,55900.0
,常驻,20,True,KR.005930,005930,2025-05-29,-0.168889,56100.0
,常驻,20,True,KR.005930,005930,2025-05-30,-0.167407,56200.0
,常驻,20,True,KR.005930,005930,2025-06-02,-0.158519,56800.0
,常驻,20,True,KR.005930,005930,2025-06-04,-0.143704,57800.0
,常驻,20,True,KR.005930,005930,2025-06-05,-0.124444,59100.0
,常驻,20,True,KR.005930,005930,2025-06-09,-0.114074,59800.0
,常驻,20,True,KR.005930,005930,2025-06-10,-0.122963,59200.0
,常驻,20,True,KR.005930,005930,2025-06-11,-0.112593,59900.0
,常驻,20,True,KR.005930,005930,2025-06-12,-0.118519,59500.0
,常驻,20,True,KR.005930,005930,2025-06-13,-0.136296,58300.0
,常驻,20,True,KR.005930,005930,2025-06-16,-0.152593,57200.0
,常驻,20,True,KR.005930,005930,2025-06-17,-0.139259,58100.0
,常驻,20,True,KR.005930,005930,2025-06-18,-0.114074,59800.0
,常驻,20,True,KR.005930,005930,2025-06-19,-0.122963,59200.0
,常驻,20,True,KR.005930,005930,2025-06-20,-0.118519,59500.0
,常驻,20,True,KR.005930,005930,2025-06-23,-0.140741,58000.0
,常驻,20,True,KR.005930,005930,2025-06-24,-0.103704,60500.0
,常驻,20,True,KR.005930,005930,2025-06-25,-0.091852,61300.0
,常驻,20,True,KR.005930,005930,2025-06-26,-0.108148,60200.0
,常驻,20,True,KR.005930,005930,2025-06-27,-0.099259,60800.0
,常驻,20,True,KR.005930,005930,2025-06-30,-0.114074,59800.0
,常驻,20,True,KR.005930,005930,2025-07-01,-0.108148,60200.0
,常驻,20,True,KR.005930,005930,2025-07-02,-0.099259,60800.0
,常驻,20,True,KR.005930,005930,2025-07-03,-0.054815,63800.0
,常驻,20,True,KR.005930,005930,2025-07-04,-0.062222,63300.0
,常驻,20,True,KR.005930,005930,2025-07-07,-0.085926,61700.0
,常驻,20,True,KR.005930,005930,2025-07-08,-0.09037,61400.0
,常驻,20,True,KR.005930,005930,2025-07-09,-0.105185,60400.0
,常驻,20,True,KR.005930,005930,2025-07-10,-0.096296,61000.0
,常驻,20,True,KR.005930,005930,2025-07-11,-0.072593,62600.0
,常驻,20,True,KR.005930,005930,2025-07-14,-0.074074,62500.0
,常驻,20,True,KR.005930,005930,2025-07-15,-0.056296,63700.0
,常驻,20,True,KR.005930,005930,2025-07-16,-0.041481,64700.0
,常驻,20,True,KR.005930,005930,2025-07-17,-0.011852,66700.0
,常驻,20,True,KR.005930,005930,2025-07-18,-0.005926,67100.0
,常驻,20,True,KR.005930,005930,2025-07-21,0.0,67800.0
,常驻,20,True,KR.005930,005930,2025-07-22,-0.026549,66000.0
,常驻,20,True,KR.005930,005930,2025-07-23,-0.020649,66400.0
,常驻,20,True,KR.005930,005930,2025-07-24,-0.026549,66000.0
,常驻,20,True,KR.005930,005930,2025-07-25,-0.028024,65900.0
,常驻,20,True,KR.005930,005930,2025-07-28,0.0,70400.0
,常驻,20,True,KR.005930,005930,2025-07-29,0.0,70600.0
,常驻,20,True,KR.005930,005930,2025-07-30,0.0,72600.0
,常驻,20,True,KR.005930,005930,2025-07-31,-0.016529,71400.0
,常驻,20,True,KR.005930,005930,2025-08-01,-0.050964,68900.0
,常驻,20,True,KR.005930,005930,2025-08-04,-0.039945,69700.0
,常驻,20,True,KR.005930,005930,2025-08-05,-0.03719,69900.0
,常驻,20,True,KR.005930,005930,2025-08-06,-0.052342,68800.0
,常驻,20,True,KR.005930,005930,2025-08-07,-0.028926,70500.0
,常驻,20,True,KR.005930,005930,2025-08-08,-0.011019,71800.0
,常驻,20,True,KR.005930,005930,2025-08-11,-0.022039,71000.0
,常驻,20,True,KR.005930,005930,2025-08-12,-0.020661,71100.0
,常驻,20,True,KR.005930,005930,2025-08-13,-0.009642,71900.0
,常驻,20,True,KR.005930,005930,2025-08-14,-0.013774,71600.0
,常驻,20,True,KR.005930,005930,2025-08-18,-0.035813,70000.0
,常驻,20,True,KR.005930,005930,2025-08-19,-0.035813,70000.0
,常驻,20,True,KR.005930,005930,2025-08-20,-0.028926,70500.0
,常驻,20,True,KR.005930,005930,2025-08-21,-0.027548,70600.0
,常驻,20,True,KR.005930,005930,2025-08-22,-0.016529,71400.0
,常驻,20,True,KR.005930,005930,2025-08-25,-0.015152,71500.0
,常驻,20,True,KR.005930,005930,2025-08-26,-0.03168,70300.0
,常驻,20,True,KR.005930,005930,2025-08-27,-0.027548,70600.0
,常驻,20,True,KR.005930,005930,2025-08-28,-0.041322,69600.0
,常驻,20,True,KR.005930,005930,2025-08-29,-0.039945,69700.0
,常驻,20,True,KR.005930,005930,2025-09-01,-0.068871,67600.0
,常驻,20,True,KR.005930,005930,2025-09-02,-0.048209,69100.0
,常驻,20,True,KR.005930,005930,2025-09-03,-0.038567,69800.0
,常驻,20,True,KR.005930,005930,2025-09-04,-0.034435,70100.0
,常驻,20,True,KR.005930,005930,2025-09-05,-0.0427,69500.0
,常驻,20,True,KR.005930,005930,2025-09-08,-0.034435,70100.0
,常驻,20,True,KR.005930,005930,2025-09-09,-0.015152,71500.0
,常驻,20,True,KR.005930,005930,2025-09-10,0.0,72600.0
,常驻,20,True,KR.005930,005930,2025-09-11,0.0,73400.0
,常驻,20,True,KR.005930,005930,2025-09-12,0.0,75400.0
,常驻,20,True,KR.005930,005930,2025-09-15,0.0,76500.0
,常驻,20,True,KR.005930,005930,2025-09-16,0.0,79400.0
,常驻,20,True,KR.005930,005930,2025-09-17,-0.015113,78200.0
,常驻,20,True,KR.005930,005930,2025-09-18,0.0,80300.0
,常驻,20,True,KR.005930,005930,2025-09-19,-0.007472,79700.0
,常驻,20,True,KR.005930,005930,2025-09-22,0.0,83500.0
,常驻,20,True,KR.005930,005930,2025-09-23,0.0,84700.0
,常驻,20,True,KR.005930,005930,2025-09-24,0.0,85400.0
,常驻,20,True,KR.005930,005930,2025-09-25,0.0,86100.0
,常驻,20,True,KR.005930,005930,2025-09-26,-0.03252,83300.0
,常驻,20,True,KR.005930,005930,2025-09-29,-0.022067,84200.0
,常驻,20,True,KR.005930,005930,2025-09-30,-0.025552,83900.0
,常驻,20,True,KR.005930,005930,2025-10-01,-0.001161,86000.0
,常驻,20,True,KR.005930,005930,2025-10-02,0.0,89750.0
,常驻,20,True,KR.005930,005930,2025-10-10,0.0,94400.0
,常驻,20,True,KR.005930,005930,2025-10-13,-0.011653,93300.0
,常驻,20,True,KR.005930,005930,2025-10-14,-0.029661,91600.0
,常驻,20,True,KR.005930,005930,2025-10-15,0.0,95000.0
,常驻,20,True,KR.005930,005930,2025-10-16,0.0,97700.0
,常驻,20,True,KR.005930,005930,2025-10-17,0.0,97900.0
,常驻,20,True,KR.005930,005930,2025-10-20,0.0,98100.0
,常驻,20,True,KR.005930,005930,2025-10-21,-0.006116,97500.0
,常驻,20,True,KR.005930,005930,2025-10-22,0.0,98600.0
,常驻,20,True,KR.005930,005930,2025-10-23,-0.021298,96500.0
,常驻,20,True,KR.005930,005930,2025-10-24,0.0,98800.0
,常驻,20,True,KR.005930,005930,2025-10-27,0.0,102000.0
,常驻,20,True,KR.005930,005930,2025-10-28,-0.02451,99500.0
,常驻,20,True,KR.005930,005930,2025-10-29,-0.014706,100500.0
,常驻,20,True,KR.005930,005930,2025-10-30,0.0,104100.0
,常驻,20,True,KR.005930,005930,2025-10-31,0.0,107500.0
,常驻,20,True,KR.005930,005930,2025-11-03,0.0,111100.0
,常驻,20,True,KR.005930,005930,2025-11-04,-0.055806,104900.0
,常驻,20,True,KR.005930,005930,2025-11-05,-0.094509,100600.0
,常驻,20,True,KR.005930,005930,2025-11-06,-0.107111,99200.0
,常驻,20,True,KR.005930,005930,2025-11-07,-0.118812,97900.0
,常驻,20,True,KR.005930,005930,2025-11-10,-0.094509,100600.0
,常驻,20,True,KR.005930,005930,2025-11-11,-0.068407,103500.0
,常驻,20,True,KR.005930,005930,2025-11-12,-0.072007,103100.0
,常驻,20,True,KR.005930,005930,2025-11-13,-0.074707,102800.0
,常驻,20,True,KR.005930,005930,2025-11-14,-0.125113,97200.0
,常驻,20,True,KR.005930,005930,2025-11-17,-0.094509,100600.0
,常驻,20,True,KR.005930,005930,2025-11-18,-0.119712,97800.0
,常驻,20,True,KR.005930,005930,2025-11-19,-0.131413,96500.0
,常驻,20,True,KR.005930,005930,2025-11-20,-0.094509,100600.0
,常驻,20,True,KR.005930,005930,2025-11-21,-0.146715,94800.0
,常驻,20,True,KR.005930,005930,2025-11-24,-0.129613,96700.0
,常驻,20,True,KR.005930,005930,2025-11-25,-0.106211,99300.0
,常驻,20,True,KR.005930,005930,2025-11-26,-0.074707,102800.0
,常驻,20,True,KR.005930,005930,2025-11-27,-0.068407,103500.0
,常驻,20,True,KR.005930,005930,2025-11-28,-0.09541,100500.0
,常驻,20,True,KR.005930,005930,2025-12-01,-0.092709,100800.0
,常驻,20,True,KR.005930,005930,2025-12-02,-0.069307,103400.0
,常驻,20,True,KR.005930,005930,2025-12-03,-0.059406,104500.0
,常驻,20,True,KR.005930,005930,2025-12-04,-0.054005,105100.0
,常驻,20,True,KR.005930,005930,2025-12-05,-0.024302,108400.0
,常驻,20,True,KR.005930,005930,2025-12-08,-0.014401,109500.0
,常驻,20,True,KR.005930,005930,2025-12-09,-0.024302,108400.0
,常驻,20,True,KR.005930,005930,2025-12-10,-0.027903,108000.0
,常驻,20,True,KR.005930,005930,2025-12-11,-0.034203,107300.0
,常驻,20,True,KR.005930,005930,2025-12-12,-0.019802,108900.0
,常驻,20,True,KR.005930,005930,2025-12-15,-0.056706,104800.0
,常驻,20,True,KR.005930,005930,2025-12-16,-0.074707,102800.0
,常驻,20,True,KR.005930,005930,2025-12-17,-0.028803,107900.0
,常驻,20,True,KR.005930,005930,2025-12-18,-0.031503,107600.0
,常驻,20,True,KR.005930,005930,2025-12-19,-0.043204,106300.0
,常驻,20,True,KR.005930,005930,2025-12-22,-0.005401,110500.0
,常驻,20,True,KR.005930,005930,2025-12-23,0.0,111500.0
,常驻,20,True,KR.005930,005930,2025-12-24,-0.003587,111100.0
,常驻,20,True,KR.005930,005930,2025-12-26,0.0,117000.0
,常驻,20,True,KR.005930,005930,2025-12-29,0.0,119500.0
,常驻,20,True,KR.005930,005930,2025-12-30,0.0,119900.0
,常驻,20,True,KR.005930,005930,2026-01-02,0.0,128500.0
,常驻,20,True,KR.005930,005930,2026-01-05,0.0,138100.0
,常驻,20,True,KR.005930,005930,2026-01-06,0.0,138900.0
,常驻,20,True,KR.005930,005930,2026-01-07,0.0,141000.0
,常驻,20,True,KR.005930,005930,2026-01-08,-0.015603,138800.0
,常驻,20,True,KR.005930,005930,2026-01-09,-0.014184,139000.0
,常驻,20,True,KR.005930,005930,2026-01-12,-0.015603,138800.0
,常驻,20,True,KR.005930,005930,2026-01-13,-0.024113,137600.0
,常驻,20,True,KR.005930,005930,2026-01-14,-0.004965,140300.0
,常驻,20,True,KR.005930,005930,2026-01-15,0.0,143900.0
,常驻,20,True,KR.005930,005930,2026-01-16,0.0,148900.0
,常驻,20,True,KR.005930,005930,2026-01-19,0.0,149300.0
,常驻,20,True,KR.005930,005930,2026-01-20,-0.027461,145200.0
,常驻,20,True,KR.005930,005930,2026-01-21,0.0,149500.0
,常驻,20,True,KR.005930,005930,2026-01-22,0.0,152300.0
,常驻,20,True,KR.005930,005930,2026-01-23,-0.001313,152100.0
,常驻,20,True,KR.005930,005930,2026-01-26,-0.001313,152100.0
,常驻,20,True,KR.005930,005930,2026-01-27,0.0,159500.0
,常驻,20,True,KR.005930,005930,2026-01-28,0.0,162400.0
,常驻,20,True,KR.005930,005930,2026-01-29,-0.010468,160700.0
,常驻,20,True,KR.005930,005930,2026-01-30,-0.0117,160500.0
,常驻,20,True,KR.005930,005930,2026-02-02,-0.073892,150400.0
,常驻,20,True,KR.005930,005930,2026-02-03,0.0,167500.0
,常驻,20,True,KR.005930,005930,2026-02-04,0.0,169100.0
,常驻,20,True,KR.005930,005930,2026-02-05,-0.057954,159300.0
,常驻,20,True,KR.005930,005930,2026-02-06,-0.062093,158600.0
,常驻,20,True,KR.005930,005930,2026-02-09,-0.015967,166400.0
,常驻,20,True,KR.005930,005930,2026-02-10,-0.019515,165800.0
,常驻,20,True,KR.005930,005930,2026-02-11,-0.007688,167800.0
,常驻,20,True,KR.005930,005930,2026-02-12,0.0,178600.0
,常驻,20,True,KR.005930,005930,2026-02-13,0.0,181200.0
,常驻,20,True,KR.005930,005930,2026-02-19,0.0,190000.0
,常驻,20,True,KR.005930,005930,2026-02-20,0.0,190100.0
,常驻,20,True,KR.005930,005930,2026-02-23,0.0,193000.0
,常驻,20,True,KR.005930,005930,2026-02-24,0.0,200000.0
,常驻,20,True,KR.005930,005930,2026-02-25,0.0,203500.0
,常驻,20,True,KR.005930,005930,2026-02-26,0.0,218000.0
,常驻,20,True,KR.005930,005930,2026-02-27,-0.006881,216500.0
,常驻,20,True,KR.005930,005930,2026-03-03,-0.105046,195100.0
,常驻,20,True,KR.005930,005930,2026-03-04,-0.210092,172200.0
,常驻,20,True,KR.005930,005930,2026-03-05,-0.121101,191600.0
,常驻,20,True,KR.005930,005930,2026-03-06,-0.136697,188200.0
,常驻,20,True,KR.005930,005930,2026-03-09,-0.204128,173500.0
,常驻,20,True,KR.005930,005930,2026-03-10,-0.138073,187900.0
,常驻,20,True,KR.005930,005930,2026-03-11,-0.12844,190000.0
,常驻,20,True,KR.005930,005930,2026-03-12,-0.138073,187900.0
,常驻,20,True,KR.005930,005930,2026-03-13,-0.158257,183500.0
,常驻,20,True,KR.005930,005930,2026-03-16,-0.134404,188700.0
,常驻,20,True,KR.005930,005930,2026-03-17,-0.11055,193900.0
,常驻,20,True,KR.005930,005930,2026-03-18,-0.043578,208500.0
,常驻,20,True,KR.005930,005930,2026-03-19,-0.080275,200500.0
,常驻,20,True,KR.005930,005930,2026-03-20,-0.085321,199400.0
,常驻,20,True,KR.005930,005930,2026-03-23,-0.145413,186300.0
,常驻,20,True,KR.005930,005930,2026-03-24,-0.129817,189700.0
,常驻,20,True,KR.005930,005930,2026-03-25,-0.133028,189000.0
,常驻,20,True,KR.005930,005930,2026-03-26,-0.173853,180100.0
,常驻,20,True,KR.005930,005930,2026-03-27,-0.173853,180100.0
,常驻,20,True,KR.005930,005930,2026-03-30,-0.191284,176300.0
,常驻,20,True,KR.005930,005930,2026-03-31,-0.233028,167200.0
,常驻,20,True,KR.005930,005930,2026-04-01,-0.130046,189650.0
,常驻,20,True,KR.005930,005930,2026-04-02,-0.181651,178400.0
,常驻,20,True,KR.005930,005930,2026-04-03,-0.145872,186200.0
,常驻,20,True,KR.005930,005930,2026-04-06,-0.11422,193100.0
,常驻,20,True,KR.005930,005930,2026-04-07,-0.098624,196500.0
,常驻,20,True,KR.005930,005930,2026-04-08,-0.034404,210500.0
,常驻,20,True,KR.005930,005930,2026-04-09,-0.06422,204000.0
,常驻,20,True,KR.005930,005930,2026-04-10,-0.055046,206000.0
,常驻,20,True,KR.005930,005930,2026-04-13,-0.077982,201000.0
,常驻,20,True,KR.005930,005930,2026-04-14,-0.052752,206500.0
,常驻,20,True,KR.005930,005930,2026-04-15,-0.03211,211000.0
,常驻,20,True,KR.005930,005930,2026-04-16,-0.002294,217500.0
,常驻,20,True,KR.005930,005930,2026-04-17,-0.009174,216000.0
,常驻,20,True,KR.005930,005930,2026-04-20,-0.016055,214500.0
,常驻,20,True,KR.005930,005930,2026-04-21,0.0,219000.0
,常驻,20,True,KR.005930,005930,2026-04-22,-0.006849,217500.0
,常驻,20,True,KR.005930,005930,2026-04-23,0.0,224500.0
,常驻,20,True,KR.005930,005930,2026-04-24,-0.022272,219500.0
,常驻,20,True,KR.005930,005930,2026-04-27,0.0,224500.0
,常驻,20,True,KR.005930,005930,2026-04-28,-0.011136,222000.0
,常驻,20,True,KR.005930,005930,2026-04-29,0.0,226000.0
,常驻,20,True,KR.005930,005930,2026-04-30,-0.024336,220500.0
,常驻,20,True,KR.005930,005930,2026-05-04,0.0,232500.0
,常驻,20,True,KR.005930,005930,2026-05-06,0.0,266000.0
,常驻,20,True,KR.005930,005930,2026-05-07,0.0,271500.0
,常驻,20,True,KR.005930,005930,2026-05-08,-0.01105,268500.0
,常驻,20,True,KR.005930,005930,2026-05-11,0.0,285500.0
,常驻,20,True,KR.005930,005930,2026-05-12,-0.022767,279000.0
,常驻,20,True,KR.005930,005930,2026-05-13,-0.005254,284000.0
,常驻,20,True,KR.005930,005930,2026-05-14,0.0,296000.0
,常驻,20,True,KR.005930,005930,2026-05-15,-0.086149,270500.0
,常驻,20,True,KR.005930,005930,2026-05-18,-0.050676,281000.0
,常驻,20,True,KR.005930,005930,2026-05-19,-0.069257,275500.0
,常驻,20,True,KR.005930,005930,2026-05-20,-0.067568,276000.0
,常驻,20,True,KR.005930,005930,2026-05-21,0.0,299500.0
,常驻,20,True,KR.005930,005930,2026-05-22,-0.023372,292500.0
,常驻,20,True,KR.005930,005930,2026-05-26,-0.001669,299000.0
,常驻,20,True,KR.005930,005930,2026-05-27,0.0,307000.0
,常驻,20,True,KR.005930,005930,2026-05-28,-0.02443,299500.0
,常驻,20,True,KR.005930,005930,2026-05-29,0.0,317000.0
,常驻,20,True,KR.005930,005930,2026-06-01,0.0,349000.0
,常驻,20,True,KR.005930,005930,2026-06-02,0.0,360500.0
,常驻,20,True,KR.005930,005930,2026-06-04,-0.024965,351500.0
,常驻,20,True,KR.005930,005930,2026-06-05,-0.087379,329000.0
,常驻,20,True,KR.005930,005930,2026-06-08,-0.180305,295500.0
,常驻,20,True,KR.005930,005930,2026-06-09,-0.106796,322000.0
,常驻,20,True,KR.005930,005930,2026-06-10,-0.160888,302500.0
,常驻,20,True,KR.005930,005930,2026-06-11,-0.170596,299000.0
,常驻,20,True,KR.005930,005930,2026-06-12,-0.105409,322500.0
,常驻,20,True,KR.005930,005930,2026-06-15,-0.065187,337000.0
,常驻,20,True,KR.005930,005930,2026-06-16,-0.048544,343000.0
,常驻,20,True,KR.005930,005930,2026-06-17,-0.038835,346500.0
,常驻,20,True,KR.005930,005930,2026-06-18,0.0,362500.0
,常驻,20,True,KR.005930,005930,2026-06-19,-0.023448,354000.0
,常驻,20,True,KR.005930,005930,2026-06-22,-0.024828,353500.0
,常驻,20,True,KR.005930,005930,2026-06-23,-0.144828,310000.0
,常驻,20,True,KR.005930,005930,2026-06-24,-0.06069,340500.0
,常驻,20,True,KR.005930,005930,2026-06-25,-0.011034,358500.0
,常驻,20,True,KR.005930,005930,2026-06-26,-0.063448,339500.0
,常驻,20,True,KR.005930,005930,2026-06-29,-0.108966,323000.0
,常驻,20,True,KR.005930,005930,2026-06-30,-0.078621,334000.0
,常驻,20,True,KR.005930,005930,2026-07-01,-0.132414,314500.0
,常驻,20,True,KR.005930,005930,2026-07-02,-0.211034,286000.0
,常驻,20,True,KR.005930,005930,2026-07-03,-0.146207,309500.0
,常驻,20,True,KR.005930,005930,2026-07-06,-0.122759,318000.0
,常驻,20,True,KR.005930,005930,2026-07-07,-0.183448,296000.0
,常驻,20,True,KR.005930,005930,2026-07-08,-0.234483,277500.0
,常驻,20,True,KR.005930,005930,2026-07-09,-0.233103,278000.0
,常驻,20,True,KR.005930,005930,2026-07-10,-0.213793,285000.0
,常驻,20,True,KR.005930,005930,2026-07-13,-0.297931,254500.0
,常驻,20,True,KR.005930,005930,2026-07-14,-0.274483,263000.0
,常驻,20,True,KR.005930,005930,2026-07-15,-0.228966,279500.0
,常驻,20,True,KR.005930,005930,2026-07-16,-0.296552,255000.0
,常驻,20,True,KR.005930,005930,2026-07-20,-0.326897,244000.0
,常驻,20,True,KR.005930,005930,2026-07-21,-0.285517,259000.0
,常驻,20,True,KR.005930,005930,2026-07-22,-0.281379,260500.0
,常驻,20,True,KR.005930,005930,2026-07-23,-0.255172,270000.0
,常驻,20,True,KR.005930,005930,2026-07-24,-0.311724,249500.0
,常驻,20,True,KR.005930,005930,2026-07-27,-0.29931,254000.0
,常驻,20,True,KR.005930,005930,2026-07-28,-0.393103,220000.0
,常驻,20,True,KR.005930,005930,2026-07-29,-0.424828,208500.0
,常驻,20,True,KR.005930,005930,2026-07-30,-0.428966,207000.0
,常驻,20,True,KR.005930,005930,2026-07-31,-0.275862,262500.0
,常驻,20,True,KR.005930,005930,2026-08-03,-0.33931,239500.0
,常驻,20,True,KR.005930,005930,2026-08-04,-0.337931,240000.0
,常驻,20,True,KR.005930,005930,2026-08-05,-0.321379,246000.0
,常驻,20,True,KR.005930,005930,2026-08-06,-0.364138,230500.0
,常驻,20,True,KR.005930,005930,2026-08-07,-0.362759,231000.0
,常驻,20,True,KR.005930,005930,2026-08-10,-0.365517,230000.0
,常驻,20,True,KR.005930,005930,2026-08-11,-0.33931,239500.0
,常驻,20,True,KR.005930,005930,2026-08-12,-0.295172,255500.0
,常驻,20,True,KR.005930,005930,2026-08-13,-0.26069,268000.0
,常驻,20,True,KR.005930,005930,2026-08-14,-0.242759,274500.0
,常驻,20,True,KR.005930,005930,2026-08-18,-0.25931,268500.0
,常驻,20,True,KR.005930,005930,2026-08-19,-0.317241,247500.0
,常驻,20,True,KR.005930,005930,2026-08-20,-0.252414,271000.0
,常驻,20,True,KR.005930,005930,2026-08-21,-0.223448,281500.0
,常驻,20,True,KR.005930,005930,2026-08-24,-0.291034,257000.0
,常驻,20,True,KR.005930,005930,2026-08-25,-0.291034,257000.0
,常驻,20,True,KR.005930,005930,2026-08-26,-0.278621,261500.0
,常驻,20,True,KR.005930,005930,2026-08-27,-0.266207,266000.0
,常驻,20,True,KR.005930,005930,2026-08-28,-0.291034,257000.0
,常驻,20,True,KR.005930,005930,2026-08-31,-0.282759,260000.0
,常驻,20,True,KR.005930,005930,2026-09-01,-0.28,261000.0
,常驻,20,True,KR.005930,005930,2026-09-02,-0.308966,250500.0
,常驻,20,True,KR.005930,005930,2026-09-03,-0.310345,250000.0
,常驻,20,True,KR.005930,005930,2026-09-04,-0.295172,255500.0
,常驻,20,True,KR.005930,005930,2026-09-07,-0.255172,270000.0
,常驻,20,True,KR.005930,005930,2026-09-08,-0.256552,269500.0
