metric,value
CAGR,1.4606747158294273
Annualized Return,0.9582271925562028
Annualized Volatility,0.33350138677681274
Sharpe Ratio,2.873233007566088
Sortino Ratio,3.0195081172645715
Max Drawdown,-0.17066277869025503
Calmar Ratio,8.558835892860293
Win Rate,0.65625
Monthly Win Rate,0.8
Turnover (Annualized),22.53026992840804
Average Holding Count,10.0
Average Daily Turnover,0.08940583304923826
Beta vs SPY,0.7342587792330476
Alpha vs SPY,0.7852319374735475
Information Ratio vs SPY,2.25870180344815
