metric,value
CAGR,4.050977351397861
Annualized Return,1.7274349649805816
Annualized Volatility,0.45068229602853066
Sharpe Ratio,3.8329328225292114
Sortino Ratio,4.2024010711433535
Max Drawdown,-0.14727205231059215
Calmar Ratio,27.506762402240962
Win Rate,0.63
Monthly Win Rate,1.0
Turnover (Annualized),81.10565305128483
Average Holding Count,4.95
Average Daily Turnover,0.3218478295685906
Beta vs SPY,0.3612805219103461
Alpha vs SPY,1.634449036060433
Information Ratio vs SPY,3.2218804412112965
