metric,value
Total Return,5.341940431914082
CAGR,0.44776979046881693
Sharpe Ratio,1.4975965311024346
Sortino Ratio,2.100726795724717
Max Drawdown,-0.24541601088327314
Turnover (Annualized),27.953047999690128
