metric,value
CAGR,3.2407331352993385
Annualized Return,1.5338257760665963
Annualized Volatility,0.415443789312889
Sharpe Ratio,3.692017585828933
Sortino Ratio,5.309526050660581
Max Drawdown,-0.14191056161777682
Calmar Ratio,22.836447818647624
Win Rate,0.6
Monthly Win Rate,1.0
Turnover (Annualized),95.96152875161783
Average Holding Count,10.0
Average Daily Turnover,0.38079971726832473
Beta vs SPY,0.7032693961015617
Alpha vs SPY,1.4442577137603227
Information Ratio vs SPY,3.475765292308279
