metric,value
CAGR,4.673486391989112
Annualized Return,1.8474565445590134
Annualized Volatility,0.4627733341381469
Sharpe Ratio,3.992141310388276
Sortino Ratio,6.177719556402932
Max Drawdown,-0.14191056161777682
Calmar Ratio,32.93261853600948
Win Rate,0.61
Monthly Win Rate,1.0
Turnover (Annualized),92.73892261904142
Average Holding Count,10.0
Average Daily Turnover,0.3680115976946088
Beta vs SPY,1.1020630879189741
Alpha vs SPY,1.5634703180502822
Information Ratio vs SPY,3.6338852277020015
