metric,value
CAGR,1.3735270289878043
Annualized Return,1.0240750971087162
Annualized Volatility,0.5626575811745955
Sharpe Ratio,1.8200680687015225
Sortino Ratio,2.484528963178297
Max Drawdown,-0.26185250068998545
Calmar Ratio,5.245422615283562
Win Rate,0.625
Monthly Win Rate,0.8
Turnover (Annualized),21.027081079695805
Average Holding Count,8.0
Average Daily Turnover,0.0834407979353008
Beta vs SPY,2.075924930542737
Alpha vs SPY,0.5201481503659584
Information Ratio vs SPY,1.5541097777551
