metric,value
CAGR,1.392157208200329
Annualized Return,0.981281174990903
Annualized Volatility,0.46645201988814927
Sharpe Ratio,2.1037129933025156
Sortino Ratio,3.3434246840030424
Max Drawdown,-0.17656580129695154
Calmar Ratio,7.8846367641657515
Win Rate,0.56
Monthly Win Rate,0.75
Turnover (Annualized),51.36057913286658
Average Holding Count,10.0
Average Daily Turnover,0.20381182195581976
Beta vs SPY,0.915091499742571
Alpha vs SPY,0.9190174962241288
Information Ratio vs SPY,2.157304023985893
