metric,value
CAGR,1.479714612185643
Annualized Return,1.0162456193521818
Annualized Volatility,0.4640941778572377
Sharpe Ratio,2.1897400739743693
Sortino Ratio,3.5448601262196977
Max Drawdown,-0.176584842641205
Calmar Ratio,8.379624151503254
Win Rate,0.5625
Monthly Win Rate,0.8
Turnover (Annualized),52.10583607398169
Average Holding Count,10.0
Average Daily Turnover,0.20676919076976863
Beta vs SPY,0.9584322184480771
Alpha vs SPY,0.9404021145356082
Information Ratio vs SPY,2.2487641763384145
